date,close,open,pct_change
2010-01-01,20061.73,20000.0,0.00309
2010-01-04,20219.41,20061.73,0.00786
2010-01-05,20097.27,20219.41,-0.00604
2010-01-06,19904.43,20097.27,-0.0096
2010-01-07,19476.28,19904.43,-0.02151
2010-01-08,19692.23,19476.28,0.01109
2010-01-11,19703.72,19692.23,0.00058
2010-01-12,19756.19,19703.72,0.00266
2010-01-13,19593.8,19756.19,-0.00822
2010-01-14,19865.99,19593.8,0.01389
2010-01-15,20080.05,19865.99,0.01078
2010-01-18,20061.17,20080.05,-0.00094
2010-01-19,19946.53,20061.17,-0.00571
2010-01-20,19876.25,19946.53,-0.00352
2010-01-21,19709.59,19876.25,-0.00838
2010-01-22,19723.23,19709.59,0.00069
2010-01-25,19597.44,19723.23,-0.00638
2010-01-26,19731.51,19597.44,0.00684
2010-01-27,19661.38,19731.51,-0.00355
2010-01-28,19592.69,19661.38,-0.00349
2010-01-29,19931.84,19592.69,0.01731
2010-02-01,19780.69,19931.84,-0.00758
2010-02-02,19447.45,19780.69,-0.01685
2010-02-03,18887.81,19447.45,-0.02878
2010-02-04,18463.66,18887.81,-0.02246
2010-02-05,18524.74,18463.66,0.00331
2010-02-08,18732.19,18524.74,0.0112
2010-02-09,18754.13,18732.19,0.00117
2010-02-10,18763.55,18754.13,0.0005
2010-02-11,18347.81,18763.55,-0.02216
2010-02-12,18467.23,18347.81,0.00651
2010-02-15,18555.11,18467.23,0.00476
2010-02-16,18323.32,18555.11,-0.01249
2010-02-17,18716.27,18323.32,0.02145
2010-02-18,18471.75,18716.27,-0.01306
2010-02-19,18137.93,18471.75,-0.01807
2010-02-22,17783.85,18137.93,-0.01952
2010-02-23,17796.04,17783.85,0.00069
2010-02-24,17869.3,17796.04,0.00412
2010-02-25,17963.13,17869.3,0.00525
2010-02-26,17903.65,17963.13,-0.00331
2010-03-01,17750.76,17903.65,-0.00854
2010-03-02,17922.42,17750.76,0.00967
2010-03-03,17752.63,17922.42,-0.00947
2010-03-04,17523.48,17752.63,-0.01291
2010-03-05,17800.6,17523.48,0.01581
2010-03-08,17842.49,17800.6,0.00235
2010-03-09,17942.13,17842.49,0.00558
2010-03-10,18072.82,17942.13,0.00728
2010-03-11,17966.38,18072.82,-0.00589
2010-03-12,17868.26,17966.38,-0.00546
2010-03-15,18001.31,17868.26,0.00745
2010-03-16,17886.31,18001.31,-0.00639
2010-03-17,17959.57,17886.31,0.0041
2010-03-18,17949.08,17959.57,-0.00058
2010-03-19,17720.47,17949.08,-0.01274
2010-03-22,17915.93,17720.47,0.01103
2010-03-23,17668.99,17915.93,-0.01378
2010-03-24,17721.34,17668.99,0.00296
2010-03-25,17741.49,17721.34,0.00114
2010-03-26,17995.77,17741.49,0.01433
2010-03-29,17781.33,17995.77,-0.01192
2010-03-30,17682.2,17781.33,-0.00557
2010-03-31,17669.76,17682.2,-0.0007
2010-04-01,17711.98,17669.76,0.00239
2010-04-02,17888.27,17711.98,0.00995
2010-04-05,17310.59,17888.27,-0.03229
2010-04-06,17322.25,17310.59,0.00067
2010-04-07,17525.12,17322.25,0.01171
2010-04-08,17936.2,17525.12,0.02346
2010-04-09,17675.94,17936.2,-0.01451
2010-04-12,17681.89,17675.94,0.00034
2010-04-13,17836.71,17681.89,0.00876
2010-04-14,17860.67,17836.71,0.00134
2010-04-15,18194.38,17860.67,0.01868
2010-04-16,18134.78,18194.38,-0.00328
2010-04-19,17939.76,18134.78,-0.01075
2010-04-20,18118.72,17939.76,0.00998
2010-04-21,17573.31,18118.72,-0.0301
2010-04-22,17488.37,17573.31,-0.00483
2010-04-23,17615.07,17488.37,0.00724
2010-04-26,17627.2,17615.07,0.00069
2010-04-27,17703.62,17627.2,0.00434
2010-04-28,17525.39,17703.62,-0.01007
2010-04-29,17527.93,17525.39,0.00014
2010-04-30,17507.53,17527.93,-0.00116
2010-05-03,17872.41,17507.53,0.02084
2010-05-04,17680.98,17872.41,-0.01071
2010-05-05,17150.92,17680.98,-0.02998
2010-05-06,17234.5,17150.92,0.00487
2010-05-07,17535.24,17234.5,0.01745
2010-05-10,17409.42,17535.24,-0.00718
2010-05-11,17067.17,17409.42,-0.01966
2010-05-12,16872.59,17067.17,-0.0114
2010-05-13,16959.81,16872.59,0.00517
2010-05-14,16861.7,16959.81,-0.00578
2010-05-17,16876.3,16861.7,0.00087
2010-05-18,16445.4,16876.3,-0.02553
2010-05-19,16357.85,16445.4,-0.00532
2010-05-20,16506.23,16357.85,0.00907
2010-05-21,16464.78,16506.23,-0.00251
2010-05-24,16285.9,16464.78,-0.01086
2010-05-25,16283.48,16285.9,-0.00015
2010-05-26,16466.78,16283.48,0.01126
2010-05-27,16389.06,16466.78,-0.00472
2010-05-28,16261.88,16389.06,-0.00776
2010-05-31,16497.01,16261.88,0.01446
2010-06-01,16403.81,16497.01,-0.00565
2010-06-02,16380.89,16403.81,-0.0014
2010-06-03,16711.96,16380.89,0.02021
2010-06-04,16753.0,16711.96,0.00246
2010-06-07,16668.4,16753.0,-0.00505
2010-06-08,16312.69,16668.4,-0.02134
2010-06-09,16325.57,16312.69,0.00079
2010-06-10,16316.55,16325.57,-0.00055
2010-06-11,16211.11,16316.55,-0.00646
2010-06-14,16382.64,16211.11,0.01058
2010-06-15,16156.46,16382.64,-0.01381
2010-06-16,15881.62,16156.46,-0.01701
2010-06-17,15750.28,15881.62,-0.00827
2010-06-18,15747.15,15750.28,-0.0002
2010-06-21,15488.44,15747.15,-0.01643
2010-06-22,15288.71,15488.44,-0.0129
2010-06-23,15147.15,15288.71,-0.00926
2010-06-24,15138.01,15147.15,-0.0006
2010-06-25,15015.82,15138.01,-0.00807
2010-06-28,15171.55,15015.82,0.01037
2010-06-29,14795.73,15171.55,-0.02477
2010-06-30,14853.83,14795.73,0.00393
2010-07-01,14748.22,14853.83,-0.00711
2010-07-02,14814.66,14748.22,0.0045
2010-07-05,15127.51,14814.66,0.02112
2010-07-06,15106.4,15127.51,-0.0014
2010-07-07,15129.58,15106.4,0.00153
2010-07-08,15259.11,15129.58,0.00856
2010-07-09,15026.73,15259.11,-0.01523
2010-07-12,15126.69,15026.73,0.00665
2010-07-13,15252.94,15126.69,0.00835
2010-07-14,15220.69,15252.94,-0.00211
2010-07-15,15320.75,15220.69,0.00657
2010-07-16,15333.1,15320.75,0.00081
2010-07-19,15195.1,15333.1,-0.009
2010-07-20,14966.19,15195.1,-0.01506
2010-07-21,15118.69,14966.19,0.01019
2010-07-22,15405.73,15118.69,0.01899
2010-07-23,15263.3,15405.73,-0.00925
2010-07-26,15316.14,15263.3,0.00346
2010-07-27,15102.71,15316.14,-0.01393
2010-07-28,15015.89,15102.71,-0.00575
2010-07-29,14925.51,15015.89,-0.00602
2010-07-30,14730.12,14925.51,-0.01309
2010-08-02,14709.94,14730.12,-0.00137
2010-08-03,14862.44,14709.94,0.01037
2010-08-04,14928.78,14862.44,0.00446
2010-08-05,14836.13,14928.78,-0.00621
2010-08-06,15060.71,14836.13,0.01514
2010-08-09,15089.46,15060.71,0.00191
2010-08-10,15381.24,15089.46,0.01934
2010-08-11,15152.96,15381.24,-0.01484
2010-08-12,15648.99,15152.96,0.03273
2010-08-13,15611.6,15648.99,-0.00239
2010-08-16,15401.65,15611.6,-0.01345
2010-08-17,15214.27,15401.65,-0.01217
2010-08-18,15363.91,15214.27,0.00984
2010-08-19,15510.43,15363.91,0.00954
2010-08-20,15642.62,15510.43,0.00852
2010-08-23,15740.97,15642.62,0.00629
2010-08-24,15539.41,15740.97,-0.0128
2010-08-25,15508.65,15539.41,-0.00198
2010-08-26,15108.04,15508.65,-0.02583
2010-08-27,14956.94,15108.04,-0.01
2010-08-30,15061.65,14956.94,0.007
2010-08-31,14745.03,15061.65,-0.02102
2010-09-01,15125.31,14745.03,0.02579
2010-09-02,15331.26,15125.31,0.01362
2010-09-03,15133.46,15331.26,-0.0129
2010-09-06,15249.88,15133.46,0.00769
2010-09-07,15339.1,15249.88,0.00585
2010-09-08,15311.82,15339.1,-0.00178
2010-09-09,15407.44,15311.82,0.00624
2010-09-10,15358.65,15407.44,-0.00317
2010-09-13,15352.05,15358.65,-0.00043
2010-09-14,15441.8,15352.05,0.00585
2010-09-15,15520.96,15441.8,0.00513
2010-09-16,15576.93,15520.96,0.00361
2010-09-17,15636.73,15576.93,0.00384
2010-09-20,15804.32,15636.73,0.01072
2010-09-21,15943.32,15804.32,0.0088
2010-09-22,15738.13,15943.32,-0.01287
2010-09-23,15610.39,15738.13,-0.00812
2010-09-24,15865.28,15610.39,0.01633
2010-09-27,16142.33,15865.28,0.01746
2010-09-28,16246.01,16142.33,0.00642
2010-09-29,16202.09,16246.01,-0.0027
2010-09-30,16353.85,16202.09,0.00937
2010-10-01,16482.27,16353.85,0.00785
2010-10-04,16315.54,16482.27,-0.01012
2010-10-05,16333.92,16315.54,0.00113
2010-10-06,16088.6,16333.92,-0.01502
2010-10-07,16013.55,16088.6,-0.00466
2010-10-08,16025.51,16013.55,0.00075
2010-10-11,16335.19,16025.51,0.01932
2010-10-12,15961.42,16335.19,-0.02288
2010-10-13,15905.23,15961.42,-0.00352
2010-10-14,16030.99,15905.23,0.00791
2010-10-15,16155.09,16030.99,0.00774
2010-10-18,16312.78,16155.09,0.00976
2010-10-19,16141.0,16312.78,-0.01053
2010-10-20,16128.4,16141.0,-0.00078
2010-10-21,16052.79,16128.4,-0.00469
2010-10-22,16290.58,16052.79,0.01481
2010-10-25,15691.25,16290.58,-0.03679
2010-10-26,15700.64,15691.25,0.0006
2010-10-27,15739.92,15700.64,0.0025
2010-10-28,15519.5,15739.92,-0.014
2010-10-29,15614.07,15519.5,0.00609
2010-11-01,15430.46,15614.07,-0.01176
2010-11-02,15467.72,15430.46,0.00241
2010-11-03,15350.47,15467.72,-0.00758
2010-11-04,15558.94,15350.47,0.01358
2010-11-05,15571.65,15558.94,0.00082
2010-11-08,15908.63,15571.65,0.02164
2010-11-09,15524.06,15908.63,-0.02417
2010-11-10,15764.61,15524.06,0.0155
2010-11-11,15920.05,15764.61,0.00986
2010-11-12,15977.65,15920.05,0.00362
2010-11-15,16371.96,15977.65,0.02468
2010-11-16,16121.33,16371.96,-0.01531
2010-11-17,16165.48,16121.33,0.00274
2010-11-18,16393.72,16165.48,0.01412
2010-11-19,16509.78,16393.72,0.00708
2010-11-22,16447.64,16509.78,-0.00376
2010-11-23,16571.45,16447.64,0.00753
2010-11-24,16502.39,16571.45,-0.00417
2010-11-25,16447.13,16502.39,-0.00335
2010-11-26,16333.94,16447.13,-0.00688
2010-11-29,16529.9,16333.94,0.012
2010-11-30,16593.26,16529.9,0.00383
2010-12-01,17059.22,16593.26,0.02808
2010-12-02,17224.97,17059.22,0.00972
2010-12-03,16950.79,17224.97,-0.01592
2010-12-06,17107.22,16950.79,0.00923
2010-12-07,16909.17,17107.22,-0.01158
2010-12-08,16864.57,16909.17,-0.00264
2010-12-09,16897.49,16864.57,0.00195
2010-12-10,16701.58,16897.49,-0.01159
2010-12-13,16615.41,16701.58,-0.00516
2010-12-14,16498.9,16615.41,-0.00701
2010-12-15,16531.07,16498.9,0.00195
2010-12-16,16524.31,16531.07,-0.00041
2010-12-17,16511.99,16524.31,-0.00075
2010-12-20,16828.52,16511.99,0.01917
2010-12-21,16935.66,16828.52,0.00637
2010-12-22,17023.1,16935.66,0.00516
2010-12-23,17235.38,17023.1,0.01247
2010-12-24,17595.34,17235.38,0.02088
2010-12-27,17873.01,17595.34,0.01578
2010-12-28,17672.73,17873.01,-0.01121
2010-12-29,17782.47,17672.73,0.00621
2010-12-30,17940.95,17782.47,0.00891
2010-12-31,18138.32,17940.95,0.011
2011-01-03,18117.42,18138.32,-0.00115
2011-01-04,18139.01,18117.42,0.00119
2011-01-05,17969.46,18139.01,-0.00935
2011-01-06,17903.79,17969.46,-0.00365
2011-01-07,17681.24,17903.79,-0.01243
2011-01-10,17936.1,17681.24,0.01441
2011-01-11,17840.78,17936.1,-0.00531
2011-01-12,17664.88,17840.78,-0.00986
2011-01-13,17729.34,17664.88,0.00365
2011-01-14,17757.25,17729.34,0.00157
2011-01-17,17630.31,17757.25,-0.00715
2011-01-18,17710.41,17630.31,0.00454
2011-01-19,17595.5,17710.41,-0.00649
2011-01-20,17701.24,17595.5,0.00601
2011-01-21,17703.06,17701.24,0.0001
2011-01-24,17752.48,17703.06,0.00279
2011-01-25,17685.17,17752.48,-0.00379
2011-01-26,17562.01,17685.17,-0.00696
2011-01-27,17618.31,17562.01,0.00321
2011-01-28,17320.86,17618.31,-0.01688
2011-01-31,17591.63,17320.86,0.01563
2011-02-01,17510.48,17591.63,-0.00461
2011-02-02,17917.49,17510.48,0.02324
2011-02-03,18057.06,17917.49,0.00779
2011-02-04,18045.81,18057.06,-0.00062
2011-02-07,17933.36,18045.81,-0.00623
2011-02-08,18042.95,17933.36,0.00611
2011-02-09,18142.02,18042.95,0.00549
2011-02-10,18235.31,18142.02,0.00514
2011-02-11,18411.02,18235.31,0.00964
2011-02-14,18442.84,18411.02,0.00173
2011-02-15,18682.51,18442.84,0.013
2011-02-16,18532.33,18682.51,-0.00804
2011-02-17,17569.17,18532.33,-0.05197
2011-02-18,17695.93,17569.17,0.00721
2011-02-21,17551.17,17695.93,-0.00818
2011-02-22,17566.57,17551.17,0.00088
2011-02-23,17870.2,17566.57,0.01728
2011-02-24,17898.13,17870.2,0.00156
2011-02-25,17812.85,17898.13,-0.00476
2011-02-28,18041.27,17812.85,0.01282
2011-03-01,17823.05,18041.27,-0.0121
2011-03-02,17765.17,17823.05,-0.00325
2011-03-03,17980.56,17765.17,0.01212
2011-03-04,17835.44,17980.56,-0.00807
2011-03-07,17893.15,17835.44,0.00324
2011-03-08,17886.56,17893.15,-0.00037
2011-03-09,18202.1,17886.56,0.01764
2011-03-10,17924.69,18202.1,-0.01524
2011-03-11,17825.1,17924.69,-0.00556
2011-03-14,17768.51,17825.1,-0.00317
2011-03-15,17848.67,17768.51,0.00451
2011-03-16,17964.18,17848.67,0.00647
2011-03-17,18055.04,17964.18,0.00506
2011-03-18,18344.11,18055.04,0.01601
2011-03-21,18487.04,18344.11,0.00779
2011-03-22,18233.95,18487.04,-0.01369
2011-03-23,17951.4,18233.95,-0.0155
2011-03-24,17852.45,17951.4,-0.00551
2011-03-25,17756.37,17852.45,-0.00538
2011-03-28,17678.16,17756.37,-0.0044
2011-03-29,17889.16,17678.16,0.01194
2011-03-30,17772.11,17889.16,-0.00654
2011-03-31,17996.04,17772.11,0.0126
2011-04-01,18230.63,17996.04,0.01304
2011-04-04,18244.17,18230.63,0.00074
2011-04-05,18146.87,18244.17,-0.00533
2011-04-06,18411.25,18146.87,0.01457
2011-04-07,18247.34,18411.25,-0.0089
2011-04-08,18350.77,18247.34,0.00567
2011-04-11,18413.13,18350.77,0.0034
2011-04-12,18683.29,18413.13,0.01467
2011-04-13,18764.52,18683.29,0.00435
2011-04-14,18776.39,18764.52,0.00063
2011-04-15,19001.83,18776.39,0.01201
2011-04-18,18929.99,19001.83,-0.00378
2011-04-19,19054.67,18929.99,0.00659
2011-04-20,19090.11,19054.67,0.00186
2011-04-21,19105.07,19090.11,0.00078
2011-04-22,18801.17,19105.07,-0.01591
2011-04-25,18807.83,18801.17,0.00035
2011-04-26,18606.22,18807.83,-0.01072
2011-04-27,18722.14,18606.22,0.00623
2011-04-28,19217.66,18722.14,0.02647
2011-04-29,19177.56,19217.66,-0.00209
2011-05-02,19378.55,19177.56,0.01048
2011-05-03,19601.32,19378.55,0.0115
2011-05-04,19360.78,19601.32,-0.01227
2011-05-05,19519.33,19360.78,0.00819
2011-05-06,19459.46,19519.33,-0.00307
2011-05-09,19373.1,19459.46,-0.00444
2011-05-10,19555.69,19373.1,0.00942
2011-05-11,19443.92,19555.69,-0.00572
2011-05-12,19342.93,19443.92,-0.00519
2011-05-13,19511.95,19342.93,0.00874
2011-05-16,19796.59,19511.95,0.01459
2011-05-17,19819.0,19796.59,0.00113
2011-05-18,19972.4,19819.0,0.00774
2011-05-19,19668.75,19972.4,-0.0152
2011-05-20,19654.65,19668.75,-0.00072
2011-05-23,19759.14,19654.65,0.00532
2011-05-24,19583.81,19759.14,-0.00887
2011-05-25,19730.49,19583.81,0.00749
2011-05-26,19799.61,19730.49,0.0035
2011-05-27,19869.8,19799.61,0.00355
2011-05-30,20136.75,19869.8,0.01343
2011-05-31,20425.12,20136.75,0.01432
2011-06-01,20160.23,20425.12,-0.01297
2011-06-02,20022.99,20160.23,-0.00681
2011-06-03,20149.57,20022.99,0.00632
2011-06-06,20090.9,20149.57,-0.00291
2011-06-07,20538.75,20090.9,0.02229
2011-06-08,20796.81,20538.75,0.01256
2011-06-09,20617.39,20796.81,-0.00863
2011-06-10,20454.18,20617.39,-0.00792
2011-06-13,20177.64,20454.18,-0.01352
2011-06-14,20268.15,20177.64,0.00449
2011-06-15,20141.31,20268.15,-0.00626
2011-06-16,19999.63,20141.31,-0.00703
2011-06-17,19729.26,19999.63,-0.01352
2011-06-20,19930.24,19729.26,0.01019
2011-06-21,19774.45,19930.24,-0.00782
2011-06-22,19585.33,19774.45,-0.00956
2011-06-23,19186.74,19585.33,-0.02035
2011-06-24,19279.84,19186.74,0.00485
2011-06-27,19336.42,19279.84,0.00293
2011-06-28,19499.69,19336.42,0.00844
2011-06-29,19815.4,19499.69,0.01619
2011-06-30,19868.48,19815.4,0.00268
2011-07-01,19801.17,19868.48,-0.00339
2011-07-04,19459.76,19801.17,-0.01724
2011-07-05,19490.59,19459.76,0.00158
2011-07-06,19573.97,19490.59,0.00428
2011-07-07,19637.14,19573.97,0.00323
2011-07-08,19224.35,19637.14,-0.02102
2011-07-11,19493.3,19224.35,0.01399
2011-07-12,19634.3,19493.3,0.00723
2011-07-13,19557.94,19634.3,-0.00389
2011-07-14,19504.63,19557.94,-0.00273
2011-07-15,19100.44,19504.63,-0.02072
2011-07-18,19175.97,19100.44,0.00395
2011-07-19,19111.19,19175.97,-0.00338
2011-07-20,18881.19,19111.19,-0.01203
2011-07-21,19298.78,18881.19,0.02212
2011-07-22,19634.46,19298.78,0.01739
2011-07-25,19798.65,19634.46,0.00836
2011-07-26,19801.98,19798.65,0.00017
2011-07-27,19539.52,19801.98,-0.01325
2011-07-28,19543.21,19539.52,0.00019
2011-07-29,19652.04,19543.21,0.00557
2011-08-01,19636.48,19652.04,-0.00079
2011-08-02,19636.72,19636.48,1e-05
2011-08-03,19684.9,19636.72,0.00245
2011-08-04,19445.14,19684.9,-0.01218
2011-08-05,19628.45,19445.14,0.00943
2011-08-08,19853.75,19628.45,0.01148
2011-08-09,19767.74,19853.75,-0.00433
2011-08-10,19624.66,19767.74,-0.00724
2011-08-11,20090.34,19624.66,0.02373
2011-08-12,20350.59,20090.34,0.01295
2011-08-15,19839.39,20350.59,-0.02512
2011-08-16,19825.04,19839.39,-0.00072
2011-08-17,19610.53,19825.04,-0.01082
2011-08-18,19421.7,19610.53,-0.00963
2011-08-19,19282.08,19421.7,-0.00719
2011-08-22,19298.9,19282.08,0.00087
2011-08-23,19278.62,19298.9,-0.00105
2011-08-24,19011.75,19278.62,-0.01384
2011-08-25,18792.18,19011.75,-0.01155
2011-08-26,18373.83,18792.18,-0.02226
2011-08-29,18362.91,18373.83,-0.00059
2011-08-30,18424.47,18362.91,0.00335
2011-08-31,18606.37,18424.47,0.00987
2011-09-01,18814.62,18606.37,0.01119
2011-09-02,18842.53,18814.62,0.00148
2011-09-05,18766.36,18842.53,-0.00404
2011-09-06,19215.67,18766.36,0.02394
2011-09-07,19027.5,19215.67,-0.00979
2011-09-08,18751.13,19027.5,-0.01452
2011-09-09,18663.41,18751.13,-0.00468
2011-09-12,18710.82,18663.41,0.00254
2011-09-13,18996.17,18710.82,0.01525
2011-09-14,18904.93,18996.17,-0.0048
2011-09-15,18575.48,18904.93,-0.01743
2011-09-16,18732.73,18575.48,0.00847
2011-09-19,18647.13,18732.73,-0.00457
2011-09-20,18435.32,18647.13,-0.01136
2011-09-21,18257.6,18435.32,-0.00964
2011-09-22,18291.2,18257.6,0.00184
2011-09-23,17942.86,18291.2,-0.01904
2011-09-26,18241.06,17942.86,0.01662
2011-09-27,18214.32,18241.06,-0.00147
2011-09-28,18230.44,18214.32,0.00089
2011-09-29,18447.57,18230.44,0.01191
2011-09-30,18302.62,18447.57,-0.00786
2011-10-03,18321.74,18302.62,0.00104
2011-10-04,18311.19,18321.74,-0.00058
2011-10-05,18414.59,18311.19,0.00565
2011-10-06,18916.68,18414.59,0.02727
2011-10-07,18694.99,18916.68,-0.01172
2011-10-10,18687.58,18694.99,-0.0004
2011-10-11,19129.35,18687.58,0.02364
2011-10-12,18436.01,19129.35,-0.03624
2011-10-13,18770.28,18436.01,0.01813
2011-10-14,18793.74,18770.28,0.00125
2011-10-17,19013.82,18793.74,0.01171
2011-10-18,19138.49,19013.82,0.00656
2011-10-19,19212.88,19138.49,0.00389
2011-10-20,19031.96,19212.88,-0.00942
2011-10-21,19008.34,19031.96,-0.00124
2011-10-24,19158.91,19008.34,0.00792
2011-10-25,19085.15,19158.91,-0.00385
2011-10-26,18864.65,19085.15,-0.01155
2011-10-27,18668.35,18864.65,-0.01041
2011-10-28,18966.06,18668.35,0.01595
2011-10-31,19306.53,18966.06,0.01795
2011-11-01,19161.47,19306.53,-0.00751
2011-11-02,19164.45,19161.47,0.00016
2011-11-03,19433.78,19164.45,0.01405
2011-11-04,19504.03,19433.78,0.00361
2011-11-07,19525.99,19504.03,0.00113
2011-11-08,19666.35,19525.99,0.00719
2011-11-09,19434.35,19666.35,-0.0118
2011-11-10,19295.71,19434.35,-0.00713
2011-11-11,19465.81,19295.71,0.00882
2011-11-14,19516.69,19465.81,0.00261
2011-11-15,19623.74,19516.69,0.00549
2011-11-16,19651.34,19623.74,0.00141
2011-11-17,19380.18,19651.34,-0.0138
2011-11-18,19478.29,19380.18,0.00506
2011-11-21,19764.36,19478.29,0.01469
2011-11-22,19884.57,19764.36,0.00608
2011-11-23,20052.91,19884.57,0.00847
2011-11-24,19854.04,20052.91,-0.00992
2011-11-25,19807.53,19854.04,-0.00234
2011-11-28,19716.57,19807.53,-0.00459
2011-11-29,19614.92,19716.57,-0.00516
2011-11-30,18803.13,19614.92,-0.04139
2011-12-01,18933.34,18803.13,0.00692
2011-12-02,18658.37,18933.34,-0.01452
2011-12-05,18839.49,18658.37,0.00971
2011-12-06,19220.76,18839.49,0.02024
2011-12-07,19265.61,19220.76,0.00233
2011-12-08,19372.77,19265.61,0.00556
2011-12-09,19419.25,19372.77,0.0024
2011-12-12,19082.62,19419.25,-0.01733
2011-12-13,18868.16,19082.62,-0.01124
2011-12-14,18973.4,18868.16,0.00558
2011-12-15,18889.76,18973.4,-0.00441
2011-12-16,18887.11,18889.76,-0.00014
2011-12-19,18599.11,18887.11,-0.01525
2011-12-20,18665.77,18599.11,0.00358
2011-12-21,18612.7,18665.77,-0.00284
2011-12-22,18658.72,18612.7,0.00247
2011-12-23,18705.97,18658.72,0.00253
2011-12-26,18379.4,18705.97,-0.01746
2011-12-27,18609.89,18379.4,0.01254
2011-12-28,18358.47,18609.89,-0.01351
2011-12-29,18305.72,18358.47,-0.00287
2011-12-30,18220.26,18305.72,-0.00467
2012-01-02,18434.81,18220.26,0.01178
2012-01-03,18464.5,18434.81,0.00161
2012-01-04,18667.71,18464.5,0.01101
2012-01-05,18717.51,18667.71,0.00267
2012-01-06,18720.54,18717.51,0.00016
2012-01-09,18562.48,18720.54,-0.00844
2012-01-10,18474.21,18562.48,-0.00476
2012-01-11,18489.7,18474.21,0.00084
2012-01-12,18549.95,18489.7,0.00326
2012-01-13,18339.16,18549.95,-0.01136
2012-01-16,18631.09,18339.16,0.01592
2012-01-17,18700.95,18631.09,0.00375
2012-01-18,18480.85,18700.95,-0.01177
2012-01-19,18791.2,18480.85,0.01679
2012-01-20,18451.04,18791.2,-0.0181
2012-01-23,18539.17,18451.04,0.00478
2012-01-24,18436.23,18539.17,-0.00555
2012-01-25,18763.34,18436.23,0.01774
2012-01-26,18943.92,18763.34,0.00962
2012-01-27,18709.27,18943.92,-0.01239
2012-01-30,18924.37,18709.27,0.0115
2012-01-31,18512.51,18924.37,-0.02176
2012-02-01,18690.63,18512.51,0.00962
2012-02-02,18689.44,18690.63,-6e-05
2012-02-03,18510.46,18689.44,-0.00958
2012-02-06,18718.44,18510.46,0.01124
2012-02-07,18886.39,18718.44,0.00897
2012-02-08,18934.91,18886.39,0.00257
2012-02-09,19002.97,18934.91,0.00359
2012-02-10,19095.79,19002.97,0.00488
2012-02-13,19029.93,19095.79,-0.00345
2012-02-14,19155.74,19029.93,0.00661
2012-02-15,18079.8,19155.74,-0.05617
2012-02-16,17415.16,18079.8,-0.03676
2012-02-17,17511.71,17415.16,0.00554
2012-02-20,17345.47,17511.71,-0.00949
2012-02-21,17225.61,17345.47,-0.00691
2012-02-22,17028.38,17225.61,-0.01145
2012-02-23,17282.95,17028.38,0.01495
2012-02-24,17192.6,17282.95,-0.00523
2012-02-27,17085.54,17192.6,-0.00623
2012-02-28,16910.62,17085.54,-0.01024
2012-02-29,17066.1,16910.62,0.00919
2012-03-01,16657.99,17066.1,-0.02391
2012-03-02,16630.13,16657.99,-0.00167
2012-03-05,16506.04,16630.13,-0.00746
2012-03-06,16486.54,16506.04,-0.00118
2012-03-07,16614.39,16486.54,0.00775
2012-03-08,16532.11,16614.39,-0.00495
2012-03-09,16488.54,16532.11,-0.00264
2012-03-12,16156.09,16488.54,-0.02016
2012-03-13,16065.14,16156.09,-0.00563
2012-03-14,15884.89,16065.14,-0.01122
2012-03-15,15931.59,15884.89,0.00294
2012-03-16,15896.62,15931.59,-0.0022
2012-03-19,15825.85,15896.62,-0.00445
2012-03-20,15859.36,15825.85,0.00212
2012-03-21,15708.64,15859.36,-0.0095
2012-03-22,15518.68,15708.64,-0.01209
2012-03-23,15082.44,15518.68,-0.02811
2012-03-26,15075.71,15082.44,-0.00045
2012-03-27,15080.33,15075.71,0.00031
2012-03-28,15075.83,15080.33,-0.0003
2012-03-29,14346.75,15075.83,-0.04836
2012-03-30,14515.91,14346.75,0.01179
2012-04-02,14400.84,14515.91,-0.00793
2012-04-03,14105.35,14400.84,-0.02052
2012-04-04,14064.69,14105.35,-0.00288
2012-04-05,13684.31,14064.69,-0.02705
2012-04-06,13628.37,13684.31,-0.00409
2012-04-09,13620.51,13628.37,-0.00058
2012-04-10,13680.53,13620.51,0.00441
2012-04-11,13965.78,13680.53,0.02085
2012-04-12,13990.11,13965.78,0.00174
2012-04-13,14102.78,13990.11,0.00805
2012-04-16,14248.38,14102.78,0.01032
2012-04-17,14320.28,14248.38,0.00505
2012-04-18,14625.73,14320.28,0.02133
2012-04-19,14575.22,14625.73,-0.00345
2012-04-20,14478.35,14575.22,-0.00665
2012-04-23,14287.62,14478.35,-0.01317
2012-04-24,14247.92,14287.62,-0.00278
2012-04-25,13921.55,14247.92,-0.02291
2012-04-26,14019.81,13921.55,0.00706
2012-04-27,13915.22,14019.81,-0.00746
2012-04-30,14017.17,13915.22,0.00733
2012-05-01,14075.28,14017.17,0.00415
2012-05-02,13892.51,14075.28,-0.01299
2012-05-03,14216.39,13892.51,0.02331
2012-05-04,14099.35,14216.39,-0.00823
2012-05-07,13970.94,14099.35,-0.00911
2012-05-08,13910.72,13970.94,-0.00431
2012-05-09,13986.52,13910.72,0.00545
2012-05-10,13824.16,13986.52,-0.01161
2012-05-11,13949.63,13824.16,0.00908
2012-05-14,13973.99,13949.63,0.00175
2012-05-15,13949.04,13973.99,-0.00179
2012-05-16,13791.59,13949.04,-0.01129
2012-05-17,13810.23,13791.59,0.00135
2012-05-18,13772.41,13810.23,-0.00274
2012-05-21,13468.17,13772.41,-0.02209
2012-05-22,13517.0,13468.17,0.00363
2012-05-23,13380.41,13517.0,-0.01011
2012-05-24,13336.21,13380.41,-0.0033
2012-05-25,13209.51,13336.21,-0.0095
2012-05-28,13160.49,13209.51,-0.00371
2012-05-29,13095.89,13160.49,-0.00491
2012-05-30,13042.91,13095.89,-0.00405
2012-05-31,12979.32,13042.91,-0.00488
2012-06-01,12884.03,12979.32,-0.00734
2012-06-04,13028.27,12884.03,0.0112
2012-06-05,13093.0,13028.27,0.00497
2012-06-06,13170.63,13093.0,0.00593
2012-06-07,13361.2,13170.63,0.01447
2012-06-08,13282.17,13361.2,-0.00591
2012-06-11,13345.75,13282.17,0.00479
2012-06-12,13266.28,13345.75,-0.00595
2012-06-13,13142.25,13266.28,-0.00935
2012-06-14,13331.36,13142.25,0.01439
2012-06-15,13205.0,13331.36,-0.00948
2012-06-18,13564.22,13205.0,0.0272
2012-06-19,13918.7,13564.22,0.02613
2012-06-20,13587.59,13918.7,-0.02379
2012-06-21,13724.66,13587.59,0.01009
2012-06-22,13597.38,13724.66,-0.00927
2012-06-25,13682.66,13597.38,0.00627
2012-06-26,13711.62,13682.66,0.00212
2012-06-27,13329.28,13711.62,-0.02788
2012-06-28,13346.08,13329.28,0.00126
2012-06-29,13540.78,13346.08,0.01459
2012-07-02,13579.26,13540.78,0.00284
2012-07-03,13863.12,13579.26,0.0209
2012-07-04,13755.06,13863.12,-0.00779
2012-07-05,14045.38,13755.06,0.02111
2012-07-06,13733.55,14045.38,-0.0222
2012-07-09,13538.04,13733.55,-0.01424
2012-07-10,13623.25,13538.04,0.00629
2012-07-11,13883.56,13623.25,0.01911
2012-07-12,13916.2,13883.56,0.00235
2012-07-13,13955.4,13916.2,0.00282
2012-07-16,13976.9,13955.4,0.00154
2012-07-17,13645.74,13976.9,-0.02369
2012-07-18,13956.07,13645.74,0.02274
2012-07-19,14253.85,13956.07,0.02134
2012-07-20,14494.52,14253.85,0.01688
2012-07-23,14569.05,14494.52,0.00514
2012-07-24,14246.05,14569.05,-0.02217
2012-07-25,14202.35,14246.05,-0.00307
2012-07-26,14455.6,14202.35,0.01783
2012-07-27,14592.85,14455.6,0.00949
2012-07-30,14412.89,14592.85,-0.01233
2012-07-31,14345.31,14412.89,-0.00469
2012-08-01,14407.19,14345.31,0.00431
2012-08-02,14326.07,14407.19,-0.00563
2012-08-03,14442.98,14326.07,0.00816
2012-08-06,14769.79,14442.98,0.02263
2012-08-07,15101.77,14769.79,0.02248
2012-08-08,15224.71,15101.77,0.00814
2012-08-09,15082.31,15224.71,-0.00935
2012-08-10,15252.2,15082.31,0.01126
2012-08-13,15053.98,15252.2,-0.013
2012-08-14,14980.1,15053.98,-0.00491
2012-08-15,14874.42,14980.1,-0.00705
2012-08-16,14844.13,14874.42,-0.00204
2012-08-17,14904.55,14844.13,0.00407
2012-08-20,15089.18,14904.55,0.01239
2012-08-21,14996.85,15089.18,-0.00612
2012-08-22,14733.11,14996.85,-0.01759
2012-08-23,14841.95,14733.11,0.00739
2012-08-24,14981.12,14841.95,0.00938
2012-08-27,15127.6,14981.12,0.00978
2012-08-28,15023.28,15127.6,-0.0069
2012-08-29,15003.05,15023.28,-0.00135
2012-08-30,14937.62,15003.05,-0.00436
2012-08-31,14840.85,14937.62,-0.00648
2012-09-03,14543.02,14840.85,-0.02007
2012-09-04,14474.53,14543.02,-0.00471
2012-09-05,14697.0,14474.53,0.01537
2012-09-06,14627.26,14697.0,-0.00475
2012-09-07,14853.17,14627.26,0.01544
2012-09-10,14994.05,14853.17,0.00948
2012-09-11,14687.88,14994.05,-0.02042
2012-09-12,14553.36,14687.88,-0.00916
2012-09-13,14869.25,14553.36,0.02171
2012-09-14,14594.39,14869.25,-0.01849
2012-09-17,14502.35,14594.39,-0.00631
2012-09-18,14524.89,14502.35,0.00155
2012-09-19,14572.68,14524.89,0.00329
2012-09-20,14842.77,14572.68,0.01853
2012-09-21,14687.9,14842.77,-0.01043
2012-09-24,14714.32,14687.9,0.0018
2012-09-25,14843.94,14714.32,0.00881
2012-09-26,14798.21,14843.94,-0.00308
2012-09-27,14656.08,14798.21,-0.0096
2012-09-28,14586.49,14656.08,-0.00475
2012-10-01,14396.11,14586.49,-0.01305
2012-10-02,14398.86,14396.11,0.00019
2012-10-03,14576.25,14398.86,0.01232
2012-10-04,14498.0,14576.25,-0.00537
2012-10-05,14610.0,14498.0,0.00773
2012-10-08,14289.03,14610.0,-0.02197
2012-10-09,13999.35,14289.03,-0.02027
2012-10-10,14196.26,13999.35,0.01407
2012-10-11,14172.87,14196.26,-0.00165
2012-10-12,14243.92,14172.87,0.00501
2012-10-15,14013.99,14243.92,-0.01614
2012-10-16,13869.98,14013.99,-0.01028
2012-10-17,14053.69,13869.98,0.01325
2012-10-18,14050.11,14053.69,-0.00025
2012-10-19,14152.67,14050.11,0.0073
2012-10-22,14159.96,14152.67,0.00052
2012-10-23,14346.31,14159.96,0.01316
2012-10-24,14261.76,14346.31,-0.00589
2012-10-25,13902.77,14261.76,-0.02517
2012-10-26,13757.76,13902.77,-0.01043
2012-10-29,13844.42,13757.76,0.0063
2012-10-30,13887.75,13844.42,0.00313
2012-10-31,13738.72,13887.75,-0.01073
2012-11-01,13920.8,13738.72,0.01325
2012-11-02,13830.82,13920.8,-0.00646
2012-11-05,13655.67,13830.82,-0.01266
2012-11-06,13790.35,13655.67,0.00986
2012-11-07,13687.58,13790.35,-0.00745
2012-11-08,13726.11,13687.58,0.00281
2012-11-09,13508.75,13726.11,-0.01584
2012-11-12,13289.02,13508.75,-0.01627
2012-11-13,13195.14,13289.02,-0.00706
2012-11-14,13521.31,13195.14,0.02472
2012-11-15,13595.25,13521.31,0.00547
2012-11-16,13556.81,13595.25,-0.00283
2012-11-19,13498.87,13556.81,-0.00427
2012-11-20,13537.52,13498.87,0.00286
2012-11-21,13562.1,13537.52,0.00182
2012-11-22,13673.81,13562.1,0.00824
2012-11-23,13985.84,13673.81,0.02282
2012-11-26,13939.98,13985.84,-0.00328
2012-11-27,14352.64,13939.98,0.0296
2012-11-28,14052.65,14352.64,-0.0209
2012-11-29,14092.38,14052.65,0.00283
2012-11-30,13984.13,14092.38,-0.00768
2012-12-03,14070.32,13984.13,0.00616
2012-12-04,13867.53,14070.32,-0.01441
2012-12-05,13745.87,13867.53,-0.00877
2012-12-06,13755.91,13745.87,0.00073
2012-12-07,13552.67,13755.91,-0.01477
2012-12-10,14027.37,13552.67,0.03503
2012-12-11,14213.29,14027.37,0.01325
2012-12-12,14348.46,14213.29,0.00951
2012-12-13,14416.54,14348.46,0.00474
2012-12-14,14502.99,14416.54,0.006
2012-12-17,14485.39,14502.99,-0.00121
2012-12-18,14531.25,14485.39,0.00317
2012-12-19,14498.99,14531.25,-0.00222
2012-12-20,14335.98,14498.99,-0.01124
2012-12-21,14311.92,14335.98,-0.00168
2012-12-24,14547.56,14311.92,0.01646
2012-12-25,14606.21,14547.56,0.00403
2012-12-26,14876.17,14606.21,0.01848
2012-12-27,15049.32,14876.17,0.01164
2012-12-28,15435.18,15049.32,0.02564
2012-12-31,15481.0,15435.18,0.00297
2013-01-01,15517.48,15481.0,0.00236
2013-01-02,15454.16,15517.48,-0.00408
2013-01-03,15670.71,15454.16,0.01401
2013-01-04,15604.66,15670.71,-0.00421
2013-01-07,15724.75,15604.66,0.0077
2013-01-08,15435.89,15724.75,-0.01837
2013-01-09,15364.53,15435.89,-0.00462
2013-01-10,15617.02,15364.53,0.01643
2013-01-11,15715.23,15617.02,0.00629
2013-01-14,15958.58,15715.23,0.01548
2013-01-15,15876.01,15958.58,-0.00517
2013-01-16,15845.15,15876.01,-0.00194
2013-01-17,15557.92,15845.15,-0.01813
2013-01-18,15564.32,15557.92,0.00041
2013-01-21,15714.52,15564.32,0.00965
2013-01-22,15683.05,15714.52,-0.002
2013-01-23,15707.5,15683.05,0.00156
2013-01-24,15550.05,15707.5,-0.01002
2013-01-25,15411.17,15550.05,-0.00893
2013-01-28,15420.13,15411.17,0.00058
2013-01-29,15560.26,15420.13,0.00909
2013-01-30,15505.25,15560.26,-0.00354
2013-01-31,15633.71,15505.25,0.00828
2013-02-01,15841.46,15633.71,0.01329
2013-02-04,15765.36,15841.46,-0.0048
2013-02-05,15571.49,15765.36,-0.0123
2013-02-06,15191.94,15571.49,-0.02437
2013-02-07,15240.03,15191.94,0.00317
2013-02-08,15123.74,15240.03,-0.00763
2013-02-11,15144.95,15123.74,0.0014
2013-02-12,15039.22,15144.95,-0.00698
2013-02-13,14623.65,15039.22,-0.02763
2013-02-14,14691.69,14623.65,0.00465
2013-02-15,14638.83,14691.69,-0.0036
2013-02-18,14810.36,14638.83,0.01172
2013-02-19,14687.57,14810.36,-0.00829
2013-02-20,14590.58,14687.57,-0.0066
2013-02-21,14530.71,14590.58,-0.0041
2013-02-22,14605.8,14530.71,0.00517
2013-02-25,14435.22,14605.8,-0.01168
2013-02-26,14623.95,14435.22,0.01307
2013-02-27,14341.4,14623.95,-0.01932
2013-02-28,14319.51,14341.4,-0.00153
2013-03-01,14379.83,14319.51,0.00421
2013-03-04,14146.85,14379.83,-0.0162
2013-03-05,14209.51,14146.85,0.00443
2013-03-06,14344.76,14209.51,0.00952
2013-03-07,14387.41,14344.76,0.00297
2013-03-08,14382.31,14387.41,-0.00035
2013-03-11,14373.86,14382.31,-0.00059
2013-03-12,14376.33,14373.86,0.00017
2013-03-13,14532.93,14376.33,0.01089
2013-03-14,14496.57,14532.93,-0.0025
2013-03-15,14423.75,14496.57,-0.00502
2013-03-18,14567.56,14423.75,0.00997
2013-03-19,14668.42,14567.56,0.00692
2013-03-20,14844.48,14668.42,0.012
2013-03-21,14664.64,14844.48,-0.01211
2013-03-22,14850.71,14664.64,0.01269
2013-03-25,14828.4,14850.71,-0.0015
2013-03-26,14683.18,14828.4,-0.00979
2013-03-27,14813.07,14683.18,0.00885
2013-03-28,14873.28,14813.07,0.00406
2013-03-29,14701.9,14873.28,-0.01152
2013-04-01,14669.72,14701.9,-0.00219
2013-04-02,14778.72,14669.72,0.00743
2013-04-03,14496.5,14778.72,-0.0191
2013-04-04,14589.28,14496.5,0.0064
2013-04-05,14561.53,14589.28,-0.0019
2013-04-08,14649.85,14561.53,0.00607
2013-04-09,14296.8,14649.85,-0.0241
2013-04-10,14553.86,14296.8,0.01798
2013-04-11,14461.61,14553.86,-0.00634
2013-04-12,14374.39,14461.61,-0.00603
2013-04-15,14342.19,14374.39,-0.00224
2013-04-16,14434.57,14342.19,0.00644
2013-04-17,14417.74,14434.57,-0.00117
2013-04-18,14669.99,14417.74,0.0175
2013-04-19,14637.86,14669.99,-0.00219
2013-04-22,14908.54,14637.86,0.01849
2013-04-23,14881.18,14908.54,-0.00184
2013-04-24,14888.18,14881.18,0.00047
2013-04-25,14633.42,14888.18,-0.01711
2013-04-26,14509.67,14633.42,-0.00846
2013-04-29,14562.53,14509.67,0.00364
2013-04-30,14469.01,14562.53,-0.00642
2013-05-01,14743.71,14469.01,0.01899
2013-05-02,14784.44,14743.71,0.00276
2013-05-03,14732.3,14784.44,-0.00353
2013-05-06,14723.69,14732.3,-0.00058
2013-05-07,15000.75,14723.69,0.01882
2013-05-08,15135.77,15000.75,0.009
2013-05-09,14825.49,15135.77,-0.0205
2013-05-10,14763.15,14825.49,-0.0042
2013-05-13,14918.24,14763.15,0.01051
2013-05-14,14784.53,14918.24,-0.00896
2013-05-15,14848.59,14784.53,0.00433
2013-05-16,14483.26,14848.59,-0.0246
2013-05-17,14395.26,14483.26,-0.00608
2013-05-20,14418.48,14395.26,0.00161
2013-05-21,14539.42,14418.48,0.00839
2013-05-22,14468.01,14539.42,-0.00491
2013-05-23,14621.27,14468.01,0.01059
2013-05-24,14387.62,14621.27,-0.01598
2013-05-27,14363.8,14387.62,-0.00166
2013-05-28,14398.67,14363.8,0.00243
2013-05-29,14155.4,14398.67,-0.0169
2013-05-30,14362.34,14155.4,0.01462
2013-05-31,14414.18,14362.34,0.00361
2013-06-03,14244.35,14414.18,-0.01178
2013-06-04,14336.74,14244.35,0.00649
2013-06-05,14210.43,14336.74,-0.00881
2013-06-06,14114.2,14210.43,-0.00677
2013-06-07,13853.19,14114.2,-0.01849
2013-06-10,13803.6,13853.19,-0.00358
2013-06-11,13475.21,13803.6,-0.02379
2013-06-12,13512.57,13475.21,0.00277
2013-06-13,13471.52,13512.57,-0.00304
2013-06-14,13201.57,13471.52,-0.02004
2013-06-17,12872.04,13201.57,-0.02496
2013-06-18,12809.19,12872.04,-0.00488
2013-06-19,12804.48,12809.19,-0.00037
2013-06-20,12830.98,12804.48,0.00207
2013-06-21,12826.76,12830.98,-0.00033
2013-06-24,13046.65,12826.76,0.01714
2013-06-25,13024.78,13046.65,-0.00168
2013-06-26,12973.12,13024.78,-0.00397
2013-06-27,13028.09,12973.12,0.00424
2013-06-28,13097.0,13028.09,0.00529
2013-07-01,13071.42,13097.0,-0.00195
2013-07-02,13041.54,13071.42,-0.00229
2013-07-03,12953.27,13041.54,-0.00677
2013-07-04,13062.33,12953.27,0.00842
2013-07-05,12844.09,13062.33,-0.01671
2013-07-08,12865.71,12844.09,0.00168
2013-07-09,12996.47,12865.71,0.01016
2013-07-10,12993.55,12996.47,-0.00022
2013-07-11,12749.68,12993.55,-0.01877
2013-07-12,12731.66,12749.68,-0.00141
2013-07-15,12838.55,12731.66,0.0084
2013-07-16,12875.78,12838.55,0.0029
2013-07-17,12727.35,12875.78,-0.01153
2013-07-18,13052.4,12727.35,0.02554
2013-07-19,13191.24,13052.4,0.01064
2013-07-22,13218.65,13191.24,0.00208
2013-07-23,13627.12,13218.65,0.0309
2013-07-24,13588.71,13627.12,-0.00282
2013-07-25,13368.1,13588.71,-0.01623
2013-07-26,13348.86,13368.1,-0.00144
2013-07-29,13364.11,13348.86,0.00114
2013-07-30,13138.16,13364.11,-0.01691
2013-07-31,13243.34,13138.16,0.00801
2013-08-01,13392.17,13243.34,0.01124
2013-08-02,13187.85,13392.17,-0.01526
2013-08-05,13098.61,13187.85,-0.00677
2013-08-06,12927.22,13098.61,-0.01308
2013-08-07,12746.73,12927.22,-0.01396
2013-08-08,12813.56,12746.73,0.00524
2013-08-09,12831.4,12813.56,0.00139
2013-08-12,12805.28,12831.4,-0.00204
2013-08-13,12853.8,12805.28,0.00379
2013-08-14,12803.97,12853.8,-0.00388
2013-08-15,12717.15,12803.97,-0.00678
2013-08-16,12666.3,12717.15,-0.004
2013-08-19,12636.57,12666.3,-0.00235
2013-08-20,12644.12,12636.57,0.0006
2013-08-21,12720.25,12644.12,0.00602
2013-08-22,12622.66,12720.25,-0.00767
2013-08-23,12586.93,12622.66,-0.00283
2013-08-26,12512.08,12586.93,-0.00595
2013-08-27,12430.82,12512.08,-0.00649
2013-08-28,12543.8,12430.82,0.00909
2013-08-29,12450.89,12543.8,-0.00741
2013-08-30,11845.83,12450.89,-0.0486
2013-09-02,11717.32,11845.83,-0.01085
2013-09-03,11812.64,11717.32,0.00813
2013-09-04,11871.35,11812.64,0.00497
2013-09-05,11898.25,11871.35,0.00227
2013-09-06,12156.48,11898.25,0.0217
2013-09-09,11879.35,12156.48,-0.0228
2013-09-10,11793.38,11879.35,-0.00724
2013-09-11,11883.11,11793.38,0.00761
2013-09-12,11684.08,11883.11,-0.01675
2013-09-13,11667.07,11684.08,-0.00146
2013-09-16,11680.89,11667.07,0.00118
2013-09-17,11653.55,11680.89,-0.00234
2013-09-18,11652.37,11653.55,-0.0001
2013-09-19,11765.91,11652.37,0.00974
2013-09-20,11910.8,11765.91,0.01231
2013-09-23,11730.63,11910.8,-0.01513
2013-09-24,11564.66,11730.63,-0.01415
2013-09-25,11625.76,11564.66,0.00528
2013-09-26,11479.9,11625.76,-0.01255
2013-09-27,11725.76,11479.9,0.02142
2013-09-30,11717.14,11725.76,-0.00074
2013-10-01,11751.53,11717.14,0.00294
2013-10-02,11733.41,11751.53,-0.00154
2013-10-03,11690.63,11733.41,-0.00365
2013-10-04,11601.12,11690.63,-0.00766
2013-10-07,11821.17,11601.12,0.01897
2013-10-08,11873.32,11821.17,0.00441
2013-10-09,11614.56,11873.32,-0.02179
2013-10-10,11537.87,11614.56,-0.0066
2013-10-11,11609.82,11537.87,0.00624
2013-10-14,11668.07,11609.82,0.00502
2013-10-15,11830.38,11668.07,0.01391
2013-10-16,11870.09,11830.38,0.00336
2013-10-17,11841.61,11870.09,-0.0024
2013-10-18,11823.56,11841.61,-0.00152
2013-10-21,11866.21,11823.56,0.00361
2013-10-22,11941.96,11866.21,0.00638
2013-10-23,11862.66,11941.96,-0.00664
2013-10-24,11824.88,11862.66,-0.00318
2013-10-25,11903.7,11824.88,0.00667
2013-10-28,11927.3,11903.7,0.00198
2013-10-29,11918.3,11927.3,-0.00075
2013-10-30,12033.1,11918.3,0.00963
2013-10-31,11939.81,12033.1,-0.00775
2013-11-01,12023.99,11939.81,0.00705
2013-11-04,12190.62,12023.99,0.01386
2013-11-05,12194.53,12190.62,0.00032
2013-11-06,12187.31,12194.53,-0.00059
2013-11-07,12050.46,12187.31,-0.01123
2013-11-08,12006.65,12050.46,-0.00364
2013-11-11,11924.09,12006.65,-0.00688
2013-11-12,12060.0,11924.09,0.0114
2013-11-13,12030.28,12060.0,-0.00246
2013-11-14,11997.42,12030.28,-0.00273
2013-11-15,12144.86,11997.42,0.01229
2013-11-18,12139.43,12144.86,-0.00045
2013-11-19,12217.96,12139.43,0.00647
2013-11-20,12174.55,12217.96,-0.00355
2013-11-21,12231.21,12174.55,0.00465
2013-11-22,12212.44,12231.21,-0.00153
2013-11-25,12390.09,12212.44,0.01455
2013-11-26,12426.64,12390.09,0.00295
2013-11-27,12239.73,12426.64,-0.01504
2013-11-28,12179.05,12239.73,-0.00496
2013-11-29,12014.65,12179.05,-0.0135
2013-12-02,11780.31,12014.65,-0.0195
2013-12-03,11886.92,11780.31,0.00905
2013-12-04,11925.3,11886.92,0.00323
2013-12-05,11863.8,11925.3,-0.00516
2013-12-06,11719.92,11863.8,-0.01213
2013-12-09,11718.65,11719.92,-0.00011
2013-12-10,11637.41,11718.65,-0.00693
2013-12-11,11761.11,11637.41,0.01063
2013-12-12,11715.35,11761.11,-0.00389
2013-12-13,11778.93,11715.35,0.00543
2013-12-16,11721.47,11778.93,-0.00488
2013-12-17,11867.2,11721.47,0.01243
2013-12-18,11739.34,11867.2,-0.01077
2013-12-19,11698.21,11739.34,-0.0035
2013-12-20,11777.54,11698.21,0.00678
2013-12-23,11999.4,11777.54,0.01884
2013-12-24,11815.28,11999.4,-0.01534
2013-12-25,11654.76,11815.28,-0.01359
2013-12-26,11719.71,11654.76,0.00557
2013-12-27,11928.03,11719.71,0.01778
2013-12-30,12043.03,11928.03,0.00964
2013-12-31,12142.75,12043.03,0.00828
2014-01-01,12005.1,12142.75,-0.01134
2014-01-02,12044.49,12005.1,0.00328
2014-01-03,12117.02,12044.49,0.00602
2014-01-06,12150.22,12117.02,0.00274
2014-01-07,12195.76,12150.22,0.00375
2014-01-08,12301.77,12195.76,0.00869
2014-01-09,11977.18,12301.77,-0.02639
2014-01-10,11713.57,11977.18,-0.02201
2014-01-13,11564.97,11713.57,-0.01269
2014-01-14,11580.59,11564.97,0.00135
2014-01-15,11535.62,11580.59,-0.00388
2014-01-16,11371.02,11535.62,-0.01427
2014-01-17,11578.2,11371.02,0.01822
2014-01-20,11556.38,11578.2,-0.00188
2014-01-21,11585.97,11556.38,0.00256
2014-01-22,11709.64,11585.97,0.01067
2014-01-23,11988.68,11709.64,0.02383
2014-01-24,11985.65,11988.68,-0.00025
2014-01-27,12014.88,11985.65,0.00244
2014-01-28,11855.11,12014.88,-0.0133
2014-01-29,11853.62,11855.11,-0.00013
2014-01-30,11693.99,11853.62,-0.01347
2014-01-31,11640.33,11693.99,-0.00459
2014-02-03,11742.56,11640.33,0.00878
2014-02-04,11793.47,11742.56,0.00434
2014-02-05,11921.08,11793.47,0.01082
2014-02-06,11958.8,11921.08,0.00316
2014-02-07,12116.91,11958.8,0.01322
2014-02-10,11990.83,12116.91,-0.01041
2014-02-11,12156.09,11990.83,0.01378
2014-02-12,12084.46,12156.09,-0.00589
2014-02-13,12039.12,12084.46,-0.00375
2014-02-14,12002.48,12039.12,-0.00304
2014-02-17,12249.13,12002.48,0.02055
2014-02-18,12152.26,12249.13,-0.00791
2014-02-19,12221.45,12152.26,0.00569
2014-02-20,12282.59,12221.45,0.005
2014-02-21,12287.05,12282.59,0.00036
2014-02-24,12185.11,12287.05,-0.0083
2014-02-25,12036.35,12185.11,-0.01221
2014-02-26,11888.62,12036.35,-0.01227
2014-02-27,12035.54,11888.62,0.01236
2014-02-28,11935.6,12035.54,-0.0083
2014-03-03,11781.18,11935.6,-0.01294
2014-03-04,11909.52,11781.18,0.01089
2014-03-05,11994.59,11909.52,0.00714
2014-03-06,11994.43,11994.59,-1e-05
2014-03-07,11928.93,11994.43,-0.00546
2014-03-10,11574.01,11928.93,-0.02975
2014-03-11,11478.37,11574.01,-0.00826
2014-03-12,11460.1,11478.37,-0.00159
2014-03-13,11327.98,11460.1,-0.01153
2014-03-14,11197.56,11327.98,-0.01151
2014-03-17,11453.87,11197.56,0.02289
2014-03-18,11242.01,11453.87,-0.0185
2014-03-19,11281.29,11242.01,0.00349
2014-03-20,11184.4,11281.29,-0.00859
2014-03-21,11210.16,11184.4,0.0023
2014-03-24,11062.37,11210.16,-0.01318
2014-03-25,11209.88,11062.37,0.01333
2014-03-26,11170.21,11209.88,-0.00354
2014-03-27,11381.91,11170.21,0.01895
2014-03-28,11554.87,11381.91,0.0152
2014-03-31,11440.77,11554.87,-0.00987
2014-04-01,11315.41,11440.77,-0.01096
2014-04-02,11153.76,11315.41,-0.01429
2014-04-03,11033.08,11153.76,-0.01082
2014-04-04,11184.11,11033.08,0.01369
2014-04-07,11444.83,11184.11,0.02331
2014-04-08,11371.93,11444.83,-0.00637
2014-04-09,11510.41,11371.93,0.01218
2014-04-10,11505.93,11510.41,-0.00039
2014-04-11,11473.41,11505.93,-0.00283
2014-04-14,11456.94,11473.41,-0.00144
2014-04-15,11559.11,11456.94,0.00892
2014-04-16,11305.34,11559.11,-0.02195
2014-04-17,11261.79,11305.34,-0.00385
2014-04-18,11187.77,11261.79,-0.00657
2014-04-21,11291.16,11187.77,0.00924
2014-04-22,11386.84,11291.16,0.00847
2014-04-23,11516.92,11386.84,0.01142
2014-04-24,11601.69,11516.92,0.00736
2014-04-25,11651.0,11601.69,0.00425
2014-04-28,11549.45,11651.0,-0.00872
2014-04-29,11586.67,11549.45,0.00322
2014-04-30,11543.33,11586.67,-0.00374
2014-05-01,11480.58,11543.33,-0.00544
2014-05-02,11202.96,11480.58,-0.02418
2014-05-05,11340.64,11202.96,0.01229
2014-05-06,11223.12,11340.64,-0.01036
2014-05-07,11223.09,11223.12,-0.0
2014-05-08,11461.99,11223.09,0.02129
2014-05-09,11581.03,11461.99,0.01039
2014-05-12,11525.34,11581.03,-0.00481
2014-05-13,11848.53,11525.34,0.02804
2014-05-14,11990.23,11848.53,0.01196
2014-05-15,11884.18,11990.23,-0.00884
2014-05-16,11829.36,11884.18,-0.00461
2014-05-19,11970.82,11829.36,0.01196
2014-05-20,12087.72,11970.82,0.00977
2014-05-21,12147.84,12087.72,0.00497
2014-05-22,11991.58,12147.84,-0.01286
2014-05-23,11984.56,11991.58,-0.00059
2014-05-26,12102.78,11984.56,0.00986
2014-05-27,12362.73,12102.78,0.02148
2014-05-28,12391.18,12362.73,0.0023
2014-05-29,12370.39,12391.18,-0.00168
2014-05-30,12346.86,12370.39,-0.0019
2014-06-02,12422.84,12346.86,0.00615
2014-06-03,12180.26,12422.84,-0.01953
2014-06-04,12131.75,12180.26,-0.00398
2014-06-05,12120.79,12131.75,-0.0009
2014-06-06,12174.54,12120.79,0.00443
2014-06-09,12171.25,12174.54,-0.00027
2014-06-10,12143.75,12171.25,-0.00226
2014-06-11,12082.2,12143.75,-0.00507
2014-06-12,12097.85,12082.2,0.0013
2014-06-13,12173.82,12097.85,0.00628
2014-06-16,12231.18,12173.82,0.00471
2014-06-17,12370.57,12231.18,0.0114
2014-06-18,12319.16,12370.57,-0.00416
2014-06-19,12408.45,12319.16,0.00725
2014-06-20,12205.95,12408.45,-0.01632
2014-06-23,12167.65,12205.95,-0.00314
2014-06-24,12364.67,12167.65,0.01619
2014-06-25,12249.86,12364.67,-0.00929
2014-06-26,12351.2,12249.86,0.00827
2014-06-27,12271.68,12351.2,-0.00644
2014-06-30,12295.38,12271.68,0.00193
2014-07-01,12093.21,12295.38,-0.01644
2014-07-02,12334.35,12093.21,0.01994
2014-07-03,12546.27,12334.35,0.01718
2014-07-04,12453.72,12546.27,-0.00738
2014-07-07,12320.42,12453.72,-0.0107
2014-07-08,12108.25,12320.42,-0.01722
2014-07-09,12145.74,12108.25,0.0031
2014-07-10,12180.96,12145.74,0.0029
2014-07-11,12266.61,12180.96,0.00703
2014-07-14,12334.66,12266.61,0.00555
2014-07-15,12209.75,12334.66,-0.01013
2014-07-16,12363.22,12209.75,0.01257
2014-07-17,12585.56,12363.22,0.01798
2014-07-18,12551.81,12585.56,-0.00268
2014-07-21,12479.71,12551.81,-0.00574
2014-07-22,12458.47,12479.71,-0.0017
2014-07-23,12414.11,12458.47,-0.00356
2014-07-24,12542.55,12414.11,0.01035
2014-07-25,12676.84,12542.55,0.01071
2014-07-28,12772.76,12676.84,0.00757
2014-07-29,12738.51,12772.76,-0.00268
2014-07-30,12754.58,12738.51,0.00126
2014-07-31,12906.97,12754.58,0.01195
2014-08-01,13005.49,12906.97,0.00763
2014-08-04,13045.45,13005.49,0.00307
2014-08-05,13104.98,13045.45,0.00456
2014-08-06,13279.74,13104.98,0.01334
2014-08-07,13235.52,13279.74,-0.00333
2014-08-08,13096.44,13235.52,-0.01051
2014-08-11,13055.74,13096.44,-0.00311
2014-08-12,13337.59,13055.74,0.02159
2014-08-13,13230.32,13337.59,-0.00804
2014-08-14,13418.11,13230.32,0.01419
2014-08-15,13265.37,13418.11,-0.01138
2014-08-18,13279.83,13265.37,0.00109
2014-08-19,13387.0,13279.83,0.00807
2014-08-20,13341.23,13387.0,-0.00342
2014-08-21,13257.52,13341.23,-0.00627
2014-08-22,13327.26,13257.52,0.00526
2014-08-25,13184.47,13327.26,-0.01071
2014-08-26,13351.76,13184.47,0.01269
2014-08-27,13274.77,13351.76,-0.00577
2014-08-28,13355.87,13274.77,0.00611
2014-08-29,13279.03,13355.87,-0.00575
2014-09-01,13270.83,13279.03,-0.00062
2014-09-02,13259.67,13270.83,-0.00084
2014-09-03,13412.27,13259.67,0.01151
2014-09-04,13508.23,13412.27,0.00715
2014-09-05,13346.36,13508.23,-0.01198
2014-09-08,13143.53,13346.36,-0.0152
2014-09-09,12981.93,13143.53,-0.0123
2014-09-10,12870.84,12981.93,-0.00856
2014-09-11,13027.69,12870.84,0.01219
2014-09-12,13058.97,13027.69,0.0024
2014-09-15,13224.39,13058.97,0.01267
2014-09-16,13117.44,13224.39,-0.00809
2014-09-17,13084.56,13117.44,-0.00251
2014-09-18,13028.25,13084.56,-0.0043
2014-09-19,12814.04,13028.25,-0.01644
2014-09-22,12991.14,12814.04,0.01382
2014-09-23,12842.96,12991.14,-0.01141
2014-09-24,12674.37,12842.96,-0.01313
2014-09-25,12722.44,12674.37,0.00379
2014-09-26,12873.55,12722.44,0.01188
2014-09-29,12994.44,12873.55,0.00939
2014-09-30,13074.52,12994.44,0.00616
2014-10-01,13300.38,13074.52,0.01727
2014-10-02,13219.8,13300.38,-0.00606
2014-10-03,12982.25,13219.8,-0.01797
2014-10-06,13067.5,12982.25,0.00657
2014-10-07,13023.57,13067.5,-0.00336
2014-10-08,13120.44,13023.57,0.00744
2014-10-09,13403.31,13120.44,0.02156
2014-10-10,13568.65,13403.31,0.01234
2014-10-13,13626.82,13568.65,0.00429
2014-10-14,13551.18,13626.82,-0.00555
2014-10-15,13724.47,13551.18,0.01279
2014-10-16,13894.6,13724.47,0.0124
2014-10-17,14028.11,13894.6,0.00961
2014-10-20,14078.38,14028.11,0.00358
2014-10-21,13949.24,14078.38,-0.00917
2014-10-22,14002.09,13949.24,0.00379
2014-10-23,14209.19,14002.09,0.01479
2014-10-24,14112.08,14209.19,-0.00683
2014-10-27,14222.17,14112.08,0.0078
2014-10-28,14549.05,14222.17,0.02298
2014-10-29,14671.1,14549.05,0.00839
2014-10-30,14783.55,14671.1,0.00766
2014-10-31,14825.57,14783.55,0.00284
2014-11-03,14962.6,14825.57,0.00924
2014-11-04,15485.98,14962.6,0.03498
2014-11-05,15376.89,15485.98,-0.00704
2014-11-06,15276.8,15376.89,-0.00651
2014-11-07,15346.57,15276.8,0.00457
2014-11-10,15193.44,15346.57,-0.00998
2014-11-11,15071.49,15193.44,-0.00803
2014-11-12,14923.13,15071.49,-0.00984
2014-11-13,14938.13,14923.13,0.00101
2014-11-14,14615.62,14938.13,-0.02159
2014-11-17,14515.15,14615.62,-0.00687
2014-11-18,14340.59,14515.15,-0.01203
2014-11-19,14283.62,14340.59,-0.00397
2014-11-20,14363.32,14283.62,0.00558
2014-11-21,14442.8,14363.32,0.00553
2014-11-24,14465.2,14442.8,0.00155
2014-11-25,14559.46,14465.2,0.00652
2014-11-26,14517.89,14559.46,-0.00286
2014-11-27,14511.45,14517.89,-0.00044
2014-11-28,14396.36,14511.45,-0.00793
2014-12-01,14426.18,14396.36,0.00207
2014-12-02,14378.54,14426.18,-0.0033
2014-12-03,14120.54,14378.54,-0.01794
2014-12-04,14129.92,14120.54,0.00066
2014-12-05,14484.97,14129.92,0.02513
2014-12-08,14241.2,14484.97,-0.01683
2014-12-09,13973.98,14241.2,-0.01876
2014-12-10,13704.38,13973.98,-0.01929
2014-12-11,13944.88,13704.38,0.01755
2014-12-12,14237.23,13944.88,0.02096
2014-12-15,14411.58,14237.23,0.01225
2014-12-16,14652.71,14411.58,0.01673
2014-12-17,14629.65,14652.71,-0.00157
2014-12-18,14523.68,14629.65,-0.00724
2014-12-19,14312.15,14523.68,-0.01456
2014-12-22,14308.46,14312.15,-0.00026
2014-12-23,14455.09,14308.46,0.01025
2014-12-24,14530.75,14455.09,0.00523
2014-12-25,14498.84,14530.75,-0.0022
2014-12-26,14773.66,14498.84,0.01895
2014-12-29,14570.45,14773.66,-0.01375
2014-12-30,14442.47,14570.45,-0.00878
2014-12-31,14596.94,14442.47,0.0107
2015-01-01,14296.27,14596.94,-0.0206
2015-01-02,14099.29,14296.27,-0.01378
2015-01-05,14083.52,14099.29,-0.00112
2015-01-06,14182.33,14083.52,0.00702
2015-01-07,14282.81,14182.33,0.00708
2015-01-08,14474.97,14282.81,0.01345
2015-01-09,14564.67,14474.97,0.0062
2015-01-12,14418.2,14564.67,-0.01006
2015-01-13,14359.38,14418.2,-0.00408
2015-01-14,14291.51,14359.38,-0.00473
2015-01-15,14424.28,14291.51,0.00929
2015-01-16,14540.65,14424.28,0.00807
2015-01-19,14474.48,14540.65,-0.00455
2015-01-20,14212.46,14474.48,-0.0181
2015-01-21,14245.93,14212.46,0.00235
2015-01-22,14014.68,14245.93,-0.01623
2015-01-23,13765.63,14014.68,-0.01777
2015-01-26,13793.19,13765.63,0.002
2015-01-27,13835.05,13793.19,0.00303
2015-01-28,13723.25,13835.05,-0.00808
2015-01-29,13728.8,13723.25,0.0004
2015-01-30,13783.26,13728.8,0.00397
2015-02-02,14051.73,13783.26,0.01948
2015-02-03,14169.49,14051.73,0.00838
2015-02-04,14057.78,14169.49,-0.00788
2015-02-05,13990.16,14057.78,-0.00481
2015-02-06,14040.64,13990.16,0.00361
2015-02-09,14170.39,14040.64,0.00924
2015-02-10,14170.72,14170.39,2e-05
2015-02-11,14156.8,14170.72,-0.00098
2015-02-12,14382.86,14156.8,0.01597
2015-02-13,14391.35,14382.86,0.00059
2015-02-16,14080.12,14391.35,-0.02163
2015-02-17,14509.26,14080.12,0.03048
2015-02-18,14459.04,14509.26,-0.00346
2015-02-19,14387.52,14459.04,-0.00495
2015-02-20,14447.82,14387.52,0.00419
2015-02-23,14469.42,14447.82,0.0015
2015-02-24,14605.47,14469.42,0.0094
2015-02-25,14624.17,14605.47,0.00128
2015-02-26,14735.15,14624.17,0.00759
2015-02-27,14613.9,14735.15,-0.00823
2015-03-02,14243.15,14613.9,-0.02537
2015-03-03,14306.1,14243.15,0.00442
2015-03-04,14145.35,14306.1,-0.01124
2015-03-05,13904.52,14145.35,-0.01703
2015-03-06,13931.64,13904.52,0.00195
2015-03-09,13954.84,13931.64,0.00167
2015-03-10,14032.98,13954.84,0.0056
2015-03-11,14200.37,14032.98,0.01193
2015-03-12,14175.08,14200.37,-0.00178
2015-03-13,13927.25,14175.08,-0.01748
2015-03-16,14049.9,13927.25,0.00881
2015-03-17,14148.03,14049.9,0.00698
2015-03-18,13985.49,14148.03,-0.01149
2015-03-19,14279.16,13985.49,0.021
2015-03-20,14155.22,14279.16,-0.00868
2015-03-23,14316.3,14155.22,0.01138
2015-03-24,14430.78,14316.3,0.008
2015-03-25,14275.26,14430.78,-0.01078
2015-03-26,14203.72,14275.26,-0.00501
2015-03-27,14303.25,14203.72,0.00701
2015-03-30,14472.36,14303.25,0.01182
2015-03-31,14365.45,14472.36,-0.00739
2015-04-01,14267.75,14365.45,-0.0068
2015-04-02,14071.81,14267.75,-0.01373
2015-04-03,14275.5,14071.81,0.01448
2015-04-06,14420.24,14275.5,0.01014
2015-04-07,14406.54,14420.24,-0.00095
2015-04-08,14186.56,14406.54,-0.01527
2015-04-09,14164.25,14186.56,-0.00157
2015-04-10,14167.89,14164.25,0.00026
2015-04-13,14246.77,14167.89,0.00557
2015-04-14,13967.4,14246.77,-0.01961
2015-04-15,14080.55,13967.4,0.0081
2015-04-16,14041.72,14080.55,-0.00276
2015-04-17,14197.34,14041.72,0.01108
2015-04-20,14288.53,14197.34,0.00642
2015-04-21,14132.14,14288.53,-0.01095
2015-04-22,14136.35,14132.14,0.0003
2015-04-23,14064.72,14136.35,-0.00507
2015-04-24,14097.76,14064.72,0.00235
2015-04-27,13974.33,14097.76,-0.00876
2015-04-28,13907.55,13974.33,-0.00478
2015-04-29,13837.08,13907.55,-0.00507
2015-04-30,13566.9,13837.08,-0.01953
2015-05-01,13639.14,13566.9,0.00532
2015-05-04,13924.73,13639.14,0.02094
2015-05-05,13864.62,13924.73,-0.00432
2015-05-06,13934.03,13864.62,0.00501
2015-05-07,13876.36,13934.03,-0.00414
2015-05-08,13502.79,13876.36,-0.02692
2015-05-11,13362.3,13502.79,-0.0104
2015-05-12,13603.48,13362.3,0.01805
2015-05-13,13936.63,13603.48,0.02449
2015-05-14,13940.51,13936.63,0.00028
2015-05-15,13817.11,13940.51,-0.00885
2015-05-18,13943.01,13817.11,0.00911
2015-05-19,13804.58,13943.01,-0.00993
2015-05-20,13852.93,13804.58,0.0035
2015-05-21,13859.72,13852.93,0.00049
2015-05-22,13746.49,13859.72,-0.00817
2015-05-25,13841.49,13746.49,0.00691
2015-05-26,13837.12,13841.49,-0.00032
2015-05-27,14107.75,13837.12,0.01956
2015-05-28,14288.13,14107.75,0.01279
2015-05-29,14305.94,14288.13,0.00125
2015-06-01,14108.06,14305.94,-0.01383
2015-06-02,13960.8,14108.06,-0.01044
2015-06-03,14128.62,13960.8,0.01202
2015-06-04,14258.51,14128.62,0.00919
2015-06-05,14086.97,14258.51,-0.01203
2015-06-08,14100.46,14086.97,0.00096
2015-06-09,13986.38,14100.46,-0.00809
2015-06-10,13816.27,13986.38,-0.01216
2015-06-11,13561.45,13816.27,-0.01844
2015-06-12,13545.85,13561.45,-0.00115
2015-06-15,13542.99,13545.85,-0.00021
2015-06-16,13488.62,13542.99,-0.00401
2015-06-17,13307.73,13488.62,-0.01341
2015-06-18,13353.8,13307.73,0.00346
2015-06-19,13274.46,13353.8,-0.00594
2015-06-22,13379.23,13274.46,0.00789
2015-06-23,13415.85,13379.23,0.00274
2015-06-24,13353.67,13415.85,-0.00463
2015-06-25,13491.24,13353.67,0.0103
2015-06-26,13385.06,13491.24,-0.00787
2015-06-29,13287.18,13385.06,-0.00731
2015-06-30,13300.1,13287.18,0.00097
2015-07-01,13412.7,13300.1,0.00847
2015-07-02,13390.11,13412.7,-0.00168
2015-07-03,13411.92,13390.11,0.00163
2015-07-06,13456.47,13411.92,0.00332
2015-07-07,13413.69,13456.47,-0.00318
2015-07-08,13456.57,13413.69,0.0032
2015-07-09,13494.21,13456.57,0.0028
2015-07-10,13250.79,13494.21,-0.01804
2015-07-13,13445.54,13250.79,0.0147
2015-07-14,13665.03,13445.54,0.01632
2015-07-15,13693.3,13665.03,0.00207
2015-07-16,13854.83,13693.3,0.0118
2015-07-17,13541.7,13854.83,-0.0226
2015-07-20,13666.0,13541.7,0.00918
2015-07-21,13822.95,13666.0,0.01148
2015-07-22,13767.53,13822.95,-0.00401
2015-07-23,13845.79,13767.53,0.00568
2015-07-24,14063.77,13845.79,0.01574
2015-07-27,14240.36,14063.77,0.01256
2015-07-28,14488.95,14240.36,0.01746
2015-07-29,14730.09,14488.95,0.01664
2015-07-30,14837.4,14730.09,0.00729
2015-07-31,14695.8,14837.4,-0.00954
2015-08-03,14806.03,14695.8,0.0075
2015-08-04,14967.13,14806.03,0.01088
2015-08-05,15120.1,14967.13,0.01022
2015-08-06,15035.26,15120.1,-0.00561
2015-08-07,15171.65,15035.26,0.00907
2015-08-10,15092.15,15171.65,-0.00524
2015-08-11,15225.32,15092.15,0.00882
2015-08-12,15560.52,15225.32,0.02202
2015-08-13,15410.59,15560.52,-0.00964
2015-08-14,15354.99,15410.59,-0.00361
2015-08-17,15378.97,15354.99,0.00156
2015-08-18,15609.62,15378.97,0.015
2015-08-19,16184.46,15609.62,0.03683
2015-08-20,16283.11,16184.46,0.0061
2015-08-21,16314.66,16283.11,0.00194
2015-08-24,16298.91,16314.66,-0.00097
2015-08-25,15977.43,16298.91,-0.01972
2015-08-26,15987.6,15977.43,0.00064
2015-08-27,16024.78,15987.6,0.00233
2015-08-28,16277.6,16024.78,0.01578
2015-08-31,15916.65,16277.6,-0.02217
2015-09-01,15911.94,15916.65,-0.0003
2015-09-02,15959.65,15911.94,0.003
2015-09-03,15749.91,15959.65,-0.01314
2015-09-04,15972.98,15749.91,0.01416
2015-09-07,15787.47,15972.98,-0.01161
2015-09-08,15899.97,15787.47,0.00713
2015-09-09,15880.82,15899.97,-0.0012
2015-09-10,15829.77,15880.82,-0.00321
2015-09-11,15554.83,15829.77,-0.01737
2015-09-14,15681.72,15554.83,0.00816
2015-09-15,15867.66,15681.72,0.01186
2015-09-16,15979.91,15867.66,0.00707
2015-09-17,15844.08,15979.91,-0.0085
2015-09-18,15737.79,15844.08,-0.00671
2015-09-21,15525.64,15737.79,-0.01348
2015-09-22,15493.35,15525.64,-0.00208
2015-09-23,15739.46,15493.35,0.01588
2015-09-24,15859.44,15739.46,0.00762
2015-09-25,15410.33,15859.44,-0.02832
2015-09-28,15166.7,15410.33,-0.01581
2015-09-29,15215.36,15166.7,0.00321
2015-09-30,15298.64,15215.36,0.00547
2015-10-01,15265.78,15298.64,-0.00215
2015-10-02,15211.67,15265.78,-0.00354
2015-10-05,15127.57,15211.67,-0.00553
2015-10-06,15094.88,15127.57,-0.00216
2015-10-07,14938.57,15094.88,-0.01036
2015-10-08,14982.93,14938.57,0.00297
2015-10-09,15056.95,14982.93,0.00494
2015-10-12,15105.22,15056.95,0.00321
2015-10-13,15131.5,15105.22,0.00174
2015-10-14,15353.46,15131.5,0.01467
2015-10-15,15312.92,15353.46,-0.00264
2015-10-16,15321.89,15312.92,0.00059
2015-10-19,15625.13,15321.89,0.01979
2015-10-20,15387.15,15625.13,-0.01523
2015-10-21,15050.44,15387.15,-0.02188
2015-10-22,15139.8,15050.44,0.00594
2015-10-23,15108.67,15139.8,-0.00206
2015-10-26,15431.83,15108.67,0.02139
2015-10-27,15601.4,15431.83,0.01099
2015-10-28,15737.37,15601.4,0.00872
2015-10-29,15884.22,15737.37,0.00933
2015-10-30,15711.74,15884.22,-0.01086
2015-11-02,15735.01,15711.74,0.00148
2015-11-03,16096.18,15735.01,0.02295
2015-11-04,15880.94,16096.18,-0.01337
2015-11-05,15879.93,15880.94,-6e-05
2015-11-06,15704.13,15879.93,-0.01107
2015-11-09,15814.22,15704.13,0.00701
2015-11-10,15979.44,15814.22,0.01045
2015-11-11,15821.66,15979.44,-0.00987
2015-11-12,15825.57,15821.66,0.00025
2015-11-13,16066.71,15825.57,0.01524
2015-11-16,16087.49,16066.71,0.00129
2015-11-17,15909.39,16087.49,-0.01107
2015-11-18,15994.55,15909.39,0.00535
2015-11-19,16344.69,15994.55,0.02189
2015-11-20,16102.7,16344.69,-0.01481
2015-11-23,16029.81,16102.7,-0.00453
2015-11-24,15984.2,16029.81,-0.00285
2015-11-25,16078.98,15984.2,0.00593
2015-11-26,16136.79,16078.98,0.0036
2015-11-27,16246.23,16136.79,0.00678
2015-11-30,16584.12,16246.23,0.0208
2015-12-01,16581.46,16584.12,-0.00016
2015-12-02,16434.46,16581.46,-0.00887
2015-12-03,16456.34,16434.46,0.00133
2015-12-04,16734.82,16456.34,0.01692
2015-12-07,16708.63,16734.82,-0.00157
2015-12-08,16838.65,16708.63,0.00778
2015-12-09,16871.24,16838.65,0.00194
2015-12-10,16843.43,16871.24,-0.00165
2015-12-11,16773.94,16843.43,-0.00413
2015-12-14,16947.56,16773.94,0.01035
2015-12-15,16859.13,16947.56,-0.00522
2015-12-16,16827.81,16859.13,-0.00186
2015-12-17,16521.09,16827.81,-0.01823
2015-12-18,16485.98,16521.09,-0.00213
2015-12-21,16456.95,16485.98,-0.00176
2015-12-22,16485.75,16456.95,0.00175
2015-12-23,16391.52,16485.75,-0.00572
2015-12-24,16160.59,16391.52,-0.01409
2015-12-25,16224.99,16160.59,0.00399
2015-12-28,16326.53,16224.99,0.00626
2015-12-29,16203.79,16326.53,-0.00752
2015-12-30,16245.47,16203.79,0.00257
2015-12-31,16161.9,16245.47,-0.00514
2016-01-01,16128.24,16161.9,-0.00208
2016-01-04,16150.54,16128.24,0.00138
2016-01-05,16050.93,16150.54,-0.00617
2016-01-06,15870.67,16050.93,-0.01123
2016-01-07,16201.57,15870.67,0.02085
2016-01-08,16169.99,16201.57,-0.00195
2016-01-11,16207.34,16169.99,0.00231
2016-01-12,16438.53,16207.34,0.01426
2016-01-13,16638.07,16438.53,0.01214
2016-01-14,16460.08,16638.07,-0.0107
2016-01-15,16370.09,16460.08,-0.00547
2016-01-18,16898.78,16370.09,0.0323
2016-01-19,16915.89,16898.78,0.00101
2016-01-20,17070.81,16915.89,0.00916
2016-01-21,17128.44,17070.81,0.00338
2016-01-22,17088.16,17128.44,-0.00235
2016-01-25,17100.39,17088.16,0.00072
2016-01-26,17153.84,17100.39,0.00313
2016-01-27,17220.64,17153.84,0.00389
2016-01-28,16731.04,17220.64,-0.02843
2016-01-29,16638.31,16731.04,-0.00554
2016-02-01,16104.67,16638.31,-0.03207
2016-02-02,15778.27,16104.67,-0.02027
2016-02-03,15621.7,15778.27,-0.00992
2016-02-04,15243.29,15621.7,-0.02422
2016-02-05,15543.08,15243.29,0.01967
2016-02-08,15458.18,15543.08,-0.00546
2016-02-09,15372.7,15458.18,-0.00553
2016-02-10,15498.74,15372.7,0.0082
2016-02-11,15457.8,15498.74,-0.00264
2016-02-12,15569.12,15457.8,0.0072
2016-02-15,15510.21,15569.12,-0.00378
2016-02-16,15494.5,15510.21,-0.00101
2016-02-17,15434.28,15494.5,-0.00389
2016-02-18,15582.08,15434.28,0.00958
2016-02-19,15486.83,15582.08,-0.00611
2016-02-22,15058.4,15486.83,-0.02766
2016-02-23,15068.11,15058.4,0.00064
2016-02-24,15229.26,15068.11,0.01069
2016-02-25,15107.23,15229.26,-0.00801
2016-02-26,14929.27,15107.23,-0.01178
2016-02-29,14740.96,14929.27,-0.01261
2016-03-01,14362.46,14740.96,-0.02568
2016-03-02,14197.4,14362.46,-0.01149
2016-03-03,14077.24,14197.4,-0.00846
2016-03-04,14184.68,14077.24,0.00763
2016-03-07,14109.98,14184.68,-0.00527
2016-03-08,14220.21,14109.98,0.00781
2016-03-09,14006.45,14220.21,-0.01503
2016-03-10,14387.44,14006.45,0.0272
2016-03-11,14247.98,14387.44,-0.00969
2016-03-14,14083.26,14247.98,-0.01156
2016-03-15,14285.76,14083.26,0.01438
2016-03-16,14108.55,14285.76,-0.0124
2016-03-17,14150.12,14108.55,0.00295
2016-03-18,14588.95,14150.12,0.03101
2016-03-21,14502.7,14588.95,-0.00591
2016-03-22,14192.65,14502.7,-0.02138
2016-03-23,14198.43,14192.65,0.00041
2016-03-24,14091.31,14198.43,-0.00754
2016-03-25,13944.73,14091.31,-0.0104
2016-03-28,14021.87,13944.73,0.00553
2016-03-29,14177.07,14021.87,0.01107
2016-03-30,14239.74,14177.07,0.00442
2016-03-31,14292.71,14239.74,0.00372
2016-04-01,14052.38,14292.71,-0.01681
2016-04-04,13968.18,14052.38,-0.00599
2016-04-05,14090.15,13968.18,0.00873
2016-04-06,13914.45,14090.15,-0.01247
2016-04-07,13980.85,13914.45,0.00477
2016-04-08,13836.36,13980.85,-0.01033
2016-04-11,13970.42,13836.36,0.00969
2016-04-12,13827.16,13970.42,-0.01025
2016-04-13,13941.64,13827.16,0.00828
2016-04-14,14056.76,13941.64,0.00826
2016-04-15,14059.03,14056.76,0.00016
2016-04-18,14028.87,14059.03,-0.00215
2016-04-19,13831.9,14028.87,-0.01404
2016-04-20,13621.78,13831.9,-0.01519
2016-04-21,13937.28,13621.78,0.02316
2016-04-22,13805.23,13937.28,-0.00947
2016-04-25,13508.52,13805.23,-0.02149
2016-04-26,13548.53,13508.52,0.00296
2016-04-27,13466.68,13548.53,-0.00604
2016-04-28,13476.96,13466.68,0.00076
2016-04-29,13469.61,13476.96,-0.00055
2016-05-02,13284.59,13469.61,-0.01374
2016-05-03,12981.13,13284.59,-0.02284
2016-05-04,12968.27,12981.13,-0.00099
2016-05-05,13132.24,12968.27,0.01264
2016-05-06,13071.84,13132.24,-0.0046
2016-05-09,13099.22,13071.84,0.00209
2016-05-10,13203.15,13099.22,0.00793
2016-05-11,13111.12,13203.15,-0.00697
2016-05-12,12992.39,13111.12,-0.00906
2016-05-13,12904.86,12992.39,-0.00674
2016-05-16,13022.93,12904.86,0.00915
2016-05-17,13088.25,13022.93,0.00502
2016-05-18,13120.2,13088.25,0.00244
2016-05-19,12932.46,13120.2,-0.01431
2016-05-20,13196.41,12932.46,0.02041
2016-05-23,13200.45,13196.41,0.00031
2016-05-24,13158.69,13200.45,-0.00316
2016-05-25,13251.12,13158.69,0.00702
2016-05-26,13344.2,13251.12,0.00702
2016-05-27,13322.92,13344.2,-0.00159
2016-05-30,13415.31,13322.92,0.00693
2016-05-31,13698.94,13415.31,0.02114
2016-06-01,13782.62,13698.94,0.00611
2016-06-02,13744.93,13782.62,-0.00273
2016-06-03,13580.89,13744.93,-0.01193
2016-06-06,13416.79,13580.89,-0.01208
2016-06-07,13295.89,13416.79,-0.00901
2016-06-08,13201.71,13295.89,-0.00708
2016-06-09,13017.04,13201.71,-0.01399
2016-06-10,12971.22,13017.04,-0.00352
2016-06-13,12945.91,12971.22,-0.00195
2016-06-14,12793.11,12945.91,-0.0118
2016-06-15,12546.9,12793.11,-0.01925
2016-06-16,12669.39,12546.9,0.00976
2016-06-17,12768.34,12669.39,0.00781
2016-06-20,12718.9,12768.34,-0.00387
2016-06-21,12720.12,12718.9,0.0001
2016-06-22,12736.88,12720.12,0.00132
2016-06-23,12833.19,12736.88,0.00756
2016-06-24,12692.81,12833.19,-0.01094
2016-06-27,12670.26,12692.81,-0.00178
2016-06-28,12604.61,12670.26,-0.00518
2016-06-29,12495.63,12604.61,-0.00865
2016-06-30,12566.07,12495.63,0.00564
2016-07-01,12366.23,12566.07,-0.0159
2016-07-04,12376.72,12366.23,0.00085
2016-07-05,12482.4,12376.72,0.00854
2016-07-06,12636.43,12482.4,0.01234
2016-07-07,12627.79,12636.43,-0.00068
2016-07-08,12369.17,12627.79,-0.02048
2016-07-11,12278.09,12369.17,-0.00736
2016-07-12,12413.76,12278.09,0.01105
2016-07-13,12387.36,12413.76,-0.00213
2016-07-14,12539.74,12387.36,0.0123
2016-07-15,12421.33,12539.74,-0.00944
2016-07-18,12496.41,12421.33,0.00604
2016-07-19,12393.44,12496.41,-0.00824
2016-07-20,11811.98,12393.44,-0.04692
2016-07-21,11900.36,11811.98,0.00748
2016-07-22,11983.59,11900.36,0.00699
2016-07-25,11802.42,11983.59,-0.01512
2016-07-26,11899.24,11802.42,0.0082
2016-07-27,11912.28,11899.24,0.0011
2016-07-28,12003.33,11912.28,0.00764
2016-07-29,12105.66,12003.33,0.00853
2016-08-01,12138.12,12105.66,0.00268
2016-08-02,12274.99,12138.12,0.01128
2016-08-03,12219.69,12274.99,-0.00451
2016-08-04,12348.15,12219.69,0.01051
2016-08-05,12056.4,12348.15,-0.02363
2016-08-08,12039.73,12056.4,-0.00138
2016-08-09,11960.29,12039.73,-0.0066
2016-08-10,11970.29,11960.29,0.00084
2016-08-11,12160.18,11970.29,0.01586
2016-08-12,12348.51,12160.18,0.01549
2016-08-15,12491.02,12348.51,0.01154
2016-08-16,12511.85,12491.02,0.00167
2016-08-17,12259.82,12511.85,-0.02014
2016-08-18,12306.97,12259.82,0.00385
2016-08-19,12343.07,12306.97,0.00293
2016-08-22,12279.86,12343.07,-0.00512
2016-08-23,12216.74,12279.86,-0.00514
2016-08-24,12450.35,12216.74,0.01912
2016-08-25,12612.68,12450.35,0.01304
2016-08-26,12554.85,12612.68,-0.00459
2016-08-29,12676.99,12554.85,0.00973
2016-08-30,12749.55,12676.99,0.00572
2016-08-31,12743.03,12749.55,-0.00051
2016-09-01,12647.19,12743.03,-0.00752
2016-09-02,12666.71,12647.19,0.00154
2016-09-05,12641.41,12666.71,-0.002
2016-09-06,12384.94,12641.41,-0.02029
2016-09-07,12382.34,12384.94,-0.00021
2016-09-08,12613.77,12382.34,0.01869
2016-09-09,12450.75,12613.77,-0.01292
2016-09-12,12530.6,12450.75,0.00641
2016-09-13,12646.58,12530.6,0.00926
2016-09-14,12574.94,12646.58,-0.00566
2016-09-15,12670.34,12574.94,0.00759
2016-09-16,12962.65,12670.34,0.02307
2016-09-19,13029.47,12962.65,0.00515
2016-09-20,13057.67,13029.47,0.00216
2016-09-21,13067.06,13057.67,0.00072
2016-09-22,13221.11,13067.06,0.01179
2016-09-23,13291.74,13221.11,0.00534
2016-09-26,13381.84,13291.74,0.00678
2016-09-27,13297.05,13381.84,-0.00634
2016-09-28,13240.27,13297.05,-0.00427
2016-09-29,13376.1,13240.27,0.01026
2016-09-30,13711.61,13376.1,0.02508
2016-10-03,13906.84,13711.61,0.01424
2016-10-04,14035.17,13906.84,0.00923
2016-10-05,13920.54,14035.17,-0.00817
2016-10-06,14013.58,13920.54,0.00668
2016-10-07,13930.95,14013.58,-0.0059
2016-10-10,14134.68,13930.95,0.01462
2016-10-11,14068.09,14134.68,-0.00471
2016-10-12,13747.45,14068.09,-0.02279
2016-10-13,14147.39,13747.45,0.02909
2016-10-14,14218.54,14147.39,0.00503
2016-10-17,14196.38,14218.54,-0.00156
2016-10-18,14280.7,14196.38,0.00594
2016-10-19,14025.06,14280.7,-0.0179
2016-10-20,13976.46,14025.06,-0.00347
2016-10-21,13835.99,13976.46,-0.01005
2016-10-24,13698.23,13835.99,-0.00996
2016-10-25,13586.99,13698.23,-0.00812
2016-10-26,13705.35,13586.99,0.00871
2016-10-27,13738.13,13705.35,0.00239
2016-10-28,13737.08,13738.13,-8e-05
2016-10-31,13646.68,13737.08,-0.00658
2016-11-01,13583.3,13646.68,-0.00464
2016-11-02,13516.12,13583.3,-0.00495
2016-11-03,13570.14,13516.12,0.004
2016-11-04,13670.6,13570.14,0.0074
2016-11-07,13688.16,13670.6,0.00128
2016-11-08,13680.38,13688.16,-0.00057
2016-11-09,13809.66,13680.38,0.00945
2016-11-10,13957.36,13809.66,0.0107
2016-11-11,13906.75,13957.36,-0.00363
2016-11-14,13877.83,13906.75,-0.00208
2016-11-15,13654.95,13877.83,-0.01606
2016-11-16,13875.62,13654.95,0.01616
2016-11-17,14026.21,13875.62,0.01085
2016-11-18,14130.65,14026.21,0.00745
2016-11-21,14198.77,14130.65,0.00482
2016-11-22,14036.46,14198.77,-0.01143
2016-11-23,13907.62,14036.46,-0.00918
2016-11-24,13945.32,13907.62,0.00271
2016-11-25,13904.09,13945.32,-0.00296
2016-11-28,13982.5,13904.09,0.00564
2016-11-29,14052.27,13982.5,0.00499
2016-11-30,14198.66,14052.27,0.01042
2016-12-01,14060.75,14198.66,-0.00971
2016-12-02,14100.58,14060.75,0.00283
2016-12-05,13854.5,14100.58,-0.01745
2016-12-06,13808.08,13854.5,-0.00335
2016-12-07,13967.55,13808.08,0.01155
2016-12-08,13829.64,13967.55,-0.00987
2016-12-09,13809.19,13829.64,-0.00148
2016-12-12,13641.18,13809.19,-0.01217
2016-12-13,13684.15,13641.18,0.00315
2016-12-14,13999.59,13684.15,0.02305
2016-12-15,13808.29,13999.59,-0.01366
2016-12-16,13757.14,13808.29,-0.0037
2016-12-19,13859.93,13757.14,0.00747
2016-12-20,14032.73,13859.93,0.01247
2016-12-21,14105.23,14032.73,0.00517
2016-12-22,14244.46,14105.23,0.00987
2016-12-23,14117.98,14244.46,-0.00888
2016-12-26,14152.96,14117.98,0.00248
2016-12-27,14120.14,14152.96,-0.00232
2016-12-28,13981.19,14120.14,-0.00984
2016-12-29,13968.06,13981.19,-0.00094
2016-12-30,13854.46,13968.06,-0.00813
2017-01-02,13701.27,13854.46,-0.01106
2017-01-03,13733.81,13701.27,0.00237
2017-01-04,14027.83,13733.81,0.02141
2017-01-05,13833.32,14027.83,-0.01387
2017-01-06,13658.07,13833.32,-0.01267
2017-01-09,13702.0,13658.07,0.00322
2017-01-10,13470.23,13702.0,-0.01692
2017-01-11,13360.49,13470.23,-0.00815
2017-01-12,13440.21,13360.49,0.00597
2017-01-13,13352.04,13440.21,-0.00656
2017-01-16,13352.72,13352.04,5e-05
2017-01-17,13597.19,13352.72,0.01831
2017-01-18,13692.32,13597.19,0.007
2017-01-19,13485.9,13692.32,-0.01508
2017-01-20,13401.61,13485.9,-0.00625
2017-01-23,13662.96,13401.61,0.0195
2017-01-24,13653.56,13662.96,-0.00069
2017-01-25,13458.61,13653.56,-0.01428
2017-01-26,13537.83,13458.61,0.00589
2017-01-27,13620.68,13537.83,0.00612
2017-01-30,13902.14,13620.68,0.02066
2017-01-31,13975.79,13902.14,0.0053
2017-02-01,14109.93,13975.79,0.0096
2017-02-02,14319.79,14109.93,0.01487
2017-02-03,14076.07,14319.79,-0.01702
2017-02-06,14062.99,14076.07,-0.00093
2017-02-07,14031.34,14062.99,-0.00225
2017-02-08,14021.86,14031.34,-0.00068
2017-02-09,13998.84,14021.86,-0.00164
2017-02-10,13936.02,13998.84,-0.00449
2017-02-13,14081.81,13936.02,0.01046
2017-02-14,14012.09,14081.81,-0.00495
2017-02-15,14223.21,14012.09,0.01507
2017-02-16,14076.27,14223.21,-0.01033
2017-02-17,13985.78,14076.27,-0.00643
2017-02-20,13648.59,13985.78,-0.02411
2017-02-21,13426.04,13648.59,-0.01631
2017-02-22,13714.04,13426.04,0.02145
2017-02-23,13534.97,13714.04,-0.01306
2017-02-24,13554.43,13534.97,0.00144
2017-02-27,13661.04,13554.43,0.00787
2017-02-28,13729.02,13661.04,0.00498
2017-03-01,13946.57,13729.02,0.01585
2017-03-02,14316.5,13946.57,0.02652
2017-03-03,14286.68,14316.5,-0.00208
2017-03-06,14243.79,14286.68,-0.003
2017-03-07,14414.19,14243.79,0.01196
2017-03-08,14313.77,14414.19,-0.00697
2017-03-09,14056.15,14313.77,-0.018
2017-03-10,14110.02,14056.15,0.00383
2017-03-13,14010.06,14110.02,-0.00708
2017-03-14,13941.58,14010.06,-0.00489
2017-03-15,13847.01,13941.58,-0.00678
2017-03-16,13812.53,13847.01,-0.00249
2017-03-17,13857.99,13812.53,0.00329
2017-03-20,13719.1,13857.99,-0.01002
2017-03-21,14179.27,13719.1,0.03354
2017-03-22,13825.26,14179.27,-0.02497
2017-03-23,14032.5,13825.26,0.01499
2017-03-24,13989.79,14032.5,-0.00304
2017-03-27,13882.74,13989.79,-0.00765
2017-03-28,13851.62,13882.74,-0.00224
2017-03-29,14007.02,13851.62,0.01122
2017-03-30,13951.64,14007.02,-0.00395
2017-03-31,13936.49,13951.64,-0.00109
2017-04-03,13903.47,13936.49,-0.00237
2017-04-04,13774.53,13903.47,-0.00927
2017-04-05,13946.68,13774.53,0.0125
2017-04-06,14052.19,13946.68,0.00757
2017-04-07,14088.3,14052.19,0.00257
2017-04-10,14176.42,14088.3,0.00625
2017-04-11,14327.26,14176.42,0.01064
2017-04-12,14380.34,14327.26,0.0037
2017-04-13,14348.71,14380.34,-0.0022
2017-04-14,14352.17,14348.71,0.00024
2017-04-17,14444.16,14352.17,0.00641
2017-04-18,14640.4,14444.16,0.01359
2017-04-19,14648.53,14640.4,0.00056
2017-04-20,14770.54,14648.53,0.00833
2017-04-21,14877.06,14770.54,0.00721
2017-04-24,14638.27,14877.06,-0.01605
2017-04-25,14149.88,14638.27,-0.03336
2017-04-26,14369.86,14149.88,0.01555
2017-04-27,14319.72,14369.86,-0.00349
2017-04-28,14183.27,14319.72,-0.00953
2017-05-01,14418.85,14183.27,0.01661
2017-05-02,14206.58,14418.85,-0.01472
2017-05-03,14405.73,14206.58,0.01402
2017-05-04,14519.53,14405.73,0.0079
2017-05-05,14569.48,14519.53,0.00344
2017-05-08,14427.23,14569.48,-0.00976
2017-05-09,14553.68,14427.23,0.00876
2017-05-10,14437.23,14553.68,-0.008
2017-05-11,14528.99,14437.23,0.00636
2017-05-12,14565.74,14528.99,0.00253
2017-05-15,14606.13,14565.74,0.00277
2017-05-16,14459.86,14606.13,-0.01001
2017-05-17,14255.72,14459.86,-0.01412
2017-05-18,14222.44,14255.72,-0.00233
2017-05-19,14319.81,14222.44,0.00685
2017-05-22,14265.31,14319.81,-0.00381
2017-05-23,14038.66,14265.31,-0.01589
2017-05-24,14106.73,14038.66,0.00485
2017-05-25,14128.68,14106.73,0.00156
2017-05-26,14144.18,14128.68,0.0011
2017-05-29,13953.2,14144.18,-0.0135
2017-05-30,13760.08,13953.2,-0.01384
2017-05-31,13657.31,13760.08,-0.00747
2017-06-01,13641.31,13657.31,-0.00117
2017-06-02,13761.9,13641.31,0.00884
2017-06-05,13803.34,13761.9,0.00301
2017-06-06,13835.31,13803.34,0.00232
2017-06-07,14161.73,13835.31,0.02359
2017-06-08,14213.27,14161.73,0.00364
2017-06-09,14096.81,14213.27,-0.00819
2017-06-12,14134.03,14096.81,0.00264
2017-06-13,13730.89,14134.03,-0.02852
2017-06-14,13726.37,13730.89,-0.00033
2017-06-15,13700.95,13726.37,-0.00185
2017-06-16,13469.59,13700.95,-0.01689
2017-06-19,13245.48,13469.59,-0.01664
2017-06-20,13357.22,13245.48,0.00844
2017-06-21,13319.47,13357.22,-0.00283
2017-06-22,13243.55,13319.47,-0.0057
2017-06-23,13332.18,13243.55,0.00669
2017-06-26,13377.73,13332.18,0.00342
2017-06-27,13493.92,13377.73,0.00869
2017-06-28,13412.07,13493.92,-0.00607
2017-06-29,13435.4,13412.07,0.00174
2017-06-30,13745.76,13435.4,0.0231
2017-07-03,13813.34,13745.76,0.00492
2017-07-04,13770.23,13813.34,-0.00312
2017-07-05,13895.7,13770.23,0.00911
2017-07-06,14001.78,13895.7,0.00763
2017-07-07,14305.04,14001.78,0.02166
2017-07-10,14281.14,14305.04,-0.00167
2017-07-11,13682.21,14281.14,-0.04194
2017-07-12,13824.04,13682.21,0.01037
2017-07-13,13897.63,13824.04,0.00532
2017-07-14,13854.1,13897.63,-0.00313
2017-07-17,14056.0,13854.1,0.01457
2017-07-18,13742.86,14056.0,-0.02228
2017-07-19,13763.31,13742.86,0.00149
2017-07-20,13817.21,13763.31,0.00392
2017-07-21,13632.57,13817.21,-0.01336
2017-07-24,13702.49,13632.57,0.00513
2017-07-25,13659.89,13702.49,-0.00311
2017-07-26,13553.94,13659.89,-0.00776
2017-07-27,13499.0,13553.94,-0.00405
2017-07-28,13766.46,13499.0,0.01981
2017-07-31,13852.98,13766.46,0.00628
2017-08-01,13536.44,13852.98,-0.02285
2017-08-02,13604.95,13536.44,0.00506
2017-08-03,13623.11,13604.95,0.00133
2017-08-04,13549.58,13623.11,-0.0054
2017-08-07,13530.77,13549.58,-0.00139
2017-08-08,13396.07,13530.77,-0.00996
2017-08-09,13459.58,13396.07,0.00474
2017-08-10,13380.8,13459.58,-0.00585
2017-08-11,13343.27,13380.8,-0.0028
2017-08-14,13196.81,13343.27,-0.01098
2017-08-15,13417.0,13196.81,0.01669
2017-08-16,12785.62,13417.0,-0.04706
2017-08-17,12744.32,12785.62,-0.00323
2017-08-18,12318.94,12744.32,-0.03338
2017-08-21,12354.75,12318.94,0.00291
2017-08-22,12209.35,12354.75,-0.01177
2017-08-23,12265.7,12209.35,0.00462
2017-08-24,12169.07,12265.7,-0.00788
2017-08-25,12426.26,12169.07,0.02113
2017-08-28,12646.79,12426.26,0.01775
2017-08-29,12543.07,12646.79,-0.0082
2017-08-30,12720.62,12543.07,0.01416
2017-08-31,12809.03,12720.62,0.00695
2017-09-01,12850.75,12809.03,0.00326
2017-09-04,12727.24,12850.75,-0.00961
2017-09-05,12693.06,12727.24,-0.00269
2017-09-06,12748.39,12693.06,0.00436
2017-09-07,12923.68,12748.39,0.01375
2017-09-08,12800.32,12923.68,-0.00955
2017-09-11,12835.29,12800.32,0.00273
2017-09-12,12641.43,12835.29,-0.0151
2017-09-13,12760.05,12641.43,0.00938
2017-09-14,12834.66,12760.05,0.00585
2017-09-15,12888.35,12834.66,0.00418
2017-09-18,12942.14,12888.35,0.00417
2017-09-19,12869.08,12942.14,-0.00565
2017-09-20,12950.02,12869.08,0.00629
2017-09-21,13002.91,12950.02,0.00408
2017-09-22,12941.88,13002.91,-0.00469
2017-09-25,12859.55,12941.88,-0.00636
2017-09-26,13015.67,12859.55,0.01214
2017-09-27,12944.75,13015.67,-0.00545
2017-09-28,13035.9,12944.75,0.00704
2017-09-29,12944.06,13035.9,-0.00705
2017-10-02,12860.62,12944.06,-0.00645
2017-10-03,12959.97,12860.62,0.00773
2017-10-04,13240.86,12959.97,0.02167
2017-10-05,13279.01,13240.86,0.00288
2017-10-06,13284.27,13279.01,0.0004
2017-10-09,13391.46,13284.27,0.00807
2017-10-10,13275.39,13391.46,-0.00867
2017-10-11,13125.36,13275.39,-0.0113
2017-10-12,13060.34,13125.36,-0.00495
2017-10-13,12856.05,13060.34,-0.01564
2017-10-16,13100.19,12856.05,0.01899
2017-10-17,13057.62,13100.19,-0.00325
2017-10-18,12965.51,13057.62,-0.00705
2017-10-19,12915.89,12965.51,-0.00383
2017-10-20,12782.86,12915.89,-0.0103
2017-10-23,12745.13,12782.86,-0.00295
2017-10-24,12364.01,12745.13,-0.0299
2017-10-25,12406.73,12364.01,0.00346
2017-10-26,12183.9,12406.73,-0.01796
2017-10-27,11926.45,12183.9,-0.02113
2017-10-30,12096.92,11926.45,0.01429
2017-10-31,12186.92,12096.92,0.00744
2017-11-01,12015.4,12186.92,-0.01407
2017-11-02,12170.71,12015.4,0.01293
2017-11-03,12236.28,12170.71,0.00539
2017-11-06,12225.27,12236.28,-0.0009
2017-11-07,12211.59,12225.27,-0.00112
2017-11-08,12084.21,12211.59,-0.01043
2017-11-09,12030.26,12084.21,-0.00446
2017-11-10,12331.74,12030.26,0.02506
2017-11-13,12320.74,12331.74,-0.00089
2017-11-14,12227.27,12320.74,-0.00759
2017-11-15,12301.1,12227.27,0.00604
2017-11-16,12338.84,12301.1,0.00307
2017-11-17,11917.58,12338.84,-0.03414
2017-11-20,11872.05,11917.58,-0.00382
2017-11-21,11725.61,11872.05,-0.01233
2017-11-22,11963.97,11725.61,0.02033
2017-11-23,12038.06,11963.97,0.00619
2017-11-24,11909.12,12038.06,-0.01071
2017-11-27,11913.77,11909.12,0.00039
2017-11-28,12114.43,11913.77,0.01684
2017-11-29,12158.36,12114.43,0.00363
2017-11-30,12165.78,12158.36,0.00061
2017-12-01,12212.37,12165.78,0.00383
2017-12-04,12077.18,12212.37,-0.01107
2017-12-05,12150.79,12077.18,0.00609
2017-12-06,11989.05,12150.79,-0.01331
2017-12-07,12043.42,11989.05,0.00453
2017-12-08,12237.65,12043.42,0.01613
2017-12-11,12223.52,12237.65,-0.00115
2017-12-12,12307.93,12223.52,0.00691
2017-12-13,12225.05,12307.93,-0.00673
2017-12-14,12282.17,12225.05,0.00467
2017-12-15,12151.94,12282.17,-0.0106
2017-12-18,11820.26,12151.94,-0.02729
2017-12-19,11843.62,11820.26,0.00198
2017-12-20,11930.05,11843.62,0.0073
2017-12-21,11889.98,11930.05,-0.00336
2017-12-22,11801.99,11889.98,-0.0074
2017-12-25,11791.17,11801.99,-0.00092
2017-12-26,11855.92,11791.17,0.00549
2017-12-27,12055.32,11855.92,0.01682
2017-12-28,12181.35,12055.32,0.01045
2017-12-29,12271.36,12181.35,0.00739
2018-01-01,12166.16,12271.36,-0.00857
2018-01-02,12088.11,12166.16,-0.00642
2018-01-03,11759.1,12088.11,-0.02722
2018-01-04,11741.92,11759.1,-0.00146
2018-01-05,11772.99,11741.92,0.00265
2018-01-08,12002.45,11772.99,0.01949
2018-01-09,11616.97,12002.45,-0.03212
2018-01-10,11576.11,11616.97,-0.00352
2018-01-11,11398.52,11576.11,-0.01534
2018-01-12,11385.34,11398.52,-0.00116
2018-01-15,11296.46,11385.34,-0.00781
2018-01-16,11583.39,11296.46,0.0254
2018-01-17,11759.2,11583.39,0.01518
2018-01-18,11788.56,11759.2,0.0025
2018-01-19,11807.35,11788.56,0.00159
2018-01-22,11508.76,11807.35,-0.02529
2018-01-23,11515.15,11508.76,0.00056
2018-01-24,11465.41,11515.15,-0.00432
2018-01-25,11558.12,11465.41,0.00809
2018-01-26,11468.66,11558.12,-0.00774
2018-01-29,11333.14,11468.66,-0.01182
2018-01-30,11477.99,11333.14,0.01278
2018-01-31,11396.13,11477.99,-0.00713
2018-02-01,11427.59,11396.13,0.00276
2018-02-02,11506.43,11427.59,0.0069
2018-02-05,11757.51,11506.43,0.02182
2018-02-06,11767.43,11757.51,0.00084
2018-02-07,11808.28,11767.43,0.00347
2018-02-08,11934.19,11808.28,0.01066
2018-02-09,12098.22,11934.19,0.01374
2018-02-12,11980.99,12098.22,-0.00969
2018-02-13,12006.01,11980.99,0.00209
2018-02-14,12198.22,12006.01,0.01601
2018-02-15,12004.6,12198.22,-0.01587
2018-02-16,12089.3,12004.6,0.00706
2018-02-19,11645.69,12089.3,-0.03669
2018-02-20,11642.6,11645.69,-0.00027
2018-02-21,11579.14,11642.6,-0.00545
2018-02-22,11650.58,11579.14,0.00617
2018-02-23,11688.03,11650.58,0.00321
2018-02-26,11682.17,11688.03,-0.0005
2018-02-27,11806.49,11682.17,0.01064
2018-02-28,11733.18,11806.49,-0.00621
2018-03-01,11600.4,11733.18,-0.01132
2018-03-02,11390.78,11600.4,-0.01807
2018-03-05,11407.98,11390.78,0.00151
2018-03-06,11685.44,11407.98,0.02432
2018-03-07,11775.65,11685.44,0.00772
2018-03-08,11801.61,11775.65,0.0022
2018-03-09,11539.88,11801.61,-0.02218
2018-03-12,11679.81,11539.88,0.01213
2018-03-13,11869.44,11679.81,0.01624
2018-03-14,11799.84,11869.44,-0.00586
2018-03-15,11507.32,11799.84,-0.02479
2018-03-16,11316.74,11507.32,-0.01656
2018-03-19,11123.29,11316.74,-0.01709
2018-03-20,11161.76,11123.29,0.00346
2018-03-21,11280.88,11161.76,0.01067
2018-03-22,11327.23,11280.88,0.00411
2018-03-23,11527.52,11327.23,0.01768
2018-03-26,11527.99,11527.52,4e-05
2018-03-27,11488.85,11527.99,-0.0034
2018-03-28,11449.31,11488.85,-0.00344
2018-03-29,11440.79,11449.31,-0.00074
2018-03-30,11722.6,11440.79,0.02463
2018-04-02,11804.68,11722.6,0.007
2018-04-03,11912.43,11804.68,0.00913
2018-04-04,12121.6,11912.43,0.01756
2018-04-05,12022.89,12121.6,-0.00814
2018-04-06,12333.99,12022.89,0.02588
2018-04-09,12209.15,12333.99,-0.01012
2018-04-10,12318.56,12209.15,0.00896
2018-04-11,12323.22,12318.56,0.00038
2018-04-12,12356.52,12323.22,0.0027
2018-04-13,12439.91,12356.52,0.00675
2018-04-16,12391.59,12439.91,-0.00388
2018-04-17,12332.72,12391.59,-0.00475
2018-04-18,12367.98,12332.72,0.00286
2018-04-19,12332.59,12367.98,-0.00286
2018-04-20,12325.18,12332.59,-0.0006
2018-04-23,12369.97,12325.18,0.00363
2018-04-24,12464.16,12369.97,0.00761
2018-04-25,12492.13,12464.16,0.00224
2018-04-26,12342.19,12492.13,-0.012
2018-04-27,12330.8,12342.19,-0.00092
2018-04-30,12241.3,12330.8,-0.00726
2018-05-01,12286.16,12241.3,0.00366
2018-05-02,12384.99,12286.16,0.00804
2018-05-03,12456.66,12384.99,0.00579
2018-05-04,12484.18,12456.66,0.00221
2018-05-07,12548.21,12484.18,0.00513
2018-05-08,12464.59,12548.21,-0.00666
2018-05-09,12688.87,12464.59,0.01799
2018-05-10,12855.11,12688.87,0.0131
2018-05-11,12756.55,12855.11,-0.00767
2018-05-14,12741.42,12756.55,-0.00119
2018-05-15,12809.82,12741.42,0.00537
2018-05-16,12875.88,12809.82,0.00516
2018-05-17,12883.09,12875.88,0.00056
2018-05-18,12729.75,12883.09,-0.0119
2018-05-21,12880.12,12729.75,0.01181
2018-05-22,12955.03,12880.12,0.00582
2018-05-23,12919.09,12955.03,-0.00277
2018-05-24,12870.79,12919.09,-0.00374
2018-05-25,12734.54,12870.79,-0.01059
2018-05-28,12513.45,12734.54,-0.01736
2018-05-29,12529.65,12513.45,0.00129
2018-05-30,12750.37,12529.65,0.01762
2018-05-31,12891.18,12750.37,0.01104
2018-06-01,12928.97,12891.18,0.00293
2018-06-04,13071.83,12928.97,0.01105
2018-06-05,13078.62,13071.83,0.00052
2018-06-06,12873.5,13078.62,-0.01568
2018-06-07,12595.87,12873.5,-0.02157
2018-06-08,12749.73,12595.87,0.01222
2018-06-11,12604.56,12749.73,-0.01139
2018-06-12,12720.06,12604.56,0.00916
2018-06-13,12711.68,12720.06,-0.00066
2018-06-14,12779.65,12711.68,0.00535
2018-06-15,12776.12,12779.65,-0.00028
2018-06-18,13005.93,12776.12,0.01799
2018-06-19,13034.56,13005.93,0.0022
2018-06-20,13000.07,13034.56,-0.00265
2018-06-21,13132.98,13000.07,0.01022
2018-06-22,13303.12,13132.98,0.01296
2018-06-25,13355.25,13303.12,0.00392
2018-06-26,13279.86,13355.25,-0.00564
2018-06-27,12997.05,13279.86,-0.0213
2018-06-28,13063.82,12997.05,0.00514
2018-06-29,12992.68,13063.82,-0.00545
2018-07-02,12941.54,12992.68,-0.00394
2018-07-03,13010.46,12941.54,0.00533
2018-07-04,12709.32,13010.46,-0.02315
2018-07-05,12980.98,12709.32,0.02137
2018-07-06,12979.34,12980.98,-0.00013
2018-07-09,12819.87,12979.34,-0.01229
2018-07-10,12950.83,12819.87,0.01022
2018-07-11,13185.34,12950.83,0.01811
2018-07-12,13220.27,13185.34,0.00265
2018-07-13,12967.61,13220.27,-0.01911
2018-07-16,12831.32,12967.61,-0.01051
2018-07-17,12887.68,12831.32,0.00439
2018-07-18,13186.19,12887.68,0.02316
2018-07-19,13319.32,13186.19,0.0101
2018-07-20,13468.36,13319.32,0.01119
2018-07-23,13518.78,13468.36,0.00374
2018-07-24,13212.67,13518.78,-0.02264
2018-07-25,13249.26,13212.67,0.00277
2018-07-26,13206.89,13249.26,-0.0032
2018-07-27,12943.59,13206.89,-0.01994
2018-07-30,13015.11,12943.59,0.00553
2018-07-31,13070.11,13015.11,0.00423
2018-08-01,13039.25,13070.11,-0.00236
2018-08-02,13053.34,13039.25,0.00108
2018-08-03,13196.98,13053.34,0.011
2018-08-06,12957.66,13196.98,-0.01813
2018-08-07,12946.03,12957.66,-0.0009
2018-08-08,12774.95,12946.03,-0.01321
2018-08-09,12860.02,12774.95,0.00666
2018-08-10,12593.58,12860.02,-0.02072
2018-08-13,12654.82,12593.58,0.00486
2018-08-14,12616.09,12654.82,-0.00306
2018-08-15,12535.73,12616.09,-0.00637
2018-08-16,12655.05,12535.73,0.00952
2018-08-17,12828.85,12655.05,0.01373
2018-08-20,12973.73,12828.85,0.01129
2018-08-21,12977.74,12973.73,0.00031
2018-08-22,13267.78,12977.74,0.02235
2018-08-23,13230.7,13267.78,-0.00279
2018-08-24,13359.27,13230.7,0.00972
2018-08-27,13337.6,13359.27,-0.00162
2018-08-28,13142.98,13337.6,-0.01459
2018-08-29,13201.73,13142.98,0.00447
2018-08-30,13138.94,13201.73,-0.00476
2018-08-31,13213.04,13138.94,0.00564
2018-09-03,13416.25,13213.04,0.01538
2018-09-04,13581.54,13416.25,0.01232
2018-09-05,13747.3,13581.54,0.0122
2018-09-06,14022.03,13747.3,0.01998
2018-09-07,13935.99,14022.03,-0.00614
2018-09-10,13862.92,13935.99,-0.00524
2018-09-11,14040.2,13862.92,0.01279
2018-09-12,14176.13,14040.2,0.00968
2018-09-13,14070.66,14176.13,-0.00744
2018-09-14,13949.87,14070.66,-0.00858
2018-09-17,13973.07,13949.87,0.00166
2018-09-18,14219.01,13973.07,0.0176
2018-09-19,14077.33,14219.01,-0.00996
2018-09-20,13976.42,14077.33,-0.00717
2018-09-21,13881.54,13976.42,-0.00679
2018-09-24,13593.44,13881.54,-0.02075
2018-09-25,13811.81,13593.44,0.01606
2018-09-26,13943.87,13811.81,0.00956
2018-09-27,13815.88,13943.87,-0.00918
2018-09-28,13876.74,13815.88,0.00441
2018-10-01,13970.89,13876.74,0.00678
2018-10-02,13979.03,13970.89,0.00058
2018-10-03,13785.88,13979.03,-0.01382
2018-10-04,14014.68,13785.88,0.0166
2018-10-05,14005.58,14014.68,-0.00065
2018-10-08,14178.66,14005.58,0.01236
2018-10-09,13988.33,14178.66,-0.01342
2018-10-10,13690.25,13988.33,-0.02131
2018-10-11,13842.73,13690.25,0.01114
2018-10-12,13605.57,13842.73,-0.01713
2018-10-15,13636.79,13605.57,0.00229
2018-10-16,13505.09,13636.79,-0.00966
2018-10-17,13574.63,13505.09,0.00515
2018-10-18,13385.14,13574.63,-0.01396
2018-10-19,13472.07,13385.14,0.00649
2018-10-22,13821.06,13472.07,0.0259
2018-10-23,13825.87,13821.06,0.00035
2018-10-24,14045.79,13825.87,0.01591
2018-10-25,14287.17,14045.79,0.01719
2018-10-26,14224.95,14287.17,-0.00435
2018-10-29,14345.12,14224.95,0.00845
2018-10-30,14317.29,14345.12,-0.00194
2018-10-31,14258.46,14317.29,-0.00411
2018-11-01,14374.77,14258.46,0.00816
2018-11-02,14421.18,14374.77,0.00323
2018-11-05,14524.2,14421.18,0.00714
2018-11-06,14472.93,14524.2,-0.00353
2018-11-07,14558.25,14472.93,0.0059
2018-11-08,14720.9,14558.25,0.01117
2018-11-09,14751.52,14720.9,0.00208
2018-11-12,14863.54,14751.52,0.00759
2018-11-13,14543.45,14863.54,-0.02154
2018-11-14,14616.5,14543.45,0.00502
2018-11-15,13999.44,14616.5,-0.04222
2018-11-16,13901.67,13999.44,-0.00698
2018-11-19,13937.08,13901.67,0.00255
2018-11-20,13886.92,13937.08,-0.0036
2018-11-21,13685.5,13886.92,-0.0145
2018-11-22,13757.66,13685.5,0.00527
2018-11-23,13919.42,13757.66,0.01176
2018-11-26,13852.85,13919.42,-0.00478
2018-11-27,13965.07,13852.85,0.0081
2018-11-28,14215.05,13965.07,0.0179
2018-11-29,14121.59,14215.05,-0.00657
2018-11-30,14004.73,14121.59,-0.00828
2018-12-03,14285.34,14004.73,0.02004
2018-12-04,14528.12,14285.34,0.017
2018-12-05,14640.27,14528.12,0.00772
2018-12-06,14379.01,14640.27,-0.01785
2018-12-07,14754.8,14379.01,0.02613
2018-12-10,14772.12,14754.8,0.00117
2018-12-11,14892.69,14772.12,0.00816
2018-12-12,14890.05,14892.69,-0.00018
2018-12-13,14838.29,14890.05,-0.00348
2018-12-14,14613.87,14838.29,-0.01512
2018-12-17,14432.15,14613.87,-0.01243
2018-12-18,14304.45,14432.15,-0.00885
2018-12-19,14181.98,14304.45,-0.00856
2018-12-20,13976.28,14181.98,-0.0145
2018-12-21,13938.45,13976.28,-0.00271
2018-12-24,13870.47,13938.45,-0.00488
2018-12-25,13829.71,13870.47,-0.00294
2018-12-26,13838.14,13829.71,0.00061
2018-12-27,13623.8,13838.14,-0.01549
2018-12-28,13257.48,13623.8,-0.02689
2018-12-31,13297.78,13257.48,0.00304
2019-01-01,13427.6,13297.78,0.00976
2019-01-02,13451.59,13427.6,0.00179
2019-01-03,13152.27,13451.59,-0.02225
2019-01-04,13043.56,13152.27,-0.00827
2019-01-07,13064.19,13043.56,0.00158
2019-01-08,12993.53,13064.19,-0.00541
2019-01-09,13060.04,12993.53,0.00512
2019-01-10,13003.72,13060.04,-0.00431
2019-01-11,12850.33,13003.72,-0.0118
2019-01-14,12741.92,12850.33,-0.00844
2019-01-15,12570.85,12741.92,-0.01343
2019-01-16,12554.39,12570.85,-0.00131
2019-01-17,12654.73,12554.39,0.00799
2019-01-18,12608.92,12654.73,-0.00362
2019-01-21,12662.99,12608.92,0.00429
2019-01-22,12592.68,12662.99,-0.00555
2019-01-23,12602.19,12592.68,0.00076
2019-01-24,12616.17,12602.19,0.00111
2019-01-25,12383.36,12616.17,-0.01845
2019-01-28,12521.18,12383.36,0.01113
2019-01-29,12702.59,12521.18,0.01449
2019-01-30,12592.12,12702.59,-0.0087
2019-01-31,12501.19,12592.12,-0.00722
2019-02-01,12442.01,12501.19,-0.00473
2019-02-04,12247.65,12442.01,-0.01562
2019-02-05,12102.89,12247.65,-0.01182
2019-02-06,12034.72,12102.89,-0.00563
2019-02-07,11822.61,12034.72,-0.01762
2019-02-08,11706.6,11822.61,-0.00981
2019-02-11,11820.68,11706.6,0.00974
2019-02-12,11786.82,11820.68,-0.00286
2019-02-13,11704.64,11786.82,-0.00697
2019-02-14,11677.16,11704.64,-0.00235
2019-02-15,11886.31,11677.16,0.01791
2019-02-18,11982.95,11886.31,0.00813
2019-02-19,11758.29,11982.95,-0.01875
2019-02-20,11804.08,11758.29,0.00389
2019-02-21,11847.19,11804.08,0.00365
2019-02-22,11647.54,11847.19,-0.01685
2019-02-25,11782.59,11647.54,0.01159
2019-02-26,11772.61,11782.59,-0.00085
2019-02-27,11630.41,11772.61,-0.01208
2019-02-28,11619.08,11630.41,-0.00097
2019-03-01,11459.71,11619.08,-0.01372
2019-03-04,11532.27,11459.71,0.00633
2019-03-05,11465.59,11532.27,-0.00578
2019-03-06,11370.29,11465.59,-0.00831
2019-03-07,11266.98,11370.29,-0.00909
2019-03-08,11285.98,11266.98,0.00169
2019-03-11,11318.42,11285.98,0.00287
2019-03-12,11204.65,11318.42,-0.01005
2019-03-13,10932.09,11204.65,-0.02433
2019-03-14,10845.51,10932.09,-0.00792
2019-03-15,10794.69,10845.51,-0.00469
2019-03-18,10812.57,10794.69,0.00166
2019-03-19,10774.31,10812.57,-0.00354
2019-03-20,10800.03,10774.31,0.00239
2019-03-21,10912.94,10800.03,0.01045
2019-03-22,10830.53,10912.94,-0.00755
2019-03-25,10781.66,10830.53,-0.00451
2019-03-26,10724.46,10781.66,-0.00531
2019-03-27,10655.16,10724.46,-0.00646
2019-03-28,10693.96,10655.16,0.00364
2019-03-29,10731.15,10693.96,0.00348
2019-04-01,10912.54,10731.15,0.0169
2019-04-02,10973.29,10912.54,0.00557
2019-04-03,10956.9,10973.29,-0.00149
2019-04-04,10791.6,10956.9,-0.01509
2019-04-05,10921.83,10791.6,0.01207
2019-04-08,10879.77,10921.83,-0.00385
2019-04-09,10884.79,10879.77,0.00046
2019-04-10,11189.12,10884.79,0.02796
2019-04-11,11146.7,11189.12,-0.00379
2019-04-12,11221.63,11146.7,0.00672
2019-04-15,11190.76,11221.63,-0.00275
2019-04-16,11317.41,11190.76,0.01132
2019-04-17,11399.68,11317.41,0.00727
2019-04-18,11535.37,11399.68,0.0119
2019-04-19,11394.22,11535.37,-0.01224
2019-04-22,11459.67,11394.22,0.00574
2019-04-23,11495.09,11459.67,0.00309
2019-04-24,11558.53,11495.09,0.00552
2019-04-25,11357.37,11558.53,-0.0174
2019-04-26,11383.47,11357.37,0.0023
2019-04-29,11423.22,11383.47,0.00349
2019-04-30,11527.17,11423.22,0.0091
2019-05-01,11659.37,11527.17,0.01147
2019-05-02,11528.46,11659.37,-0.01123
2019-05-03,11334.98,11528.46,-0.01678
2019-05-06,11566.46,11334.98,0.02042
2019-05-07,11482.89,11566.46,-0.00723
2019-05-08,11654.14,11482.89,0.01491
2019-05-09,11849.07,11654.14,0.01673
2019-05-10,11967.22,11849.07,0.00997
2019-05-13,12131.7,11967.22,0.01374
2019-05-14,12101.39,12131.7,-0.0025
2019-05-15,12121.6,12101.39,0.00167
2019-05-16,12233.45,12121.6,0.00923
2019-05-17,12164.62,12233.45,-0.00563
2019-05-20,12071.95,12164.62,-0.00762
2019-05-21,12023.41,12071.95,-0.00402
2019-05-22,11784.51,12023.41,-0.01987
2019-05-23,11870.69,11784.51,0.00731
2019-05-24,11865.82,11870.69,-0.00041
2019-05-27,12068.52,11865.82,0.01708
2019-05-28,12130.69,12068.52,0.00515
2019-05-29,12363.95,12130.69,0.01923
2019-05-30,12504.16,12363.95,0.01134
2019-05-31,12581.17,12504.16,0.00616
2019-06-03,12760.19,12581.17,0.01423
2019-06-04,12578.08,12760.19,-0.01427
2019-06-05,12728.66,12578.08,0.01197
2019-06-06,12726.21,12728.66,-0.00019
2019-06-07,12571.7,12726.21,-0.01214
2019-06-10,12413.59,12571.7,-0.01258
2019-06-11,12531.24,12413.59,0.00948
2019-06-12,12570.2,12531.24,0.00311
2019-06-13,12511.86,12570.2,-0.00464
2019-06-14,12216.54,12511.86,-0.0236
2019-06-17,12210.86,12216.54,-0.00046
2019-06-18,12286.93,12210.86,0.00623
2019-06-19,12144.7,12286.93,-0.01158
2019-06-20,12070.29,12144.7,-0.00613
2019-06-21,11944.92,12070.29,-0.01039
2019-06-24,12090.44,11944.92,0.01218
2019-06-25,12097.13,12090.44,0.00055
2019-06-26,12045.99,12097.13,-0.00423
2019-06-27,11897.59,12045.99,-0.01232
2019-06-28,12143.65,11897.59,0.02068
2019-07-01,12059.35,12143.65,-0.00694
2019-07-02,12177.56,12059.35,0.0098
2019-07-03,12312.29,12177.56,0.01106
2019-07-04,12273.49,12312.29,-0.00315
2019-07-05,12049.51,12273.49,-0.01825
2019-07-08,12048.74,12049.51,-6e-05
2019-07-09,11930.69,12048.74,-0.0098
2019-07-10,11830.17,11930.69,-0.00843
2019-07-11,11818.9,11830.17,-0.00095
2019-07-12,11980.75,11818.9,0.01369
2019-07-15,11940.59,11980.75,-0.00335
2019-07-16,11960.66,11940.59,0.00168
2019-07-17,12087.72,11960.66,0.01062
2019-07-18,12235.5,12087.72,0.01223
2019-07-19,11500.02,12235.5,-0.06011
2019-07-22,11844.91,11500.02,0.02999
2019-07-23,11978.44,11844.91,0.01127
2019-07-24,11942.28,11978.44,-0.00302
2019-07-25,12001.72,11942.28,0.00498
2019-07-26,12186.67,12001.72,0.01541
2019-07-29,12092.71,12186.67,-0.00771
2019-07-30,12064.66,12092.71,-0.00232
2019-07-31,11815.91,12064.66,-0.02062
2019-08-01,11639.76,11815.91,-0.01491
2019-08-02,11596.76,11639.76,-0.00369
2019-08-05,11574.17,11596.76,-0.00195
2019-08-06,11427.49,11574.17,-0.01267
2019-08-07,11421.69,11427.49,-0.00051
2019-08-08,11436.21,11421.69,0.00127
2019-08-09,11304.83,11436.21,-0.01149
2019-08-12,11388.76,11304.83,0.00742
2019-08-13,11249.46,11388.76,-0.01223
2019-08-14,11319.58,11249.46,0.00623
2019-08-15,10898.94,11319.58,-0.03716
2019-08-16,11168.68,10898.94,0.02475
2019-08-19,11172.37,11168.68,0.00033
2019-08-20,11112.65,11172.37,-0.00535
2019-08-21,11192.05,11112.65,0.00715
2019-08-22,11175.44,11192.05,-0.00148
2019-08-23,11150.88,11175.44,-0.0022
2019-08-26,11151.7,11150.88,7e-05
2019-08-27,11229.17,11151.7,0.00695
2019-08-28,11091.02,11229.17,-0.0123
2019-08-29,11183.56,11091.02,0.00834
2019-08-30,11131.64,11183.56,-0.00464
2019-09-02,11207.01,11131.64,0.00677
2019-09-03,11104.99,11207.01,-0.0091
2019-09-04,10970.0,11104.99,-0.01216
2019-09-05,10959.02,10970.0,-0.001
2019-09-06,10832.47,10959.02,-0.01155
2019-09-09,10762.58,10832.47,-0.00645
2019-09-10,10858.54,10762.58,0.00892
2019-09-11,10947.23,10858.54,0.00817
2019-09-12,10880.91,10947.23,-0.00606
2019-09-13,10854.14,10880.91,-0.00246
2019-09-16,10905.62,10854.14,0.00474
2019-09-17,10813.49,10905.62,-0.00845
2019-09-18,10613.01,10813.49,-0.01854
2019-09-19,10497.53,10613.01,-0.01088
2019-09-20,10496.61,10497.53,-9e-05
2019-09-23,10695.39,10496.61,0.01894
2019-09-24,10744.16,10695.39,0.00456
2019-09-25,10594.95,10744.16,-0.01389
2019-09-26,10639.24,10594.95,0.00418
2019-09-27,10689.98,10639.24,0.00477
2019-09-30,10746.02,10689.98,0.00524
2019-10-01,10956.1,10746.02,0.01955
2019-10-02,11089.24,10956.1,0.01215
2019-10-03,11249.49,11089.24,0.01445
2019-10-04,11169.71,11249.49,-0.00709
2019-10-07,11138.73,11169.71,-0.00277
2019-10-08,11148.71,11138.73,0.0009
2019-10-09,11255.98,11148.71,0.00962
2019-10-10,11259.82,11255.98,0.00034
2019-10-11,11358.04,11259.82,0.00872
2019-10-14,11494.93,11358.04,0.01205
2019-10-15,11552.72,11494.93,0.00503
2019-10-16,11614.46,11552.72,0.00534
2019-10-17,11594.71,11614.46,-0.0017
2019-10-18,11691.3,11594.71,0.00833
2019-10-21,11594.49,11691.3,-0.00828
2019-10-22,11605.28,11594.49,0.00093
2019-10-23,11722.64,11605.28,0.01011
2019-10-24,11940.72,11722.64,0.0186
2019-10-25,11983.46,11940.72,0.00358
2019-10-28,12166.84,11983.46,0.0153
2019-10-29,12415.82,12166.84,0.02046
2019-10-30,12424.67,12415.82,0.00071
2019-10-31,12608.96,12424.67,0.01483
2019-11-01,12826.32,12608.96,0.01724
2019-11-04,12808.14,12826.32,-0.00142
2019-11-05,12925.14,12808.14,0.00913
2019-11-06,12673.94,12925.14,-0.01943
2019-11-07,12410.01,12673.94,-0.02082
2019-11-08,12252.77,12410.01,-0.01267
2019-11-11,12301.54,12252.77,0.00398
2019-11-12,12402.12,12301.54,0.00818
2019-11-13,12163.48,12402.12,-0.01924
2019-11-14,12138.46,12163.48,-0.00206
2019-11-15,12123.28,12138.46,-0.00125
2019-11-18,11960.75,12123.28,-0.01341
2019-11-19,11922.71,11960.75,-0.00318
2019-11-20,12061.18,11922.71,0.01161
2019-11-21,12066.97,12061.18,0.00048
2019-11-22,11988.03,12066.97,-0.00654
2019-11-25,12102.35,11988.03,0.00954
2019-11-26,12184.98,12102.35,0.00683
2019-11-27,12175.25,12184.98,-0.0008
2019-11-28,12224.4,12175.25,0.00404
2019-11-29,11833.74,12224.4,-0.03196
2019-12-02,12002.7,11833.74,0.01428
2019-12-03,12248.82,12002.7,0.02051
2019-12-04,12088.13,12248.82,-0.01312
2019-12-05,11942.49,12088.13,-0.01205
2019-12-06,11943.85,11942.49,0.00011
2019-12-09,11778.35,11943.85,-0.01386
2019-12-10,11856.68,11778.35,0.00665
2019-12-11,11698.29,11856.68,-0.01336
2019-12-12,12003.6,11698.29,0.0261
2019-12-13,12266.79,12003.6,0.02193
2019-12-16,12020.81,12266.79,-0.02005
2019-12-17,11961.1,12020.81,-0.00497
2019-12-18,12125.77,11961.1,0.01377
2019-12-19,12076.5,12125.77,-0.00406
2019-12-20,11957.02,12076.5,-0.00989
2019-12-23,11701.86,11957.02,-0.02134
2019-12-24,11593.52,11701.86,-0.00926
2019-12-25,11795.69,11593.52,0.01744
2019-12-26,11991.65,11795.69,0.01661
2019-12-27,11668.78,11991.65,-0.02692
2019-12-30,11670.45,11668.78,0.00014
2019-12-31,11484.89,11670.45,-0.0159
2020-01-01,11412.65,11484.89,-0.00629
2020-01-02,11353.43,11412.65,-0.00519
2020-01-03,11335.01,11353.43,-0.00162
2020-01-06,11222.89,11335.01,-0.00989
2020-01-07,11315.24,11222.89,0.00823
2020-01-08,11231.52,11315.24,-0.0074
2020-01-09,11162.46,11231.52,-0.00615
2020-01-10,11240.26,11162.46,0.00697
2020-01-13,11300.4,11240.26,0.00535
2020-01-14,11236.09,11300.4,-0.00569
2020-01-15,11143.61,11236.09,-0.00823
2020-01-16,11254.04,11143.61,0.00991
2020-01-17,11047.28,11254.04,-0.01837
2020-01-20,11018.79,11047.28,-0.00258
2020-01-21,10892.37,11018.79,-0.01147
2020-01-22,10875.59,10892.37,-0.00154
2020-01-23,11037.83,10875.59,0.01492
2020-01-24,10763.72,11037.83,-0.02483
2020-01-27,10923.59,10763.72,0.01485
2020-01-28,11075.74,10923.59,0.01393
2020-01-29,11023.87,11075.74,-0.00468
2020-01-30,10923.78,11023.87,-0.00908
2020-01-31,10961.86,10923.78,0.00349
2020-02-03,10735.43,10961.86,-0.02066
2020-02-04,10897.78,10735.43,0.01512
2020-02-05,11123.39,10897.78,0.0207
2020-02-06,11029.48,11123.39,-0.00844
2020-02-07,10962.3,11029.48,-0.00609
2020-02-10,11039.15,10962.3,0.00701
2020-02-11,10943.17,11039.15,-0.00869
2020-02-12,10863.14,10943.17,-0.00731
2020-02-13,10956.1,10863.14,0.00856
2020-02-14,10955.25,10956.1,-8e-05
2020-02-17,11040.5,10955.25,0.00778
2020-02-18,11223.99,11040.5,0.01662
2020-02-19,11118.27,11223.99,-0.00942
2020-02-20,11147.9,11118.27,0.00266
2020-02-21,11006.6,11147.9,-0.01268
2020-02-24,11131.94,11006.6,0.01139
2020-02-25,11119.62,11131.94,-0.00111
2020-02-26,10571.21,11119.62,-0.04932
2020-02-27,10739.43,10571.21,0.01591
2020-02-28,10565.9,10739.43,-0.01616
2020-03-02,10610.78,10565.9,0.00425
2020-03-03,10483.41,10610.78,-0.012
2020-03-04,10544.33,10483.41,0.00581
2020-03-05,10328.99,10544.33,-0.02042
2020-03-06,10278.44,10328.99,-0.00489
2020-03-09,10230.7,10278.44,-0.00464
2020-03-10,10370.29,10230.7,0.01364
2020-03-11,10419.37,10370.29,0.00473
2020-03-12,10283.61,10419.37,-0.01303
2020-03-13,10207.24,10283.61,-0.00743
2020-03-16,10174.43,10207.24,-0.00321
2020-03-17,10139.8,10174.43,-0.0034
2020-03-18,10164.38,10139.8,0.00242
2020-03-19,10111.51,10164.38,-0.0052
2020-03-20,10212.06,10111.51,0.00994
2020-03-23,10335.7,10212.06,0.01211
2020-03-24,10592.26,10335.7,0.02482
2020-03-25,10517.82,10592.26,-0.00703
2020-03-26,10444.59,10517.82,-0.00696
2020-03-27,10465.19,10444.59,0.00197
2020-03-30,10423.07,10465.19,-0.00402
2020-03-31,10243.97,10423.07,-0.01718
2020-04-01,10350.01,10243.97,0.01035
2020-04-02,10478.86,10350.01,0.01245
2020-04-03,10313.42,10478.86,-0.01579
2020-04-06,10166.13,10313.42,-0.01428
2020-04-07,10298.86,10166.13,0.01306
2020-04-08,10054.17,10298.86,-0.02376
2020-04-09,10072.57,10054.17,0.00183
2020-04-10,10096.39,10072.57,0.00236
2020-04-13,10031.23,10096.39,-0.00645
2020-04-14,10070.9,10031.23,0.00395
2020-04-15,10124.29,10070.9,0.0053
2020-04-16,9965.9,10124.29,-0.01564
2020-04-17,10082.59,9965.9,0.01171
2020-04-20,10061.66,10082.59,-0.00208
2020-04-21,10231.7,10061.66,0.0169
2020-04-22,10076.08,10231.7,-0.01521
2020-04-23,10024.78,10076.08,-0.00509
2020-04-24,9941.19,10024.78,-0.00834
2020-04-27,9878.62,9941.19,-0.00629
2020-04-28,10120.22,9878.62,0.02446
2020-04-29,10074.65,10120.22,-0.0045
2020-04-30,10075.91,10074.65,0.00013
2020-05-01,10063.23,10075.91,-0.00126
2020-05-04,10008.76,10063.23,-0.00541
2020-05-05,9939.95,10008.76,-0.00687
2020-05-06,10016.81,9939.95,0.00773
2020-05-07,9935.82,10016.81,-0.00809
2020-05-08,9979.96,9935.82,0.00444
2020-05-11,10053.24,9979.96,0.00734
2020-05-12,10029.6,10053.24,-0.00235
2020-05-13,10064.99,10029.6,0.00353
2020-05-14,9979.97,10064.99,-0.00845
2020-05-15,9966.01,9979.97,-0.0014
2020-05-18,9786.37,9966.01,-0.01803
2020-05-19,9693.87,9786.37,-0.00945
2020-05-20,9723.18,9693.87,0.00302
2020-05-21,9875.82,9723.18,0.0157
2020-05-22,9935.0,9875.82,0.00599
2020-05-25,9986.84,9935.0,0.00522
2020-05-26,10072.99,9986.84,0.00863
2020-05-27,9511.02,10072.99,-0.05579
2020-05-28,9483.76,9511.02,-0.00287
2020-05-29,9442.49,9483.76,-0.00435
2020-06-01,9263.11,9442.49,-0.019
2020-06-02,9124.91,9263.11,-0.01492
2020-06-03,9165.06,9124.91,0.0044
2020-06-04,9286.15,9165.06,0.01321
2020-06-05,9323.88,9286.15,0.00406
2020-06-08,9211.84,9323.88,-0.01202
2020-06-09,9314.24,9211.84,0.01112
2020-06-10,9264.12,9314.24,-0.00538
2020-06-11,9129.19,9264.12,-0.01456
2020-06-12,9195.69,9129.19,0.00728
2020-06-15,9269.09,9195.69,0.00798
2020-06-16,9457.66,9269.09,0.02034
2020-06-17,9419.18,9457.66,-0.00407
2020-06-18,9557.55,9419.18,0.01469
2020-06-19,9542.27,9557.55,-0.0016
2020-06-22,9603.82,9542.27,0.00645
2020-06-23,9781.01,9603.82,0.01845
2020-06-24,9830.34,9781.01,0.00504
2020-06-25,9930.89,9830.34,0.01023
2020-06-26,10075.27,9930.89,0.01454
2020-06-29,10214.91,10075.27,0.01386
2020-06-30,10155.01,10214.91,-0.00586
2020-07-01,10338.54,10155.01,0.01807
2020-07-02,10328.24,10338.54,-0.001
2020-07-03,10259.47,10328.24,-0.00666
2020-07-06,10270.21,10259.47,0.00105
2020-07-07,10486.26,10270.21,0.02104
2020-07-08,10420.66,10486.26,-0.00626
2020-07-09,10525.8,10420.66,0.01009
2020-07-10,10498.32,10525.8,-0.00261
2020-07-13,10767.19,10498.32,0.02561
2020-07-14,10604.17,10767.19,-0.01514
2020-07-15,10451.24,10604.17,-0.01442
2020-07-16,10285.43,10451.24,-0.01587
2020-07-17,10265.48,10285.43,-0.00194
2020-07-20,10312.46,10265.48,0.00458
2020-07-21,10160.51,10312.46,-0.01473
2020-07-22,9932.74,10160.51,-0.02242
2020-07-23,9879.06,9932.74,-0.0054
2020-07-24,10009.22,9879.06,0.01318
2020-07-27,9799.04,10009.22,-0.021
2020-07-28,9703.23,9799.04,-0.00978
2020-07-29,9811.43,9703.23,0.01115
2020-07-30,9790.5,9811.43,-0.00213
2020-07-31,9801.16,9790.5,0.00109
2020-08-03,9654.45,9801.16,-0.01497
2020-08-04,9688.95,9654.45,0.00357
2020-08-05,9725.4,9688.95,0.00376
2020-08-06,9820.55,9725.4,0.00978
2020-08-07,9586.83,9820.55,-0.0238
2020-08-10,9579.06,9586.83,-0.00081
2020-08-11,9651.06,9579.06,0.00752
2020-08-12,9519.85,9651.06,-0.0136
2020-08-13,9474.85,9519.85,-0.00473
2020-08-14,9552.28,9474.85,0.00817
2020-08-17,9361.09,9552.28,-0.02002
2020-08-18,9234.49,9361.09,-0.01352
2020-08-19,9168.15,9234.49,-0.00718
2020-08-20,9211.71,9168.15,0.00475
2020-08-21,9257.17,9211.71,0.00494
2020-08-24,9149.26,9257.17,-0.01166
2020-08-25,9166.69,9149.26,0.00191
2020-08-26,9295.6,9166.69,0.01406
2020-08-27,9428.92,9295.6,0.01434
2020-08-28,9245.23,9428.92,-0.01948
2020-08-31,9202.39,9245.23,-0.00463
2020-09-01,9303.19,9202.39,0.01095
2020-09-02,9425.05,9303.19,0.0131
2020-09-03,9388.44,9425.05,-0.00388
2020-09-04,9358.35,9388.44,-0.00321
2020-09-07,9445.37,9358.35,0.0093
2020-09-08,9616.41,9445.37,0.01811
2020-09-09,9569.72,9616.41,-0.00486
2020-09-10,9415.87,9569.72,-0.01608
2020-09-11,9379.91,9415.87,-0.00382
2020-09-14,9462.48,9379.91,0.0088
2020-09-15,9216.1,9462.48,-0.02604
2020-09-16,9118.2,9216.1,-0.01062
2020-09-17,9160.61,9118.2,0.00465
2020-09-18,9080.51,9160.61,-0.00874
2020-09-21,9054.91,9080.51,-0.00282
2020-09-22,9080.74,9054.91,0.00285
2020-09-23,9081.52,9080.74,9e-05
2020-09-24,9054.41,9081.52,-0.00299
2020-09-25,8991.41,9054.41,-0.00696
2020-09-28,9099.6,8991.41,0.01203
2020-09-29,9228.06,9099.6,0.01412
2020-09-30,9354.44,9228.06,0.0137
2020-10-01,9473.55,9354.44,0.01273
2020-10-02,9590.62,9473.55,0.01236
2020-10-05,9514.13,9590.62,-0.00798
2020-10-06,9514.4,9514.13,3e-05
2020-10-07,9725.53,9514.4,0.02219
2020-10-08,9586.5,9725.53,-0.0143
2020-10-09,9492.5,9586.5,-0.00981
2020-10-12,9481.6,9492.5,-0.00115
2020-10-13,9425.03,9481.6,-0.00597
2020-10-14,9554.49,9425.03,0.01374
2020-10-15,9513.64,9554.49,-0.00428
2020-10-16,9451.66,9513.64,-0.00651
2020-10-19,9354.3,9451.66,-0.0103
2020-10-20,9333.46,9354.3,-0.00223
2020-10-21,9293.24,9333.46,-0.00431
2020-10-22,9272.31,9293.24,-0.00225
2020-10-23,9259.67,9272.31,-0.00136
2020-10-26,9255.01,9259.67,-0.0005
2020-10-27,9304.22,9255.01,0.00532
2020-10-28,9265.26,9304.22,-0.00419
2020-10-29,9417.79,9265.26,0.01646
2020-10-30,9339.96,9417.79,-0.00826
2020-11-02,9444.95,9339.96,0.01124
2020-11-03,9498.22,9444.95,0.00564
2020-11-04,9504.55,9498.22,0.00067
2020-11-05,9463.9,9504.55,-0.00428
2020-11-06,9433.78,9463.9,-0.00318
2020-11-09,9447.51,9433.78,0.00146
2020-11-10,9631.72,9447.51,0.0195
2020-11-11,9772.21,9631.72,0.01459
2020-11-12,9658.09,9772.21,-0.01168
2020-11-13,9751.95,9658.09,0.00972
2020-11-16,9709.31,9751.95,-0.00437
2020-11-17,9716.82,9709.31,0.00077
2020-11-18,9845.77,9716.82,0.01327
2020-11-19,9815.47,9845.77,-0.00308
2020-11-20,9867.02,9815.47,0.00525
2020-11-23,9910.2,9867.02,0.00438
2020-11-24,9873.88,9910.2,-0.00366
2020-11-25,9769.8,9873.88,-0.01054
2020-11-26,9799.96,9769.8,0.00309
2020-11-27,9792.76,9799.96,-0.00073
2020-11-30,9685.23,9792.76,-0.01098
2020-12-01,9850.44,9685.23,0.01706
2020-12-02,10075.74,9850.44,0.02287
2020-12-03,10183.46,10075.74,0.01069
2020-12-04,10050.71,10183.46,-0.01304
2020-12-07,10203.99,10050.71,0.01525
2020-12-08,10195.23,10203.99,-0.00086
2020-12-09,10121.76,10195.23,-0.00721
2020-12-10,10011.33,10121.76,-0.01091
2020-12-11,10076.76,10011.33,0.00654
2020-12-14,10209.45,10076.76,0.01317
2020-12-15,10188.29,10209.45,-0.00207
2020-12-16,10505.65,10188.29,0.03115
2020-12-17,10344.05,10505.65,-0.01538
2020-12-18,10193.96,10344.05,-0.01451
2020-12-21,10191.93,10193.96,-0.0002
2020-12-22,10350.46,10191.93,0.01555
2020-12-23,10335.46,10350.46,-0.00145
2020-12-24,10283.91,10335.46,-0.00499
2020-12-25,10337.85,10283.91,0.00525
2020-12-28,10406.63,10337.85,0.00665
2020-12-29,10314.76,10406.63,-0.00883
2020-12-30,10213.7,10314.76,-0.0098
2020-12-31,10180.46,10213.7,-0.00325
2021-01-01,10270.58,10180.46,0.00885
2021-01-04,10183.28,10270.58,-0.0085
2021-01-05,10258.8,10183.28,0.00742
2021-01-06,10313.6,10258.8,0.00534
2021-01-07,10449.36,10313.6,0.01316
2021-01-08,10218.61,10449.36,-0.02208
2021-01-11,10294.26,10218.61,0.0074
2021-01-12,10255.78,10294.26,-0.00374
2021-01-13,10158.94,10255.78,-0.00944
2021-01-14,10144.97,10158.94,-0.00138
2021-01-15,10373.58,10144.97,0.02253
2021-01-18,10220.76,10373.58,-0.01473
2021-01-19,10202.31,10220.76,-0.00181
2021-01-20,10213.15,10202.31,0.00106
2021-01-21,10247.57,10213.15,0.00337
2021-01-22,10389.63,10247.57,0.01386
2021-01-25,10416.42,10389.63,0.00258
2021-01-26,10430.37,10416.42,0.00134
2021-01-27,10488.67,10430.37,0.00559
2021-01-28,10508.44,10488.67,0.00188
2021-01-29,10608.9,10508.44,0.00956
2021-02-01,10683.03,10608.9,0.00699
2021-02-02,10687.02,10683.03,0.00037
2021-02-03,10826.87,10687.02,0.01309
2021-02-04,11087.07,10826.87,0.02403
2021-02-05,11042.01,11087.07,-0.00406
2021-02-08,11012.25,11042.01,-0.0027
2021-02-09,10973.03,11012.25,-0.00356
2021-02-10,10790.84,10973.03,-0.0166
2021-02-11,10857.46,10790.84,0.00617
2021-02-12,10766.89,10857.46,-0.00834
2021-02-15,10731.86,10766.89,-0.00325
2021-02-16,10558.97,10731.86,-0.01611
2021-02-17,10373.55,10558.97,-0.01756
2021-02-18,10190.34,10373.55,-0.01766
2021-02-19,10187.51,10190.34,-0.00028
2021-02-22,10447.65,10187.51,0.02554
2021-02-23,10481.1,10447.65,0.0032
2021-02-24,10468.88,10481.1,-0.00117
2021-02-25,10415.52,10468.88,-0.0051
2021-02-26,10415.19,10415.52,-3e-05
2021-03-01,10379.49,10415.19,-0.00343
2021-03-02,10515.2,10379.49,0.01307
2021-03-03,10605.54,10515.2,0.00859
2021-03-04,10694.79,10605.54,0.00842
2021-03-05,10806.94,10694.79,0.01049
2021-03-08,10604.76,10806.94,-0.01871
2021-03-09,10557.25,10604.76,-0.00448
2021-03-10,10278.86,10557.25,-0.02637
2021-03-11,10242.84,10278.86,-0.0035
2021-03-12,10135.1,10242.84,-0.01052
2021-03-15,10107.43,10135.1,-0.00273
2021-03-16,10062.79,10107.43,-0.00442
2021-03-17,10166.52,10062.79,0.01031
2021-03-18,10228.26,10166.52,0.00607
2021-03-19,10240.64,10228.26,0.00121
2021-03-22,10195.54,10240.64,-0.0044
2021-03-23,10304.92,10195.54,0.01073
2021-03-24,10307.15,10304.92,0.00022
2021-03-25,10288.9,10307.15,-0.00177
2021-03-26,10293.74,10288.9,0.00047
2021-03-29,10223.5,10293.74,-0.00682
2021-03-30,10318.4,10223.5,0.00928
2021-03-31,10419.67,10318.4,0.00981
2021-04-01,10308.0,10419.67,-0.01072
2021-04-02,10425.82,10308.0,0.01143
2021-04-05,10485.26,10425.82,0.0057
2021-04-06,10517.36,10485.26,0.00306
2021-04-07,10549.32,10517.36,0.00304
2021-04-08,10494.98,10549.32,-0.00515
2021-04-09,10506.25,10494.98,0.00107
2021-04-12,10369.64,10506.25,-0.013
2021-04-13,10393.06,10369.64,0.00226
2021-04-14,10408.22,10393.06,0.00146
2021-04-15,10264.31,10408.22,-0.01383
2021-04-16,10261.51,10264.31,-0.00027
2021-04-19,10143.05,10261.51,-0.01154
2021-04-20,10170.05,10143.05,0.00266
2021-04-21,10200.45,10170.05,0.00299
2021-04-22,10359.78,10200.45,0.01562
2021-04-23,10462.17,10359.78,0.00988
2021-04-26,10463.48,10462.17,0.00013
2021-04-27,10302.92,10463.48,-0.01534
2021-04-28,10531.46,10302.92,0.02218
2021-04-29,10676.39,10531.46,0.01376
2021-04-30,10650.09,10676.39,-0.00246
2021-05-03,10629.63,10650.09,-0.00192
2021-05-04,10512.12,10629.63,-0.01105
2021-05-05,10423.39,10512.12,-0.00844
2021-05-06,10302.64,10423.39,-0.01158
2021-05-07,10194.58,10302.64,-0.01049
2021-05-10,9985.04,10194.58,-0.02055
2021-05-11,10070.34,9985.04,0.00854
2021-05-12,10165.6,10070.34,0.00946
2021-05-13,10336.28,10165.6,0.01679
2021-05-14,10328.81,10336.28,-0.00072
2021-05-17,10195.0,10328.81,-0.01296
2021-05-18,10312.42,10195.0,0.01152
2021-05-19,10467.25,10312.42,0.01501
2021-05-20,10313.75,10467.25,-0.01466
2021-05-21,10132.07,10313.75,-0.01762
2021-05-24,9394.73,10132.07,-0.07277
2021-05-25,9366.88,9394.73,-0.00296
2021-05-26,9231.93,9366.88,-0.01441
2021-05-27,9369.43,9231.93,0.01489
2021-05-28,9313.14,9369.43,-0.00601
2021-05-31,9243.36,9313.14,-0.00749
2021-06-01,9381.03,9243.36,0.01489
2021-06-02,9292.82,9381.03,-0.0094
2021-06-03,9367.32,9292.82,0.00802
2021-06-04,9311.69,9367.32,-0.00594
2021-06-07,9284.02,9311.69,-0.00297
2021-06-08,9077.67,9284.02,-0.02223
2021-06-09,9013.95,9077.67,-0.00702
2021-06-10,8937.81,9013.95,-0.00845
2021-06-11,8999.66,8937.81,0.00692
2021-06-14,9006.29,8999.66,0.00074
2021-06-15,9080.62,9006.29,0.00825
2021-06-16,9210.89,9080.62,0.01435
2021-06-17,9159.52,9210.89,-0.00558
2021-06-18,9328.03,9159.52,0.0184
2021-06-21,9258.89,9328.03,-0.00741
2021-06-22,9079.22,9258.89,-0.01941
2021-06-23,9032.53,9079.22,-0.00514
2021-06-24,8997.87,9032.53,-0.00384
2021-06-25,8992.67,8997.87,-0.00058
2021-06-28,9035.31,8992.67,0.00474
2021-06-29,9062.89,9035.31,0.00305
2021-06-30,8884.47,9062.89,-0.01969
2021-07-01,8883.35,8884.47,-0.00013
2021-07-02,8749.89,8883.35,-0.01502
2021-07-05,8792.8,8749.89,0.0049
2021-07-06,8824.8,8792.8,0.00364
2021-07-07,8954.83,8824.8,0.01473
2021-07-08,8825.63,8954.83,-0.01443
2021-07-09,9014.36,8825.63,0.02138
2021-07-12,9076.55,9014.36,0.0069
2021-07-13,8948.84,9076.55,-0.01407
2021-07-14,8954.3,8948.84,0.00061
2021-07-15,9024.27,8954.3,0.00781
2021-07-16,9149.94,9024.27,0.01393
2021-07-19,9223.32,9149.94,0.00802
2021-07-20,9215.61,9223.32,-0.00084
2021-07-21,9424.73,9215.61,0.02269
2021-07-22,9422.15,9424.73,-0.00027
2021-07-23,9246.01,9422.15,-0.01869
2021-07-26,9191.32,9246.01,-0.00591
2021-07-27,9301.7,9191.32,0.01201
2021-07-28,9328.83,9301.7,0.00292
2021-07-29,9316.93,9328.83,-0.00128
2021-07-30,9251.19,9316.93,-0.00706
2021-08-02,9168.65,9251.19,-0.00892
2021-08-03,9148.55,9168.65,-0.00219
2021-08-04,9031.41,9148.55,-0.0128
2021-08-05,8967.21,9031.41,-0.00711
2021-08-06,8972.65,8967.21,0.00061
2021-08-09,9084.68,8972.65,0.01249
2021-08-10,9180.69,9084.68,0.01057
2021-08-11,9262.05,9180.69,0.00886
2021-08-12,9309.65,9262.05,0.00514
2021-08-13,9291.13,9309.65,-0.00199
2021-08-16,9389.74,9291.13,0.01061
2021-08-17,9323.41,9389.74,-0.00706
2021-08-18,9218.14,9323.41,-0.01129
2021-08-19,9190.88,9218.14,-0.00296
2021-08-20,9309.07,9190.88,0.01286
2021-08-23,9219.33,9309.07,-0.00964
2021-08-24,9161.07,9219.33,-0.00632
2021-08-25,9298.4,9161.07,0.01499
2021-08-26,9342.17,9298.4,0.00471
2021-08-27,9416.54,9342.17,0.00796
2021-08-30,9396.46,9416.54,-0.00213
2021-08-31,9593.22,9396.46,0.02094
2021-09-01,9639.66,9593.22,0.00484
2021-09-02,9757.59,9639.66,0.01223
2021-09-03,9752.1,9757.59,-0.00056
2021-09-06,9672.81,9752.1,-0.00813
2021-09-07,9323.61,9672.81,-0.0361
2021-09-08,9310.8,9323.61,-0.00137
2021-09-09,9349.24,9310.8,0.00413
2021-09-10,9200.44,9349.24,-0.01592
2021-09-13,9078.25,9200.44,-0.01328
2021-09-14,9214.85,9078.25,0.01505
2021-09-15,9177.69,9214.85,-0.00403
2021-09-16,9113.55,9177.69,-0.00699
2021-09-17,8951.7,9113.55,-0.01776
2021-09-20,9092.28,8951.7,0.0157
2021-09-21,9144.97,9092.28,0.0058
2021-09-22,9134.19,9144.97,-0.00118
2021-09-23,9153.73,9134.19,0.00214
2021-09-24,9394.73,9153.73,0.02633
2021-09-27,9425.5,9394.73,0.00328
2021-09-28,9282.75,9425.5,-0.01515
2021-09-29,9252.1,9282.75,-0.0033
2021-09-30,9323.66,9252.1,0.00773
2021-10-01,9372.43,9323.66,0.00523
2021-10-04,9163.72,9372.43,-0.02227
2021-10-05,9203.85,9163.72,0.00438
2021-10-06,9183.33,9203.85,-0.00223
2021-10-07,9129.76,9183.33,-0.00583
2021-10-08,9111.66,9129.76,-0.00198
2021-10-11,9105.25,9111.66,-0.0007
2021-10-12,9029.12,9105.25,-0.00836
2021-10-13,8958.59,9029.12,-0.00781
2021-10-14,9039.13,8958.59,0.00899
2021-10-15,9031.15,9039.13,-0.00088
2021-10-18,9077.51,9031.15,0.00513
2021-10-19,9065.07,9077.51,-0.00137
2021-10-20,8824.33,9065.07,-0.02656
2021-10-21,8922.89,8824.33,0.01117
2021-10-22,8900.2,8922.89,-0.00254
2021-10-25,8870.84,8900.2,-0.0033
2021-10-26,8919.86,8870.84,0.00553
2021-10-27,8843.24,8919.86,-0.00859
2021-10-28,8837.95,8843.24,-0.0006
2021-10-29,8817.55,8837.95,-0.00231
2021-11-01,8866.57,8817.55,0.00556
2021-11-02,8731.77,8866.57,-0.0152
2021-11-03,8287.6,8731.77,-0.05087
2021-11-04,8389.99,8287.6,0.01235
2021-11-05,8700.19,8389.99,0.03697
2021-11-08,8551.04,8700.19,-0.01714
2021-11-09,8323.29,8551.04,-0.02663
2021-11-10,8509.41,8323.29,0.02236
2021-11-11,8475.7,8509.41,-0.00396
2021-11-12,8210.93,8475.7,-0.03124
2021-11-15,8251.8,8210.93,0.00498
2021-11-16,8170.81,8251.8,-0.00981
2021-11-17,8089.67,8170.81,-0.00993
2021-11-18,7958.36,8089.67,-0.01623
2021-11-19,7831.76,7958.36,-0.01591
2021-11-22,7765.18,7831.76,-0.0085
2021-11-23,7686.29,7765.18,-0.01016
2021-11-24,7649.91,7686.29,-0.00473
2021-11-25,7630.59,7649.91,-0.00253
2021-11-26,7667.43,7630.59,0.00483
2021-11-29,7680.58,7667.43,0.00172
2021-11-30,7583.69,7680.58,-0.01261
2021-12-01,7619.34,7583.69,0.0047
2021-12-02,7517.98,7619.34,-0.0133
2021-12-03,7588.94,7517.98,0.00944
2021-12-06,7375.43,7588.94,-0.02813
2021-12-07,7577.09,7375.43,0.02734
2021-12-08,7661.53,7577.09,0.01114
2021-12-09,7789.5,7661.53,0.0167
2021-12-10,7867.82,7789.5,0.01005
2021-12-13,7949.62,7867.82,0.0104
2021-12-14,8021.87,7949.62,0.00909
2021-12-15,7963.42,8021.87,-0.00729
2021-12-16,7908.87,7963.42,-0.00685
2021-12-17,7782.76,7908.87,-0.01595
2021-12-20,7731.89,7782.76,-0.00654
2021-12-21,7789.57,7731.89,0.00746
2021-12-22,8005.42,7789.57,0.02771
2021-12-23,8075.93,8005.42,0.00881
2021-12-24,8126.26,8075.93,0.00623
2021-12-27,8146.6,8126.26,0.0025
2021-12-28,8266.47,8146.6,0.01471
2021-12-29,8269.87,8266.47,0.00041
2021-12-30,8239.27,8269.87,-0.0037
2021-12-31,8221.02,8239.27,-0.00222
2022-01-03,8137.43,8221.02,-0.01017
2022-01-04,8130.75,8137.43,-0.00082
2022-01-05,8178.28,8130.75,0.00585
2022-01-06,8216.47,8178.28,0.00467
2022-01-07,8243.33,8216.47,0.00327
2022-01-10,8206.15,8243.33,-0.00451
2022-01-11,8205.53,8206.15,-8e-05
2022-01-12,8247.9,8205.53,0.00516
2022-01-13,8211.31,8247.9,-0.00444
2022-01-14,8132.5,8211.31,-0.0096
2022-01-17,8160.04,8132.5,0.00339
2022-01-18,8259.27,8160.04,0.01216
2022-01-19,8283.94,8259.27,0.00299
2022-01-20,8408.92,8283.94,0.01509
2022-01-21,8405.43,8408.92,-0.00042
2022-01-24,8512.78,8405.43,0.01277
2022-01-25,8678.77,8512.78,0.0195
2022-01-26,8649.42,8678.77,-0.00338
2022-01-27,8615.13,8649.42,-0.00396
2022-01-28,8634.43,8615.13,0.00224
2022-01-31,8498.37,8634.43,-0.01576
2022-02-01,8354.14,8498.37,-0.01697
2022-02-02,8462.43,8354.14,0.01296
2022-02-03,8391.76,8462.43,-0.00835
2022-02-04,8512.28,8391.76,0.01436
2022-02-07,8424.49,8512.28,-0.01031
2022-02-08,8291.9,8424.49,-0.01574
2022-02-09,8379.95,8291.9,0.01062
2022-02-10,8462.18,8379.95,0.00981
2022-02-11,8375.07,8462.18,-0.01029
2022-02-14,8422.26,8375.07,0.00563
2022-02-15,8505.69,8422.26,0.00991
2022-02-16,8580.91,8505.69,0.00884
2022-02-17,8576.41,8580.91,-0.00052
2022-02-18,8558.28,8576.41,-0.00211
2022-02-21,8451.9,8558.28,-0.01243
2022-02-22,8499.69,8451.9,0.00565
2022-02-23,8548.18,8499.69,0.0057
2022-02-24,8478.89,8548.18,-0.00811
2022-02-25,8205.97,8478.89,-0.03219
2022-02-28,8133.36,8205.97,-0.00885
2022-03-01,8103.48,8133.36,-0.00367
2022-03-02,8262.48,8103.48,0.01962
2022-03-03,8199.14,8262.48,-0.00767
2022-03-04,8184.38,8199.14,-0.0018
2022-03-07,8230.62,8184.38,0.00565
2022-03-08,8162.46,8230.62,-0.00828
2022-03-09,8239.61,8162.46,0.00945
2022-03-10,8108.59,8239.61,-0.0159
2022-03-11,8079.42,8108.59,-0.0036
2022-03-14,8141.5,8079.42,0.00768
2022-03-15,8250.98,8141.5,0.01345
2022-03-16,8391.54,8250.98,0.01704
2022-03-17,8435.21,8391.54,0.0052
2022-03-18,8474.77,8435.21,0.00469
2022-03-21,8591.75,8474.77,0.0138
2022-03-22,8635.84,8591.75,0.00513
2022-03-23,8782.19,8635.84,0.01695
2022-03-24,8732.85,8782.19,-0.00562
2022-03-25,8631.78,8732.85,-0.01157
2022-03-28,8583.96,8631.78,-0.00554
2022-03-29,8659.0,8583.96,0.00874
2022-03-30,8574.65,8659.0,-0.00974
2022-03-31,8554.12,8574.65,-0.00239
2022-04-01,8571.13,8554.12,0.00199
2022-04-04,8499.96,8571.13,-0.0083
2022-04-05,8383.04,8499.96,-0.01376
2022-04-06,8264.25,8383.04,-0.01417
2022-04-07,8282.03,8264.25,0.00215
2022-04-08,8230.96,8282.03,-0.00617
2022-04-11,8245.45,8230.96,0.00176
2022-04-12,8194.64,8245.45,-0.00616
2022-04-13,8218.58,8194.64,0.00292
2022-04-14,8214.14,8218.58,-0.00054
2022-04-15,8275.54,8214.14,0.00747
2022-04-18,8421.21,8275.54,0.0176
2022-04-19,8339.81,8421.21,-0.00967
2022-04-20,8232.89,8339.81,-0.01282
2022-04-21,8308.95,8232.89,0.00924
2022-04-22,8344.03,8308.95,0.00422
2022-04-25,8536.31,8344.03,0.02304
2022-04-26,8411.76,8536.31,-0.01459
2022-04-27,8039.89,8411.76,-0.04421
2022-04-28,8140.57,8039.89,0.01252
2022-04-29,8142.17,8140.57,0.0002
2022-05-02,8164.52,8142.17,0.00274
2022-05-03,8104.68,8164.52,-0.00733
2022-05-04,8060.34,8104.68,-0.00547
2022-05-05,8096.23,8060.34,0.00445
2022-05-06,8133.17,8096.23,0.00456
2022-05-09,8148.02,8133.17,0.00183
2022-05-10,8252.06,8148.02,0.01277
2022-05-11,8207.06,8252.06,-0.00545
2022-05-12,8229.8,8207.06,0.00277
2022-05-13,8279.56,8229.8,0.00605
2022-05-16,8245.24,8279.56,-0.00415
2022-05-17,8110.83,8245.24,-0.0163
2022-05-18,8208.48,8110.83,0.01204
2022-05-19,8400.03,8208.48,0.02334
2022-05-20,8653.37,8400.03,0.03016
2022-05-23,8694.76,8653.37,0.00478
2022-05-24,8642.96,8694.76,-0.00596
2022-05-25,8719.45,8642.96,0.00885
2022-05-26,8870.37,8719.45,0.01731
2022-05-27,8867.42,8870.37,-0.00033
2022-05-30,8907.03,8867.42,0.00447
2022-05-31,8838.02,8907.03,-0.00775
2022-06-01,8947.61,8838.02,0.0124
2022-06-02,8949.38,8947.61,0.0002
2022-06-03,8848.61,8949.38,-0.01126
2022-06-06,8811.43,8848.61,-0.0042
2022-06-07,8838.89,8811.43,0.00312
2022-06-08,8947.18,8838.89,0.01225
2022-06-09,8928.21,8947.18,-0.00212
2022-06-10,8978.56,8928.21,0.00564
2022-06-13,8986.73,8978.56,0.00091
2022-06-14,8927.89,8986.73,-0.00655
2022-06-15,8840.76,8927.89,-0.00976
2022-06-16,8856.61,8840.76,0.00179
2022-06-17,8823.58,8856.61,-0.00373
2022-06-20,8774.24,8823.58,-0.00559
2022-06-21,8829.79,8774.24,0.00633
2022-06-22,8692.45,8829.79,-0.01555
2022-06-23,8751.04,8692.45,0.00674
2022-06-24,8705.36,8751.04,-0.00522
2022-06-27,8947.4,8705.36,0.0278
2022-06-28,9060.03,8947.4,0.01259
2022-06-29,9149.87,9060.03,0.00992
2022-06-30,9160.29,9149.87,0.00114
2022-07-01,9080.62,9160.29,-0.0087
2022-07-04,9072.98,9080.62,-0.00084
2022-07-05,9109.83,9072.98,0.00406
2022-07-06,9211.47,9109.83,0.01116
2022-07-07,9235.43,9211.47,0.0026
2022-07-08,9206.75,9235.43,-0.00311
2022-07-11,9168.49,9206.75,-0.00416
2022-07-12,9177.36,9168.49,0.00097
2022-07-13,9083.21,9177.36,-0.01026
2022-07-14,9061.15,9083.21,-0.00243
2022-07-15,9189.31,9061.15,0.01414
2022-07-18,9340.5,9189.31,0.01645
2022-07-19,9406.14,9340.5,0.00703
2022-07-20,9341.23,9406.14,-0.0069
2022-07-21,9542.13,9341.23,0.02151
2022-07-22,9506.55,9542.13,-0.00373
2022-07-25,9489.39,9506.55,-0.00181
2022-07-26,9435.09,9489.39,-0.00572
2022-07-27,9318.49,9435.09,-0.01236
2022-07-28,9510.54,9318.49,0.02061
2022-07-29,9373.41,9510.54,-0.01442
2022-08-01,9545.01,9373.41,0.01831
2022-08-02,9509.61,9545.01,-0.00371
2022-08-03,9513.2,9509.61,0.00038
2022-08-04,9668.3,9513.2,0.0163
2022-08-05,9696.44,9668.3,0.00291
2022-08-08,9532.63,9696.44,-0.01689
2022-08-09,9551.58,9532.63,0.00199
2022-08-10,9620.31,9551.58,0.0072
2022-08-11,9533.76,9620.31,-0.009
2022-08-12,9457.1,9533.76,-0.00804
2022-08-15,9388.81,9457.1,-0.00722
2022-08-16,9277.83,9388.81,-0.01182
2022-08-17,9185.47,9277.83,-0.00995
2022-08-18,9294.37,9185.47,0.01186
2022-08-19,9233.31,9294.37,-0.00657
2022-08-22,9418.12,9233.31,0.02002
2022-08-23,9433.96,9418.12,0.00168
2022-08-24,9498.17,9433.96,0.00681
2022-08-25,9415.69,9498.17,-0.00868
2022-08-26,9316.97,9415.69,-0.01048
2022-08-29,9208.68,9316.97,-0.01162
2022-08-30,9164.23,9208.68,-0.00483
2022-08-31,9289.0,9164.23,0.01361
2022-09-01,9344.0,9289.0,0.00592
2022-09-02,9480.29,9344.0,0.01459
2022-09-05,9497.44,9480.29,0.00181
2022-09-06,9420.75,9497.44,-0.00807
2022-09-07,9475.45,9420.75,0.00581
2022-09-08,9525.26,9475.45,0.00526
2022-09-09,9512.95,9525.26,-0.00129
2022-09-12,9521.15,9512.95,0.00086
2022-09-13,9620.48,9521.15,0.01043
2022-09-14,9868.82,9620.48,0.02581
2022-09-15,9721.95,9868.82,-0.01488
2022-09-16,9749.54,9721.95,0.00284
2022-09-19,9192.99,9749.54,-0.05708
2022-09-20,9268.56,9192.99,0.00822
2022-09-21,9460.24,9268.56,0.02068
2022-09-22,9415.59,9460.24,-0.00472
2022-09-23,9457.79,9415.59,0.00448
2022-09-26,9484.69,9457.79,0.00284
2022-09-27,9387.24,9484.69,-0.01027
2022-09-28,9344.48,9387.24,-0.00456
2022-09-29,9285.31,9344.48,-0.00633
2022-09-30,9247.04,9285.31,-0.00412
2022-10-03,9105.36,9247.04,-0.01532
2022-10-04,9158.64,9105.36,0.00585
2022-10-05,9166.89,9158.64,0.0009
2022-10-06,9251.87,9166.89,0.00927
2022-10-07,9391.17,9251.87,0.01506
2022-10-10,9463.77,9391.17,0.00773
2022-10-11,9323.42,9463.77,-0.01483
2022-10-12,9379.43,9323.42,0.00601
2022-10-13,9515.02,9379.43,0.01446
2022-10-14,9706.39,9515.02,0.02011
2022-10-17,9783.77,9706.39,0.00797
2022-10-18,9793.66,9783.77,0.00101
2022-10-19,9607.65,9793.66,-0.01899
2022-10-20,9728.51,9607.65,0.01258
2022-10-21,9766.56,9728.51,0.00391
2022-10-24,9590.76,9766.56,-0.018
2022-10-25,9468.32,9590.76,-0.01277
2022-10-26,9366.79,9468.32,-0.01072
2022-10-27,9421.61,9366.79,0.00585
2022-10-28,9315.91,9421.61,-0.01122
2022-10-31,9331.44,9315.91,0.00167
2022-11-01,9364.94,9331.44,0.00359
2022-11-02,9404.64,9364.94,0.00424
2022-11-03,9420.46,9404.64,0.00168
2022-11-04,9369.13,9420.46,-0.00545
2022-11-07,9455.45,9369.13,0.00921
2022-11-08,9365.82,9455.45,-0.00948
2022-11-09,9337.91,9365.82,-0.00298
2022-11-10,9229.1,9337.91,-0.01165
2022-11-11,9353.86,9229.1,0.01352
2022-11-14,9232.46,9353.86,-0.01298
2022-11-15,9355.27,9232.46,0.0133
2022-11-16,9462.9,9355.27,0.0115
2022-11-17,9542.7,9462.9,0.00843
2022-11-18,9557.2,9542.7,0.00152
2022-11-21,9581.79,9557.2,0.00257
2022-11-22,9519.49,9581.79,-0.0065
2022-11-23,9301.03,9519.49,-0.02295
2022-11-24,9379.41,9301.03,0.00843
2022-11-25,9479.72,9379.41,0.01069
2022-11-28,9501.89,9479.72,0.00234
2022-11-29,9477.83,9501.89,-0.00253
2022-11-30,9275.41,9477.83,-0.02136
2022-12-01,9382.43,9275.41,0.01154
2022-12-02,9289.13,9382.43,-0.00994
2022-12-05,9304.71,9289.13,0.00168
2022-12-06,9241.54,9304.71,-0.00679
2022-12-07,9167.1,9241.54,-0.00805
2022-12-08,9295.49,9167.1,0.01401
2022-12-09,9256.87,9295.49,-0.00415
2022-12-12,9287.77,9256.87,0.00334
2022-12-13,9348.45,9287.77,0.00653
2022-12-14,9210.94,9348.45,-0.01471
2022-12-15,9160.51,9210.94,-0.00548
2022-12-16,9172.84,9160.51,0.00135
2022-12-19,9136.78,9172.84,-0.00393
2022-12-20,9081.64,9136.78,-0.00603
2022-12-21,8974.1,9081.64,-0.01184
2022-12-22,8938.77,8974.1,-0.00394
2022-12-23,8901.19,8938.77,-0.0042
2022-12-26,8939.62,8901.19,0.00432
2022-12-27,9063.66,8939.62,0.01388
2022-12-28,9213.52,9063.66,0.01653
2022-12-29,9546.8,9213.52,0.03617
2022-12-30,9710.63,9546.8,0.01716
2023-01-02,9710.81,9710.63,2e-05
2023-01-03,9862.5,9710.81,0.01562
2023-01-04,10044.96,9862.5,0.0185
2023-01-05,10128.23,10044.96,0.00829
2023-01-06,10043.65,10128.23,-0.00835
2023-01-09,10149.08,10043.65,0.0105
2023-01-10,10164.38,10149.08,0.00151
2023-01-11,9875.28,10164.38,-0.02844
2023-01-12,9925.96,9875.28,0.00513
2023-01-13,9987.91,9925.96,0.00624
2023-01-16,10011.85,9987.91,0.0024
2023-01-17,10038.6,10011.85,0.00267
2023-01-18,10052.84,10038.6,0.00142
2023-01-19,10057.07,10052.84,0.00042
2023-01-20,10283.82,10057.07,0.02255
2023-01-23,10104.91,10283.82,-0.0174
2023-01-24,10138.58,10104.91,0.00333
2023-01-25,10176.27,10138.58,0.00372
2023-01-26,10196.66,10176.27,0.002
2023-01-27,10280.0,10196.66,0.00817
2023-01-30,10355.48,10280.0,0.00734
2023-01-31,10272.92,10355.48,-0.00797
2023-02-01,10184.27,10272.92,-0.00863
2023-02-02,10176.04,10184.27,-0.00081
2023-02-03,10130.5,10176.04,-0.00448
2023-02-06,10225.83,10130.5,0.00941
2023-02-07,10150.93,10225.83,-0.00732
2023-02-08,10115.7,10150.93,-0.00347
2023-02-09,10113.57,10115.7,-0.00021
2023-02-10,10117.9,10113.57,0.00043
2023-02-13,10197.49,10117.9,0.00787
2023-02-14,10040.5,10197.49,-0.01539
2023-02-15,10014.66,10040.5,-0.00257
2023-02-16,9888.56,10014.66,-0.01259
2023-02-17,9994.87,9888.56,0.01075
2023-02-20,9908.4,9994.87,-0.00865
2023-02-21,9999.69,9908.4,0.00921
2023-02-22,9997.85,9999.69,-0.00018
2023-02-23,10098.92,9997.85,0.01011
2023-02-24,10099.61,10098.92,7e-05
2023-02-27,10194.76,10099.61,0.00942
2023-02-28,10275.45,10194.76,0.00791
2023-03-01,10239.71,10275.45,-0.00348
2023-03-02,10236.23,10239.71,-0.00034
2023-03-03,10231.31,10236.23,-0.00048
2023-03-06,10388.85,10231.31,0.0154
2023-03-07,10595.42,10388.85,0.01988
2023-03-08,10670.53,10595.42,0.00709
2023-03-09,10702.02,10670.53,0.00295
2023-03-10,10623.07,10702.02,-0.00738
2023-03-13,10525.69,10623.07,-0.00917
2023-03-14,10537.1,10525.69,0.00108
2023-03-15,10689.12,10537.1,0.01443
2023-03-16,10483.52,10689.12,-0.01923
2023-03-17,10598.5,10483.52,0.01097
2023-03-20,10697.5,10598.5,0.00934
2023-03-21,10759.59,10697.5,0.0058
2023-03-22,10721.12,10759.59,-0.00358
2023-03-23,10677.37,10721.12,-0.00408
2023-03-24,10610.4,10677.37,-0.00627
2023-03-27,10277.42,10610.4,-0.03138
2023-03-28,10308.79,10277.42,0.00305
2023-03-29,10499.01,10308.79,0.01845
2023-03-30,10474.37,10499.01,-0.00235
2023-03-31,10377.65,10474.37,-0.00923
2023-04-03,10382.68,10377.65,0.00048
2023-04-04,10561.55,10382.68,0.01723
2023-04-05,10438.12,10561.55,-0.01169
2023-04-06,10349.75,10438.12,-0.00847
2023-04-07,10398.11,10349.75,0.00467
2023-04-10,10484.32,10398.11,0.00829
2023-04-11,10507.44,10484.32,0.00221
2023-04-12,10352.44,10507.44,-0.01475
2023-04-13,10293.11,10352.44,-0.00573
2023-04-14,10214.95,10293.11,-0.00759
2023-04-17,10077.09,10214.95,-0.0135
2023-04-18,9897.14,10077.09,-0.01786
2023-04-19,9848.23,9897.14,-0.00494
2023-04-20,9759.84,9848.23,-0.00898
2023-04-21,9700.03,9759.84,-0.00613
2023-04-24,9545.44,9700.03,-0.01594
2023-04-25,9559.87,9545.44,0.00151
2023-04-26,9566.37,9559.87,0.00068
2023-04-27,9455.93,9566.37,-0.01154
2023-04-28,9410.23,9455.93,-0.00483
2023-05-01,9353.36,9410.23,-0.00604
2023-05-02,9495.83,9353.36,0.01523
2023-05-03,9533.35,9495.83,0.00395
2023-05-04,9620.21,9533.35,0.00911
2023-05-05,9723.85,9620.21,0.01077
2023-05-08,9832.3,9723.85,0.01115
2023-05-09,9882.04,9832.3,0.00506
2023-05-10,9608.58,9882.04,-0.02767
2023-05-11,9613.83,9608.58,0.00055
2023-05-12,9648.83,9613.83,0.00364
2023-05-15,9557.91,9648.83,-0.00942
2023-05-16,9660.71,9557.91,0.01076
2023-05-17,9641.22,9660.71,-0.00202
2023-05-18,9606.93,9641.22,-0.00356
2023-05-19,9840.13,9606.93,0.02427
2023-05-22,9811.64,9840.13,-0.0029
2023-05-23,9883.57,9811.64,0.00733
2023-05-24,10133.17,9883.57,0.02525
2023-05-25,10243.5,10133.17,0.01089
2023-05-26,10152.77,10243.5,-0.00886
2023-05-29,9975.0,10152.77,-0.01751
2023-05-30,9488.82,9975.0,-0.04874
2023-05-31,9539.56,9488.82,0.00535
2023-06-01,9591.51,9539.56,0.00545
2023-06-02,9554.05,9591.51,-0.00391
2023-06-05,9580.9,9554.05,0.00281
2023-06-06,9568.97,9580.9,-0.00125
2023-06-07,9563.53,9568.97,-0.00057
2023-06-08,9717.12,9563.53,0.01606
2023-06-09,9656.02,9717.12,-0.00629
2023-06-12,9547.89,9656.02,-0.0112
2023-06-13,9583.53,9547.89,0.00373
2023-06-14,9802.83,9583.53,0.02288
2023-06-15,9717.74,9802.83,-0.00868
2023-06-16,9703.29,9717.74,-0.00149
2023-06-19,9660.46,9703.29,-0.00441
2023-06-20,9711.29,9660.46,0.00526
2023-06-21,9701.87,9711.29,-0.00097
2023-06-22,9743.11,9701.87,0.00425
2023-06-23,9657.29,9743.11,-0.00881
2023-06-26,9645.56,9657.29,-0.00121
2023-06-27,9471.98,9645.56,-0.018
2023-06-28,9258.65,9471.98,-0.02252
2023-06-29,9223.68,9258.65,-0.00378
2023-06-30,9251.03,9223.68,0.00297
2023-07-03,9178.2,9251.03,-0.00787
2023-07-04,9309.01,9178.2,0.01425
2023-07-05,9288.89,9309.01,-0.00216
2023-07-06,9240.51,9288.89,-0.00521
2023-07-07,9300.36,9240.51,0.00648
2023-07-10,9326.01,9300.36,0.00276
2023-07-11,9225.63,9326.01,-0.01076
2023-07-12,9111.0,9225.63,-0.01243
2023-07-13,9429.61,9111.0,0.03497
2023-07-14,9548.2,9429.61,0.01258
2023-07-17,9518.9,9548.2,-0.00307
2023-07-18,9598.54,9518.9,0.00837
2023-07-19,9630.02,9598.54,0.00328
2023-07-20,9828.27,9630.02,0.02059
2023-07-21,9856.42,9828.27,0.00286
2023-07-24,9899.92,9856.42,0.00441
2023-07-25,10113.76,9899.92,0.0216
2023-07-26,9966.36,10113.76,-0.01457
2023-07-27,10110.96,9966.36,0.01451
2023-07-28,9941.58,10110.96,-0.01675
2023-07-31,10065.89,9941.58,0.0125
2023-08-01,9867.5,10065.89,-0.01971
2023-08-02,9833.87,9867.5,-0.00341
2023-08-03,9824.53,9833.87,-0.00095
2023-08-04,9864.06,9824.53,0.00402
2023-08-07,9880.18,9864.06,0.00163
2023-08-08,9846.93,9880.18,-0.00337
2023-08-09,9626.7,9846.93,-0.02237
2023-08-10,9790.93,9626.7,0.01706
2023-08-11,9763.17,9790.93,-0.00284
2023-08-14,9779.42,9763.17,0.00166
2023-08-15,9671.62,9779.42,-0.01102
2023-08-16,9767.42,9671.62,0.00991
2023-08-17,9632.76,9767.42,-0.01379
2023-08-18,9613.29,9632.76,-0.00202
2023-08-21,9512.87,9613.29,-0.01045
2023-08-22,9561.5,9512.87,0.00511
2023-08-23,9547.62,9561.5,-0.00145
2023-08-24,9608.21,9547.62,0.00635
2023-08-25,9593.49,9608.21,-0.00153
2023-08-28,9477.75,9593.49,-0.01206
2023-08-29,9649.33,9477.75,0.0181
2023-08-30,9639.03,9649.33,-0.00107
2023-08-31,9679.97,9639.03,0.00425
2023-09-01,9677.89,9679.97,-0.00021
2023-09-04,9571.03,9677.89,-0.01104
2023-09-05,9670.71,9571.03,0.01041
2023-09-06,9604.89,9670.71,-0.00681
2023-09-07,9529.17,9604.89,-0.00788
2023-09-08,9548.22,9529.17,0.002
2023-09-11,9586.86,9548.22,0.00405
2023-09-12,9513.69,9586.86,-0.00763
2023-09-13,9288.15,9513.69,-0.02371
2023-09-14,9319.05,9288.15,0.00333
2023-09-15,9296.79,9319.05,-0.00239
2023-09-18,9192.54,9296.79,-0.01121
2023-09-19,9159.78,9192.54,-0.00356
2023-09-20,9347.12,9159.78,0.02045
2023-09-21,9414.07,9347.12,0.00716
2023-09-22,9467.39,9414.07,0.00566
2023-09-25,9499.33,9467.39,0.00337
2023-09-26,9482.07,9499.33,-0.00182
2023-09-27,9450.31,9482.07,-0.00335
2023-09-28,9455.17,9450.31,0.00051
2023-09-29,9320.33,9455.17,-0.01426
2023-10-02,9358.95,9320.33,0.00414
2023-10-03,9362.54,9358.95,0.00038
2023-10-04,9357.74,9362.54,-0.00051
2023-10-05,9282.19,9357.74,-0.00807
2023-10-06,9404.42,9282.19,0.01317
2023-10-09,9514.96,9404.42,0.01175
2023-10-10,9617.3,9514.96,0.01076
2023-10-11,9650.66,9617.3,0.00347
2023-10-12,9613.52,9650.66,-0.00385
2023-10-13,9560.42,9613.52,-0.00552
2023-10-16,9634.21,9560.42,0.00772
2023-10-17,9768.06,9634.21,0.01389
2023-10-18,9749.49,9768.06,-0.0019
2023-10-19,9614.88,9749.49,-0.01381
2023-10-20,9666.84,9614.88,0.0054
2023-10-23,9703.02,9666.84,0.00374
2023-10-24,9718.13,9703.02,0.00156
2023-10-25,9565.25,9718.13,-0.01573
2023-10-26,9559.27,9565.25,-0.00063
2023-10-27,9681.55,9559.27,0.01279
2023-10-30,9639.79,9681.55,-0.00431
2023-10-31,9609.91,9639.79,-0.0031
2023-11-01,9585.46,9609.91,-0.00254
2023-11-02,9597.0,9585.46,0.0012
2023-11-03,9497.81,9597.0,-0.01034
2023-11-06,9424.27,9497.81,-0.00774
2023-11-07,9417.66,9424.27,-0.0007
2023-11-08,9536.55,9417.66,0.01262
2023-11-09,9669.69,9536.55,0.01396
2023-11-10,9647.12,9669.69,-0.00233
2023-11-13,9507.31,9647.12,-0.01449
2023-11-14,9371.34,9507.31,-0.0143
2023-11-15,9342.2,9371.34,-0.00311
2023-11-16,9168.79,9342.2,-0.01856
2023-11-17,9218.7,9168.79,0.00544
2023-11-20,9297.52,9218.7,0.00855
2023-11-21,9351.22,9297.52,0.00578
2023-11-22,9315.89,9351.22,-0.00378
2023-11-23,9285.32,9315.89,-0.00328
2023-11-24,9427.42,9285.32,0.0153
2023-11-27,9536.11,9427.42,0.01153
2023-11-28,9552.31,9536.11,0.0017
2023-11-29,9577.91,9552.31,0.00268
2023-11-30,9553.27,9577.91,-0.00257
2023-12-01,9524.29,9553.27,-0.00303
2023-12-04,9346.48,9524.29,-0.01867
2023-12-05,9232.94,9346.48,-0.01215
2023-12-06,9292.38,9232.94,0.00644
2023-12-07,9122.14,9292.38,-0.01832
2023-12-08,9232.22,9122.14,0.01207
2023-12-11,9448.85,9232.22,0.02346
2023-12-12,9514.33,9448.85,0.00693
2023-12-13,9542.4,9514.33,0.00295
2023-12-14,9647.12,9542.4,0.01097
2023-12-15,9516.78,9647.12,-0.01351
2023-12-18,9664.33,9516.78,0.0155
2023-12-19,9604.68,9664.33,-0.00617
2023-12-20,9613.08,9604.68,0.00087
2023-12-21,9565.91,9613.08,-0.00491
2023-12-22,9493.62,9565.91,-0.00756
2023-12-25,9328.71,9493.62,-0.01737
2023-12-26,9286.8,9328.71,-0.00449
2023-12-27,9300.13,9286.8,0.00144
2023-12-28,9224.42,9300.13,-0.00814
2023-12-29,9161.98,9224.42,-0.00677
2024-01-01,9194.55,9161.98,0.00355
2024-01-02,9057.99,9194.55,-0.01485
2024-01-03,9030.26,9057.99,-0.00306
2024-01-04,9163.84,9030.26,0.01479
2024-01-05,9085.16,9163.84,-0.00859
2024-01-08,9268.06,9085.16,0.02013
2024-01-09,9127.82,9268.06,-0.01513
2024-01-10,8923.9,9127.82,-0.02234
2024-01-11,8973.75,8923.9,0.00559
2024-01-12,9005.03,8973.75,0.00349
2024-01-15,9189.53,9005.03,0.02049
2024-01-16,9008.18,9189.53,-0.01973
2024-01-17,8986.34,9008.18,-0.00242
2024-01-18,8967.34,8986.34,-0.00211
2024-01-19,9133.46,8967.34,0.01853
2024-01-22,9235.64,9133.46,0.01119
2024-01-23,9181.85,9235.64,-0.00582
2024-01-24,9360.02,9181.85,0.0194
2024-01-25,9292.76,9360.02,-0.00719
2024-01-26,9346.51,9292.76,0.00578
2024-01-29,9343.08,9346.51,-0.00037
2024-01-30,9292.31,9343.08,-0.00543
2024-01-31,9267.25,9292.31,-0.0027
2024-02-01,9250.84,9267.25,-0.00177
2024-02-02,9159.06,9250.84,-0.00992
2024-02-05,9115.84,9159.06,-0.00472
2024-02-06,9263.19,9115.84,0.01616
2024-02-07,9199.18,9263.19,-0.00691
2024-02-08,9217.28,9199.18,0.00197
2024-02-09,9321.54,9217.28,0.01131
2024-02-12,9290.9,9321.54,-0.00329
2024-02-13,9380.51,9290.9,0.00964
2024-02-14,9478.22,9380.51,0.01042
2024-02-15,9456.84,9478.22,-0.00226
2024-02-16,9573.79,9456.84,0.01237
2024-02-19,9685.69,9573.79,0.01169
2024-02-20,9755.93,9685.69,0.00725
2024-02-21,9863.07,9755.93,0.01098
2024-02-22,9726.72,9863.07,-0.01382
2024-02-23,9842.96,9726.72,0.01195
2024-02-26,10057.42,9842.96,0.02179
2024-02-27,10026.2,10057.42,-0.0031
2024-02-28,10106.85,10026.2,0.00804
2024-02-29,10138.72,10106.85,0.00315
2024-03-01,9978.86,10138.72,-0.01577
2024-03-04,10149.88,9978.86,0.01714
2024-03-05,9800.86,10149.88,-0.03439
2024-03-06,10046.03,9800.86,0.02502
2024-03-07,9853.68,10046.03,-0.01915
2024-03-08,9871.73,9853.68,0.00183
2024-03-11,10024.47,9871.73,0.01547
2024-03-12,10085.46,10024.47,0.00608
2024-03-13,10094.78,10085.46,0.00092
2024-03-14,10190.17,10094.78,0.00945
2024-03-15,10270.09,10190.17,0.00784
2024-03-18,10126.22,10270.09,-0.01401
2024-03-19,9813.17,10126.22,-0.03091
2024-03-20,9861.77,9813.17,0.00495
2024-03-21,9848.05,9861.77,-0.00139
2024-03-22,9837.2,9848.05,-0.0011
2024-03-25,9914.11,9837.2,0.00782
2024-03-26,10089.32,9914.11,0.01767
2024-03-27,10185.21,10089.32,0.0095
2024-03-28,10056.61,10185.21,-0.01263
2024-03-29,10079.49,10056.61,0.00228
2024-04-01,10129.28,10079.49,0.00494
2024-04-02,10130.56,10129.28,0.00013
2024-04-03,10012.56,10130.56,-0.01165
2024-04-04,10112.64,10012.56,0.01
2024-04-05,10051.96,10112.64,-0.006
2024-04-08,10008.92,10051.96,-0.00428
2024-04-09,10057.66,10008.92,0.00487
2024-04-10,10157.0,10057.66,0.00988
2024-04-11,10111.34,10157.0,-0.0045
2024-04-12,10154.95,10111.34,0.00431
2024-04-15,10174.25,10154.95,0.0019
2024-04-16,10272.24,10174.25,0.00963
2024-04-17,10160.54,10272.24,-0.01087
2024-04-18,10018.23,10160.54,-0.01401
2024-04-19,9937.08,10018.23,-0.0081
2024-04-22,9931.61,9937.08,-0.00055
2024-04-23,9917.76,9931.61,-0.00139
2024-04-24,9786.14,9917.76,-0.01327
2024-04-25,9898.68,9786.14,0.0115
2024-04-26,9724.13,9898.68,-0.01763
2024-04-29,9576.24,9724.13,-0.01521
2024-04-30,9466.16,9576.24,-0.0115
2024-05-01,9549.7,9466.16,0.00883
2024-05-02,9441.97,9549.7,-0.01128
2024-05-03,9304.11,9441.97,-0.0146
2024-05-06,9137.02,9304.11,-0.01796
2024-05-07,9145.63,9137.02,0.00094
2024-05-08,9025.11,9145.63,-0.01318
2024-05-09,8869.74,9025.11,-0.01722
2024-05-10,8972.6,8869.74,0.0116
2024-05-13,9152.44,8972.6,0.02004
2024-05-14,9133.72,9152.44,-0.00205
2024-05-15,9038.88,9133.72,-0.01038
2024-05-16,8908.54,9038.88,-0.01442
2024-05-17,9096.49,8908.54,0.0211
2024-05-20,9165.09,9096.49,0.00754
2024-05-21,9067.27,9165.09,-0.01067
2024-05-22,9032.03,9067.27,-0.00389
2024-05-23,9070.19,9032.03,0.00422
2024-05-24,9031.22,9070.19,-0.0043
2024-05-27,9173.12,9031.22,0.01571
2024-05-28,9316.07,9173.12,0.01558
2024-05-29,9149.23,9316.07,-0.01791
2024-05-30,9304.34,9149.23,0.01695
2024-05-31,9385.35,9304.34,0.00871
2024-06-03,9295.21,9385.35,-0.0096
2024-06-04,9268.2,9295.21,-0.00291
2024-06-05,9122.36,9268.2,-0.01574
2024-06-06,9119.45,9122.36,-0.00032
2024-06-07,9033.11,9119.45,-0.00947
2024-06-10,8978.01,9033.11,-0.0061
2024-06-11,8937.31,8978.01,-0.00453
2024-06-12,8868.33,8937.31,-0.00772
2024-06-13,8933.9,8868.33,0.00739
2024-06-14,8760.89,8933.9,-0.01937
2024-06-17,8835.76,8760.89,0.00855
2024-06-18,8849.98,8835.76,0.00161
2024-06-19,8799.48,8849.98,-0.00571
2024-06-20,8674.37,8799.48,-0.01422
2024-06-21,8416.04,8674.37,-0.02978
2024-06-24,8540.72,8416.04,0.01481
2024-06-25,8396.56,8540.72,-0.01688
2024-06-26,8449.46,8396.56,0.0063
2024-06-27,8357.15,8449.46,-0.01092
2024-06-28,8382.65,8357.15,0.00305
2024-07-01,8246.27,8382.65,-0.01627
2024-07-02,8288.43,8246.27,0.00511
2024-07-03,8174.68,8288.43,-0.01372
2024-07-04,8242.76,8174.68,0.00833
2024-07-05,8277.51,8242.76,0.00422
2024-07-08,8000.5,8277.51,-0.03347
2024-07-09,7905.03,8000.5,-0.01193
2024-07-10,8137.5,7905.03,0.02941
2024-07-11,8208.75,8137.5,0.00876
2024-07-12,8343.31,8208.75,0.01639
2024-07-15,8295.16,8343.31,-0.00577
2024-07-16,8176.92,8295.16,-0.01425
2024-07-17,8056.25,8176.92,-0.01476
2024-07-18,8022.55,8056.25,-0.00418
2024-07-19,7959.26,8022.55,-0.00789
2024-07-22,7973.47,7959.26,0.00179
2024-07-23,7865.54,7973.47,-0.01354
2024-07-24,7905.15,7865.54,0.00504
2024-07-25,7770.75,7905.15,-0.017
2024-07-26,7687.02,7770.75,-0.01078
2024-07-29,7722.84,7687.02,0.00466
2024-07-30,7830.5,7722.84,0.01394
2024-07-31,7938.19,7830.5,0.01375
2024-08-01,7957.68,7938.19,0.00246
2024-08-02,8009.23,7957.68,0.00648
2024-08-05,7879.81,8009.23,-0.01616
2024-08-06,7955.34,7879.81,0.00959
2024-08-07,8002.98,7955.34,0.00599
2024-08-08,7977.46,8002.98,-0.00319
2024-08-09,8060.96,7977.46,0.01047
2024-08-12,8087.27,8060.96,0.00326
2024-08-13,8026.01,8087.27,-0.00757
2024-08-14,8008.81,8026.01,-0.00214
2024-08-15,7999.01,8008.81,-0.00122
2024-08-16,8021.54,7999.01,0.00282
2024-08-19,7829.97,8021.54,-0.02388
2024-08-20,7884.75,7829.97,0.007
2024-08-21,7993.85,7884.75,0.01384
2024-08-22,7884.0,7993.85,-0.01374
2024-08-23,7604.08,7884.0,-0.0355
2024-08-26,7598.12,7604.08,-0.00078
2024-08-27,7715.45,7598.12,0.01544
2024-08-28,7706.64,7715.45,-0.00114
2024-08-29,7661.42,7706.64,-0.00587
2024-08-30,7586.6,7661.42,-0.00977
2024-09-02,7794.29,7586.6,0.02738
2024-09-03,7910.81,7794.29,0.01495
2024-09-04,7874.06,7910.81,-0.00465
2024-09-05,8069.39,7874.06,0.02481
2024-09-06,8097.37,8069.39,0.00347
2024-09-09,7960.76,8097.37,-0.01687
2024-09-10,7875.62,7960.76,-0.01069
2024-09-11,7874.95,7875.62,-9e-05
2024-09-12,7726.85,7874.95,-0.01881
2024-09-13,7611.67,7726.85,-0.01491
2024-09-16,7596.63,7611.67,-0.00198
2024-09-17,7627.43,7596.63,0.00405
2024-09-18,7601.43,7627.43,-0.00341
2024-09-19,7716.74,7601.43,0.01517
2024-09-20,7674.46,7716.74,-0.00548
2024-09-23,7655.41,7674.46,-0.00248
2024-09-24,7643.01,7655.41,-0.00162
2024-09-25,7556.44,7643.01,-0.01133
2024-09-26,7588.38,7556.44,0.00423
2024-09-27,7563.63,7588.38,-0.00326
2024-09-30,7648.85,7563.63,0.01127
2024-10-01,7530.05,7648.85,-0.01553
2024-10-02,7492.96,7530.05,-0.00493
2024-10-03,7206.77,7492.96,-0.03819
2024-10-04,7102.66,7206.77,-0.01445
2024-10-07,7070.05,7102.66,-0.00459
2024-10-08,7002.44,7070.05,-0.00956
2024-10-09,7080.42,7002.44,0.01114
2024-10-10,7183.59,7080.42,0.01457
2024-10-11,7126.08,7183.59,-0.00801
2024-10-14,7114.1,7126.08,-0.00168
2024-10-15,7120.65,7114.1,0.00092
2024-10-16,7130.64,7120.65,0.0014
2024-10-17,7105.73,7130.64,-0.00349
2024-10-18,7231.55,7105.73,0.01771
2024-10-21,7199.37,7231.55,-0.00445
2024-10-22,7248.88,7199.37,0.00688
2024-10-23,7199.61,7248.88,-0.0068
2024-10-24,7226.54,7199.61,0.00374
2024-10-25,7303.49,7226.54,0.01065
2024-10-28,7289.84,7303.49,-0.00187
2024-10-29,7388.08,7289.84,0.01348
2024-10-30,7367.84,7388.08,-0.00274
2024-10-31,7385.28,7367.84,0.00237
2024-11-01,7396.38,7385.28,0.0015
2024-11-04,7485.76,7396.38,0.01208
2024-11-05,7402.83,7485.76,-0.01108
2024-11-06,7338.32,7402.83,-0.00871
2024-11-07,7268.1,7338.32,-0.00957
2024-11-08,7210.88,7268.1,-0.00787
2024-11-11,7151.08,7210.88,-0.00829
2024-11-12,7056.55,7151.08,-0.01322
2024-11-13,7029.26,7056.55,-0.00387
2024-11-14,7093.39,7029.26,0.00912
2024-11-15,7117.18,7093.39,0.00335
2024-11-18,7263.19,7117.18,0.02052
2024-11-19,7155.66,7263.19,-0.0148
2024-11-20,7051.25,7155.66,-0.01459
2024-11-21,6879.84,7051.25,-0.02431
2024-11-22,6832.93,6879.84,-0.00682
2024-11-25,6819.17,6832.93,-0.00201
2024-11-26,6824.9,6819.17,0.00084
2024-11-27,6772.33,6824.9,-0.0077
2024-11-28,6944.46,6772.33,0.02542
2024-11-29,7045.23,6944.46,0.01451
2024-12-02,7029.42,7045.23,-0.00224
2024-12-03,6962.23,7029.42,-0.00956
2024-12-04,6920.69,6962.23,-0.00597
2024-12-05,6988.02,6920.69,0.00973
2024-12-06,7012.14,6988.02,0.00345
2024-12-09,6931.86,7012.14,-0.01145
2024-12-10,6880.82,6931.86,-0.00736
2024-12-11,6802.96,6880.82,-0.01132
2024-12-12,6842.84,6802.96,0.00586
2024-12-13,6965.33,6842.84,0.0179
2024-12-16,7065.5,6965.33,0.01438
2024-12-17,7028.48,7065.5,-0.00524
2024-12-18,7053.92,7028.48,0.00362
2024-12-19,6981.74,7053.92,-0.01023
2024-12-20,7014.26,6981.74,0.00466
2024-12-23,7062.14,7014.26,0.00683
2024-12-24,6895.46,7062.14,-0.0236
2024-12-25,6868.51,6895.46,-0.00391
2024-12-26,6824.65,6868.51,-0.00639
2024-12-27,6764.18,6824.65,-0.00886
2024-12-30,6701.52,6764.18,-0.00926
2024-12-31,6866.37,6701.52,0.0246
2025-01-01,6879.38,6866.37,0.00189
2025-01-02,6842.65,6879.38,-0.00534
2025-01-03,6786.44,6842.65,-0.00821
2025-01-06,6753.51,6786.44,-0.00485
2025-01-07,6690.56,6753.51,-0.00932
2025-01-08,6693.76,6690.56,0.00048
2025-01-09,6601.16,6693.76,-0.01383
2025-01-10,6566.49,6601.16,-0.00525
2025-01-13,6615.91,6566.49,0.00753
2025-01-14,6676.25,6615.91,0.00912
2025-01-15,6526.38,6676.25,-0.02245
2025-01-16,6573.68,6526.38,0.00725
2025-01-17,6520.36,6573.68,-0.00811
2025-01-20,6601.9,6520.36,0.01251
2025-01-21,6524.01,6601.9,-0.0118
2025-01-22,6500.93,6524.01,-0.00354
2025-01-23,6509.1,6500.93,0.00126
2025-01-24,6569.71,6509.1,0.00931
2025-01-27,6632.51,6569.71,0.00956
2025-01-28,6575.75,6632.51,-0.00856
2025-01-29,6519.97,6575.75,-0.00848
2025-01-30,6599.21,6519.97,0.01215
2025-01-31,6555.57,6599.21,-0.00661
2025-02-03,6682.81,6555.57,0.01941
2025-02-04,6731.11,6682.81,0.00723
2025-02-05,6650.44,6731.11,-0.01198
2025-02-06,6717.36,6650.44,0.01006
2025-02-07,6741.26,6717.36,0.00356
2025-02-10,6732.38,6741.26,-0.00132
2025-02-11,6705.37,6732.38,-0.00401
2025-02-12,6764.15,6705.37,0.00877
2025-02-13,6704.24,6764.15,-0.00886
2025-02-14,6649.82,6704.24,-0.00812
2025-02-17,6605.92,6649.82,-0.0066
2025-02-18,6570.79,6605.92,-0.00532
2025-02-19,6586.61,6570.79,0.00241
2025-02-20,6472.76,6586.61,-0.01729
2025-02-21,6528.07,6472.76,0.00855
2025-02-24,6680.62,6528.07,0.02337
2025-02-25,6734.01,6680.62,0.00799
2025-02-26,6703.07,6734.01,-0.00459
2025-02-27,6719.8,6703.07,0.0025
2025-02-28,6720.93,6719.8,0.00017
2025-03-03,6629.19,6720.93,-0.01365
2025-03-04,6655.24,6629.19,0.00393
2025-03-05,6571.74,6655.24,-0.01255
2025-03-06,6588.79,6571.74,0.00259
2025-03-07,6569.79,6588.79,-0.00288
2025-03-10,6460.96,6569.79,-0.01657
2025-03-11,6516.82,6460.96,0.00865
2025-03-12,6556.73,6516.82,0.00612
2025-03-13,6636.47,6556.73,0.01216
2025-03-14,6580.4,6636.47,-0.00845
2025-03-17,6573.21,6580.4,-0.00109
2025-03-18,6612.59,6573.21,0.00599
2025-03-19,6777.07,6612.59,0.02487
2025-03-20,6781.67,6777.07,0.00068
2025-03-21,6750.57,6781.67,-0.00459
2025-03-24,6694.25,6750.57,-0.00834
2025-03-25,6797.98,6694.25,0.0155
2025-03-26,6888.06,6797.98,0.01325
2025-03-27,6871.37,6888.06,-0.00242
2025-03-28,6899.95,6871.37,0.00416
2025-03-31,7023.23,6899.95,0.01787
2025-04-01,7070.74,7023.23,0.00676
2025-04-02,7018.85,7070.74,-0.00734
2025-04-03,7000.8,7018.85,-0.00257
2025-04-04,7023.93,7000.8,0.0033
2025-04-07,7111.52,7023.93,0.01247
2025-04-08,6988.5,7111.52,-0.0173
2025-04-09,7029.73,6988.5,0.0059
2025-04-10,7037.48,7029.73,0.0011
2025-04-11,7194.87,7037.48,0.02236
2025-04-14,7257.78,7194.87,0.00874
2025-04-15,7254.14,7257.78,-0.0005
2025-04-16,7253.27,7254.14,-0.00012
2025-04-17,7247.86,7253.27,-0.00075
2025-04-18,7285.62,7247.86,0.00521
2025-04-21,7340.92,7285.62,0.00759
2025-04-22,7267.01,7340.92,-0.01007
2025-04-23,7031.39,7267.01,-0.03242
2025-04-24,7061.04,7031.39,0.00422
2025-04-25,7078.49,7061.04,0.00247
2025-04-28,7049.07,7078.49,-0.00416
2025-04-29,6900.37,7049.07,-0.02109
2025-04-30,6837.38,6900.37,-0.00913
2025-05-01,6811.92,6837.38,-0.00372
2025-05-02,6898.7,6811.92,0.01274
2025-05-05,6984.92,6898.7,0.0125
2025-05-06,6953.04,6984.92,-0.00456
2025-05-07,6735.9,6953.04,-0.03123
2025-05-08,6798.09,6735.9,0.00923
2025-05-09,6857.56,6798.09,0.00875
2025-05-12,6641.9,6857.56,-0.03145
2025-05-13,6720.83,6641.9,0.01188
2025-05-14,6786.99,6720.83,0.00984
2025-05-15,6742.29,6786.99,-0.00659
2025-05-16,6653.24,6742.29,-0.01321
2025-05-19,6709.2,6653.24,0.00841
2025-05-20,6695.34,6709.2,-0.00207
2025-05-21,6648.37,6695.34,-0.00702
2025-05-22,6626.71,6648.37,-0.00326
2025-05-23,6527.3,6626.71,-0.015
2025-05-26,6544.85,6527.3,0.00269
2025-05-27,6602.51,6544.85,0.00881
2025-05-28,6621.14,6602.51,0.00282
2025-05-29,6649.8,6621.14,0.00433
2025-05-30,6625.07,6649.8,-0.00372
2025-06-02,6654.74,6625.07,0.00448
2025-06-03,6580.68,6654.74,-0.01113
2025-06-04,6485.55,6580.68,-0.01446
2025-06-05,6393.21,6485.55,-0.01424
2025-06-06,6405.9,6393.21,0.00198
2025-06-09,6392.51,6405.9,-0.00209
2025-06-10,6328.99,6392.51,-0.00994
2025-06-11,6392.94,6328.99,0.0101
2025-06-12,6416.83,6392.94,0.00374
2025-06-13,6381.25,6416.83,-0.00554
2025-06-16,6474.62,6381.25,0.01463
2025-06-17,6409.31,6474.62,-0.01009
2025-06-18,6272.62,6409.31,-0.02133
2025-06-19,6184.93,6272.62,-0.01398
2025-06-20,6149.28,6184.93,-0.00576
2025-06-23,5957.32,6149.28,-0.03122
2025-06-24,5994.09,5957.32,0.00617
2025-06-25,5952.76,5994.09,-0.0069
2025-06-26,5997.54,5952.76,0.00752
2025-06-27,6032.98,5997.54,0.00591
2025-06-30,5985.59,6032.98,-0.00786
2025-07-01,6104.11,5985.59,0.0198
2025-07-02,6211.83,6104.11,0.01765
2025-07-03,6205.98,6211.83,-0.00094
2025-07-04,6265.0,6205.98,0.00951
2025-07-07,6247.83,6265.0,-0.00274
2025-07-08,6243.99,6247.83,-0.00061
2025-07-09,6215.95,6243.99,-0.00449
2025-07-10,6241.23,6215.95,0.00407
2025-07-11,6151.94,6241.23,-0.01431
2025-07-14,6188.16,6151.94,0.00589
2025-07-15,6196.53,6188.16,0.00135
2025-07-16,6258.05,6196.53,0.00993
2025-07-17,6336.39,6258.05,0.01252
2025-07-18,6357.37,6336.39,0.00331
2025-07-21,6380.22,6357.37,0.00359
2025-07-22,6340.05,6380.22,-0.0063
2025-07-23,6241.49,6340.05,-0.01555
2025-07-24,6265.27,6241.49,0.00381
2025-07-25,6338.37,6265.27,0.01167
2025-07-28,6391.65,6338.37,0.00841
2025-07-29,6373.61,6391.65,-0.00282
2025-07-30,6308.87,6373.61,-0.01016
2025-07-31,6304.91,6308.87,-0.00063
2025-08-01,6343.6,6304.91,0.00614
2025-08-04,6327.51,6343.6,-0.00254
2025-08-05,6378.99,6327.51,0.00814
2025-08-06,6411.74,6378.99,0.00513
2025-08-07,6331.67,6411.74,-0.01249
2025-08-08,6281.04,6331.67,-0.008
2025-08-11,6266.78,6281.04,-0.00227
2025-08-12,6400.1,6266.78,0.02127
2025-08-13,6427.77,6400.1,0.00432
2025-08-14,6250.5,6427.77,-0.02758
2025-08-15,6207.56,6250.5,-0.00687
2025-08-18,6136.49,6207.56,-0.01145
2025-08-19,6125.67,6136.49,-0.00176
2025-08-20,6156.45,6125.67,0.00502
2025-08-21,6184.52,6156.45,0.00456
2025-08-22,6174.31,6184.52,-0.00165
2025-08-25,6262.76,6174.31,0.01433
2025-08-26,6301.05,6262.76,0.00611
2025-08-27,6257.6,6301.05,-0.0069
2025-08-28,6428.71,6257.6,0.02734
2025-08-29,6484.61,6428.71,0.0087
2025-09-01,6474.56,6484.61,-0.00155
2025-09-02,6491.12,6474.56,0.00256
2025-09-03,6502.65,6491.12,0.00178
2025-09-04,6373.91,6502.65,-0.0198
2025-09-05,6337.1,6373.91,-0.00578
2025-09-08,6379.7,6337.1,0.00672
2025-09-09,6407.86,6379.7,0.00441
2025-09-10,6454.68,6407.86,0.00731
2025-09-11,6478.25,6454.68,0.00365
2025-09-12,6635.83,6478.25,0.02432
2025-09-15,6619.38,6635.83,-0.00248
2025-09-16,6602.9,6619.38,-0.00249
2025-09-17,6585.82,6602.9,-0.00259
2025-09-18,6556.09,6585.82,-0.00451
2025-09-19,6775.75,6556.09,0.0335
2025-09-22,6763.32,6775.75,-0.00183
2025-09-23,6766.43,6763.32,0.00046
2025-09-24,6865.01,6766.43,0.01457
2025-09-25,6832.03,6865.01,-0.0048
2025-09-26,6976.26,6832.03,0.02111
2025-09-29,7011.23,6976.26,0.00501
2025-09-30,6987.36,7011.23,-0.0034
2025-10-01,7027.55,6987.36,0.00575
2025-10-02,7048.38,7027.55,0.00296
2025-10-03,7107.3,7048.38,0.00836
2025-10-06,7064.08,7107.3,-0.00608
2025-10-07,7040.58,7064.08,-0.00333
2025-10-08,7203.99,7040.58,0.02321
2025-10-09,7244.59,7203.99,0.00564
2025-10-10,7201.7,7244.59,-0.00592
2025-10-13,7181.75,7201.7,-0.00277
2025-10-14,7225.07,7181.75,0.00603
2025-10-15,7169.14,7225.07,-0.00774
2025-10-16,7229.8,7169.14,0.00846
2025-10-17,7257.11,7229.8,0.00378
2025-10-20,7129.86,7257.11,-0.01753
2025-10-21,7073.29,7129.86,-0.00793
2025-10-22,7076.97,7073.29,0.00052
2025-10-23,7050.65,7076.97,-0.00372
2025-10-24,7061.26,7050.65,0.0015
2025-10-27,6976.41,7061.26,-0.01202
2025-10-28,6924.27,6976.41,-0.00747
2025-10-29,6997.99,6924.27,0.01065
2025-10-30,6964.53,6997.99,-0.00478
2025-10-31,6886.95,6964.53,-0.01114
2025-11-03,6839.05,6886.95,-0.00696
2025-11-04,6840.6,6839.05,0.00023
2025-11-05,6851.41,6840.6,0.00158
2025-11-06,6846.15,6851.41,-0.00077
2025-11-07,6815.97,6846.15,-0.00441
2025-11-10,6860.37,6815.97,0.00651
2025-11-11,6902.72,6860.37,0.00617
2025-11-12,6801.35,6902.72,-0.01469
2025-11-13,6982.18,6801.35,0.02659
2025-11-14,7065.67,6982.18,0.01196
2025-11-17,7068.74,7065.67,0.00043
2025-11-18,7094.49,7068.74,0.00364
2025-11-19,7111.16,7094.49,0.00235
2025-11-20,7207.12,7111.16,0.01349
2025-11-21,7191.09,7207.12,-0.00222
2025-11-24,7149.26,7191.09,-0.00582
2025-11-25,6928.56,7149.26,-0.03087
2025-11-26,6818.53,6928.56,-0.01588
2025-11-27,6365.89,6818.53,-0.06638
2025-11-28,6364.58,6365.89,-0.00021
2025-12-01,6425.18,6364.58,0.00952
2025-12-02,6290.37,6425.18,-0.02098
2025-12-03,6225.91,6290.37,-0.01025
2025-12-04,6178.59,6225.91,-0.0076
2025-12-05,6210.07,6178.59,0.0051
2025-12-08,6281.87,6210.07,0.01156
2025-12-09,6312.4,6281.87,0.00486
2025-12-10,6303.68,6312.4,-0.00138
2025-12-11,6323.68,6303.68,0.00317
2025-12-12,6385.86,6323.68,0.00983
2025-12-15,6423.85,6385.86,0.00595
2025-12-16,6391.16,6423.85,-0.00509
2025-12-17,6276.41,6391.16,-0.01795
2025-12-18,6407.15,6276.41,0.02083
2025-12-19,6261.71,6407.15,-0.0227
2025-12-22,6381.94,6261.71,0.0192
2025-12-23,6384.87,6381.94,0.00046
2025-12-24,6431.42,6384.87,0.00729
2025-12-25,6468.04,6431.42,0.00569
2025-12-26,6494.78,6468.04,0.00413
2025-12-29,6535.97,6494.78,0.00634
2025-12-30,6487.6,6535.97,-0.0074
2025-12-31,6521.43,6487.6,0.00521
2026-01-01,6399.46,6521.43,-0.0187
