date,close,open,pct_change
2010-01-01,5018.76,5000.0,0.00375
2010-01-04,4963.35,5018.76,-0.01104
2010-01-05,5006.31,4963.35,0.00866
2010-01-06,5060.11,5006.31,0.01075
2010-01-07,4953.54,5060.11,-0.02106
2010-01-08,4884.56,4953.54,-0.01393
2010-01-11,4893.39,4884.56,0.00181
2010-01-12,4878.32,4893.39,-0.00308
2010-01-13,4879.37,4878.32,0.00022
2010-01-14,4835.54,4879.37,-0.00898
2010-01-15,4884.25,4835.54,0.01007
2010-01-18,4927.99,4884.25,0.00896
2010-01-19,4791.38,4927.99,-0.02772
2010-01-20,4852.7,4791.38,0.0128
2010-01-21,4879.6,4852.7,0.00554
2010-01-22,4835.43,4879.6,-0.00905
2010-01-25,4856.98,4835.43,0.00446
2010-01-26,4807.69,4856.98,-0.01015
2010-01-27,4856.07,4807.69,0.01006
2010-01-28,4855.35,4856.07,-0.00015
2010-01-29,4847.41,4855.35,-0.00164
2010-02-01,4813.05,4847.41,-0.00709
2010-02-02,4879.7,4813.05,0.01385
2010-02-03,4873.35,4879.7,-0.0013
2010-02-04,4852.34,4873.35,-0.00431
2010-02-05,4835.49,4852.34,-0.00347
2010-02-08,4865.73,4835.49,0.00625
2010-02-09,4887.24,4865.73,0.00442
2010-02-10,4911.38,4887.24,0.00494
2010-02-11,4845.77,4911.38,-0.01336
2010-02-12,4961.87,4845.77,0.02396
2010-02-15,4941.67,4961.87,-0.00407
2010-02-16,4915.8,4941.67,-0.00524
2010-02-17,4873.77,4915.8,-0.00855
2010-02-18,4908.74,4873.77,0.00718
2010-02-19,4971.66,4908.74,0.01282
2010-02-22,4967.42,4971.66,-0.00085
2010-02-23,4923.5,4967.42,-0.00884
2010-02-24,4880.82,4923.5,-0.00867
2010-02-25,4917.7,4880.82,0.00756
2010-02-26,4959.87,4917.7,0.00858
2010-03-01,4991.49,4959.87,0.00638
2010-03-02,4956.94,4991.49,-0.00692
2010-03-03,4971.59,4956.94,0.00296
2010-03-04,4979.96,4971.59,0.00168
2010-03-05,4993.93,4979.96,0.00281
2010-03-08,5043.8,4993.93,0.00999
2010-03-09,5058.22,5043.8,0.00286
2010-03-10,5098.02,5058.22,0.00787
2010-03-11,5103.85,5098.02,0.00114
2010-03-12,5114.67,5103.85,0.00212
2010-03-15,5152.23,5114.67,0.00734
2010-03-16,5071.71,5152.23,-0.01563
2010-03-17,5055.9,5071.71,-0.00312
2010-03-18,5031.77,5055.9,-0.00477
2010-03-19,4998.42,5031.77,-0.00663
2010-03-22,4985.29,4998.42,-0.00263
2010-03-23,5069.26,4985.29,0.01684
2010-03-24,4995.29,5069.26,-0.01459
2010-03-25,5050.49,4995.29,0.01105
2010-03-26,4959.02,5050.49,-0.01811
2010-03-29,4942.73,4959.02,-0.00328
2010-03-30,4953.56,4942.73,0.00219
2010-03-31,4987.48,4953.56,0.00685
2010-04-01,5028.5,4987.48,0.00822
2010-04-02,5074.39,5028.5,0.00913
2010-04-05,5056.96,5074.39,-0.00343
2010-04-06,5033.26,5056.96,-0.00469
2010-04-07,5082.78,5033.26,0.00984
2010-04-08,5074.11,5082.78,-0.00171
2010-04-09,5004.94,5074.11,-0.01363
2010-04-12,4944.55,5004.94,-0.01207
2010-04-13,4896.52,4944.55,-0.00971
2010-04-14,4925.25,4896.52,0.00587
2010-04-15,4792.38,4925.25,-0.02698
2010-04-16,4830.69,4792.38,0.00799
2010-04-19,4809.92,4830.69,-0.0043
2010-04-20,4820.23,4809.92,0.00214
2010-04-21,4855.33,4820.23,0.00728
2010-04-22,4840.75,4855.33,-0.003
2010-04-23,4867.01,4840.75,0.00542
2010-04-26,4833.52,4867.01,-0.00688
2010-04-27,4816.15,4833.52,-0.00359
2010-04-28,4703.63,4816.15,-0.02336
2010-04-29,4643.64,4703.63,-0.01275
2010-04-30,4670.37,4643.64,0.00576
2010-05-03,4648.12,4670.37,-0.00476
2010-05-04,4650.62,4648.12,0.00054
2010-05-05,4677.08,4650.62,0.00569
2010-05-06,4701.92,4677.08,0.00531
2010-05-07,4738.21,4701.92,0.00772
2010-05-10,4734.98,4738.21,-0.00068
2010-05-11,4714.82,4734.98,-0.00426
2010-05-12,4712.57,4714.82,-0.00048
2010-05-13,4626.99,4712.57,-0.01816
2010-05-14,4555.19,4626.99,-0.01552
2010-05-17,4490.73,4555.19,-0.01415
2010-05-18,4443.27,4490.73,-0.01057
2010-05-19,4464.58,4443.27,0.0048
2010-05-20,4421.9,4464.58,-0.00956
2010-05-21,4405.28,4421.9,-0.00376
2010-05-24,4470.0,4405.28,0.01469
2010-05-25,4454.27,4470.0,-0.00352
2010-05-26,4492.19,4454.27,0.00851
2010-05-27,4447.85,4492.19,-0.00987
2010-05-28,4250.83,4447.85,-0.0443
2010-05-31,4208.11,4250.83,-0.01005
2010-06-01,4194.1,4208.11,-0.00333
2010-06-02,4234.55,4194.1,0.00964
2010-06-03,4155.78,4234.55,-0.0186
2010-06-04,4177.3,4155.78,0.00518
2010-06-07,4189.9,4177.3,0.00302
2010-06-08,3978.01,4189.9,-0.05057
2010-06-09,3916.33,3978.01,-0.01551
2010-06-10,3921.0,3916.33,0.00119
2010-06-11,3899.73,3921.0,-0.00542
2010-06-14,3911.27,3899.73,0.00296
2010-06-15,3913.78,3911.27,0.00064
2010-06-16,3984.3,3913.78,0.01802
2010-06-17,3975.4,3984.3,-0.00223
2010-06-18,3932.24,3975.4,-0.01086
2010-06-21,3941.56,3932.24,0.00237
2010-06-22,3952.68,3941.56,0.00282
2010-06-23,4013.36,3952.68,0.01535
2010-06-24,4051.83,4013.36,0.00959
2010-06-25,4069.36,4051.83,0.00433
2010-06-28,4136.49,4069.36,0.0165
2010-06-29,4084.05,4136.49,-0.01268
2010-06-30,4056.94,4084.05,-0.00664
2010-07-01,4017.22,4056.94,-0.00979
2010-07-02,4001.6,4017.22,-0.00389
2010-07-05,3942.6,4001.6,-0.01474
2010-07-06,3971.72,3942.6,0.00739
2010-07-07,3963.6,3971.72,-0.00204
2010-07-08,3901.06,3963.6,-0.01578
2010-07-09,3859.04,3901.06,-0.01077
2010-07-12,3873.89,3859.04,0.00385
2010-07-13,3911.16,3873.89,0.00962
2010-07-14,3998.63,3911.16,0.02236
2010-07-15,4128.39,3998.63,0.03245
2010-07-16,4148.86,4128.39,0.00496
2010-07-19,4105.36,4148.86,-0.01048
2010-07-20,4010.72,4105.36,-0.02305
2010-07-21,4024.14,4010.72,0.00335
2010-07-22,3989.76,4024.14,-0.00854
2010-07-23,3973.13,3989.76,-0.00417
2010-07-26,3947.97,3973.13,-0.00633
2010-07-27,3943.43,3947.97,-0.00115
2010-07-28,3991.25,3943.43,0.01213
2010-07-29,3999.74,3991.25,0.00213
2010-07-30,3994.36,3999.74,-0.00135
2010-08-02,3950.46,3994.36,-0.01099
2010-08-03,3879.26,3950.46,-0.01802
2010-08-04,3860.06,3879.26,-0.00495
2010-08-05,3859.32,3860.06,-0.00019
2010-08-06,3935.92,3859.32,0.01985
2010-08-09,3943.14,3935.92,0.00183
2010-08-10,3987.34,3943.14,0.01121
2010-08-11,3967.03,3987.34,-0.00509
2010-08-12,3916.91,3967.03,-0.01263
2010-08-13,3876.9,3916.91,-0.01021
2010-08-16,3847.52,3876.9,-0.00758
2010-08-17,3939.14,3847.52,0.02381
2010-08-18,3905.13,3939.14,-0.00863
2010-08-19,3942.71,3905.13,0.00962
2010-08-20,3815.14,3942.71,-0.03236
2010-08-23,3855.76,3815.14,0.01065
2010-08-24,3873.63,3855.76,0.00463
2010-08-25,3868.5,3873.63,-0.00132
2010-08-26,3868.32,3868.5,-5e-05
2010-08-27,3785.93,3868.32,-0.0213
2010-08-30,3720.95,3785.93,-0.01716
2010-08-31,3703.81,3720.95,-0.00461
2010-09-01,3655.36,3703.81,-0.01308
2010-09-02,3605.44,3655.36,-0.01366
2010-09-03,3613.72,3605.44,0.0023
2010-09-06,3677.94,3613.72,0.01777
2010-09-07,3685.88,3677.94,0.00216
2010-09-08,3682.55,3685.88,-0.0009
2010-09-09,3695.6,3682.55,0.00354
2010-09-10,3750.17,3695.6,0.01477
2010-09-13,3760.72,3750.17,0.00281
2010-09-14,3745.22,3760.72,-0.00412
2010-09-15,3792.3,3745.22,0.01257
2010-09-16,3811.7,3792.3,0.00512
2010-09-17,3877.62,3811.7,0.01729
2010-09-20,3886.98,3877.62,0.00241
2010-09-21,3836.18,3886.98,-0.01307
2010-09-22,3779.99,3836.18,-0.01465
2010-09-23,3850.14,3779.99,0.01856
2010-09-24,3924.68,3850.14,0.01936
2010-09-27,3918.5,3924.68,-0.00157
2010-09-28,3903.55,3918.5,-0.00382
2010-09-29,3967.87,3903.55,0.01648
2010-09-30,3921.14,3967.87,-0.01178
2010-10-01,3884.11,3921.14,-0.00944
2010-10-04,3913.15,3884.11,0.00748
2010-10-05,3897.73,3913.15,-0.00394
2010-10-06,3899.07,3897.73,0.00034
2010-10-07,3893.62,3899.07,-0.0014
2010-10-08,3909.64,3893.62,0.00411
2010-10-11,3971.73,3909.64,0.01588
2010-10-12,3977.28,3971.73,0.0014
2010-10-13,4007.04,3977.28,0.00748
2010-10-14,3918.28,4007.04,-0.02215
2010-10-15,3917.74,3918.28,-0.00014
2010-10-18,3882.97,3917.74,-0.00888
2010-10-19,3832.47,3882.97,-0.01301
2010-10-20,3796.98,3832.47,-0.00926
2010-10-21,3784.54,3796.98,-0.00328
2010-10-22,3824.19,3784.54,0.01048
2010-10-25,3769.92,3824.19,-0.01419
2010-10-26,3772.7,3769.92,0.00074
2010-10-27,3754.11,3772.7,-0.00493
2010-10-28,3742.08,3754.11,-0.0032
2010-10-29,3784.86,3742.08,0.01143
2010-11-01,3808.78,3784.86,0.00632
2010-11-02,3866.33,3808.78,0.01511
2010-11-03,3861.31,3866.33,-0.0013
2010-11-04,3833.29,3861.31,-0.00726
2010-11-05,3825.39,3833.29,-0.00206
2010-11-08,3837.12,3825.39,0.00307
2010-11-09,3846.11,3837.12,0.00234
2010-11-10,3801.77,3846.11,-0.01153
2010-11-11,3807.07,3801.77,0.00139
2010-11-12,3818.15,3807.07,0.00291
2010-11-15,3925.41,3818.15,0.02809
2010-11-16,4008.03,3925.41,0.02105
2010-11-17,3972.01,4008.03,-0.00899
2010-11-18,3961.04,3972.01,-0.00276
2010-11-19,3898.86,3961.04,-0.0157
2010-11-22,3875.09,3898.86,-0.0061
2010-11-23,3890.09,3875.09,0.00387
2010-11-24,3943.25,3890.09,0.01367
2010-11-25,3913.2,3943.25,-0.00762
2010-11-26,3886.61,3913.2,-0.00679
2010-11-29,3796.36,3886.61,-0.02322
2010-11-30,3791.09,3796.36,-0.00139
2010-12-01,3748.3,3791.09,-0.01129
2010-12-02,3727.97,3748.3,-0.00542
2010-12-03,3693.5,3727.97,-0.00925
2010-12-06,3691.15,3693.5,-0.00064
2010-12-07,3621.26,3691.15,-0.01893
2010-12-08,3564.27,3621.26,-0.01574
2010-12-09,3557.55,3564.27,-0.00189
2010-12-10,3508.59,3557.55,-0.01376
2010-12-13,3467.66,3508.59,-0.01167
2010-12-14,3539.12,3467.66,0.02061
2010-12-15,3653.63,3539.12,0.03236
2010-12-16,3608.01,3653.63,-0.01249
2010-12-17,3594.83,3608.01,-0.00365
2010-12-20,3609.78,3594.83,0.00416
2010-12-21,3679.87,3609.78,0.01942
2010-12-22,3641.39,3679.87,-0.01046
2010-12-23,3633.02,3641.39,-0.0023
2010-12-24,3665.54,3633.02,0.00895
2010-12-27,3684.54,3665.54,0.00518
2010-12-28,3670.77,3684.54,-0.00374
2010-12-29,3666.83,3670.77,-0.00107
2010-12-30,3612.84,3666.83,-0.01472
2010-12-31,3604.82,3612.84,-0.00222
2011-01-03,3595.7,3604.82,-0.00253
2011-01-04,3606.32,3595.7,0.00295
2011-01-05,3585.73,3606.32,-0.00571
2011-01-06,3605.77,3585.73,0.00559
2011-01-07,3647.38,3605.77,0.01154
2011-01-10,3673.9,3647.38,0.00727
2011-01-11,3689.59,3673.9,0.00427
2011-01-12,3693.22,3689.59,0.00098
2011-01-13,3694.7,3693.22,0.0004
2011-01-14,3666.86,3694.7,-0.00754
2011-01-17,3681.09,3666.86,0.00388
2011-01-18,3678.62,3681.09,-0.00067
2011-01-19,3764.79,3678.62,0.02342
2011-01-20,3831.46,3764.79,0.01771
2011-01-21,3849.25,3831.46,0.00464
2011-01-24,3818.48,3849.25,-0.00799
2011-01-25,3773.28,3818.48,-0.01184
2011-01-26,3824.23,3773.28,0.0135
2011-01-27,3836.81,3824.23,0.00329
2011-01-28,3858.61,3836.81,0.00568
2011-01-31,3681.99,3858.61,-0.04577
2011-02-01,3721.02,3681.99,0.0106
2011-02-02,3741.11,3721.02,0.0054
2011-02-03,3696.91,3741.11,-0.01181
2011-02-04,3679.22,3696.91,-0.00479
2011-02-07,3691.36,3679.22,0.0033
2011-02-08,3694.97,3691.36,0.00098
2011-02-09,3684.57,3694.97,-0.00281
2011-02-10,3681.85,3684.57,-0.00074
2011-02-11,3673.12,3681.85,-0.00237
2011-02-14,3680.75,3673.12,0.00208
2011-02-15,3741.8,3680.75,0.01659
2011-02-16,3537.93,3741.8,-0.05448
2011-02-17,3530.13,3537.93,-0.0022
2011-02-18,3538.4,3530.13,0.00234
2011-02-21,3551.33,3538.4,0.00365
2011-02-22,3538.23,3551.33,-0.00369
2011-02-23,3471.27,3538.23,-0.01892
2011-02-24,3485.18,3471.27,0.00401
2011-02-25,3552.8,3485.18,0.0194
2011-02-28,3494.27,3552.8,-0.01647
2011-03-01,3528.87,3494.27,0.0099
2011-03-02,3517.53,3528.87,-0.00321
2011-03-03,3516.57,3517.53,-0.00027
2011-03-04,3477.25,3516.57,-0.01118
2011-03-07,3476.99,3477.25,-7e-05
2011-03-08,3528.11,3476.99,0.0147
2011-03-09,3552.13,3528.11,0.00681
2011-03-10,3621.24,3552.13,0.01946
2011-03-11,3669.59,3621.24,0.01335
2011-03-14,3688.78,3669.59,0.00523
2011-03-15,3761.02,3688.78,0.01958
2011-03-16,3780.68,3761.02,0.00523
2011-03-17,3816.63,3780.68,0.00951
2011-03-18,3805.71,3816.63,-0.00286
2011-03-21,3810.01,3805.71,0.00113
2011-03-22,3782.31,3810.01,-0.00727
2011-03-23,3824.99,3782.31,0.01128
2011-03-24,3776.95,3824.99,-0.01256
2011-03-25,3810.96,3776.95,0.009
2011-03-28,3804.49,3810.96,-0.0017
2011-03-29,3855.03,3804.49,0.01328
2011-03-30,3888.41,3855.03,0.00866
2011-03-31,3967.84,3888.41,0.02043
2011-04-01,4001.33,3967.84,0.00844
2011-04-04,3933.73,4001.33,-0.01689
2011-04-05,3932.41,3933.73,-0.00034
2011-04-06,3883.29,3932.41,-0.01249
2011-04-07,3862.7,3883.29,-0.0053
2011-04-08,3928.46,3862.7,0.01702
2011-04-11,3957.58,3928.46,0.00741
2011-04-12,3928.73,3957.58,-0.00729
2011-04-13,3886.5,3928.73,-0.01075
2011-04-14,3889.45,3886.5,0.00076
2011-04-15,3838.96,3889.45,-0.01298
2011-04-18,3812.15,3838.96,-0.00698
2011-04-19,3826.76,3812.15,0.00383
2011-04-20,3876.93,3826.76,0.01311
2011-04-21,3904.44,3876.93,0.0071
2011-04-22,3807.59,3904.44,-0.02481
2011-04-25,3821.86,3807.59,0.00375
2011-04-26,3826.42,3821.86,0.00119
2011-04-27,3845.37,3826.42,0.00495
2011-04-28,3800.33,3845.37,-0.01171
2011-04-29,3715.59,3800.33,-0.0223
2011-05-02,3692.92,3715.59,-0.0061
2011-05-03,3718.4,3692.92,0.0069
2011-05-04,3655.2,3718.4,-0.017
2011-05-05,3716.0,3655.2,0.01663
2011-05-06,3732.55,3716.0,0.00445
2011-05-09,3768.8,3732.55,0.00971
2011-05-10,3746.64,3768.8,-0.00588
2011-05-11,3781.67,3746.64,0.00935
2011-05-12,3827.63,3781.67,0.01215
2011-05-13,3838.97,3827.63,0.00296
2011-05-16,3850.4,3838.97,0.00298
2011-05-17,3863.39,3850.4,0.00337
2011-05-18,3828.25,3863.39,-0.0091
2011-05-19,3823.57,3828.25,-0.00122
2011-05-20,3818.68,3823.57,-0.00128
2011-05-23,3836.32,3818.68,0.00462
2011-05-24,3880.04,3836.32,0.0114
2011-05-25,3836.42,3880.04,-0.01124
2011-05-26,3832.67,3836.42,-0.00098
2011-05-27,3896.66,3832.67,0.0167
2011-05-30,3866.35,3896.66,-0.00778
2011-05-31,3832.93,3866.35,-0.00864
2011-06-01,3842.99,3832.93,0.00262
2011-06-02,3880.22,3842.99,0.00969
2011-06-03,3882.26,3880.22,0.00053
2011-06-06,3940.57,3882.26,0.01502
2011-06-07,3979.28,3940.57,0.00982
2011-06-08,4017.72,3979.28,0.00966
2011-06-09,4043.82,4017.72,0.0065
2011-06-10,4068.12,4043.82,0.00601
2011-06-13,4060.56,4068.12,-0.00186
2011-06-14,3972.7,4060.56,-0.02164
2011-06-15,4044.39,3972.7,0.01805
2011-06-16,4025.65,4044.39,-0.00463
2011-06-17,4032.03,4025.65,0.00158
2011-06-20,4091.73,4032.03,0.01481
2011-06-21,4021.25,4091.73,-0.01722
2011-06-22,3967.49,4021.25,-0.01337
2011-06-23,3899.2,3967.49,-0.01721
2011-06-24,3866.69,3899.2,-0.00834
2011-06-27,3886.94,3866.69,0.00524
2011-06-28,3910.91,3886.94,0.00617
2011-06-29,3924.36,3910.91,0.00344
2011-06-30,3864.94,3924.36,-0.01514
2011-07-01,3768.27,3864.94,-0.02501
2011-07-04,3772.03,3768.27,0.001
2011-07-05,3753.97,3772.03,-0.00479
2011-07-06,3774.44,3753.97,0.00545
2011-07-07,3805.09,3774.44,0.00812
2011-07-08,3812.4,3805.09,0.00192
2011-07-11,3845.8,3812.4,0.00876
2011-07-12,3857.04,3845.8,0.00292
2011-07-13,3881.07,3857.04,0.00623
2011-07-14,3852.54,3881.07,-0.00735
2011-07-15,3846.47,3852.54,-0.00158
2011-07-18,3856.33,3846.47,0.00256
2011-07-19,3892.68,3856.33,0.00943
2011-07-20,3877.38,3892.68,-0.00393
2011-07-21,3901.16,3877.38,0.00613
2011-07-22,3891.31,3901.16,-0.00252
2011-07-25,3887.84,3891.31,-0.00089
2011-07-26,3924.87,3887.84,0.00952
2011-07-27,3840.39,3924.87,-0.02152
2011-07-28,3787.16,3840.39,-0.01386
2011-07-29,3726.93,3787.16,-0.0159
2011-08-01,3632.75,3726.93,-0.02527
2011-08-02,3607.1,3632.75,-0.00706
2011-08-03,3638.28,3607.1,0.00864
2011-08-04,3628.33,3638.28,-0.00273
2011-08-05,3637.68,3628.33,0.00258
2011-08-08,3682.71,3637.68,0.01238
2011-08-09,3737.97,3682.71,0.01501
2011-08-10,3736.62,3737.97,-0.00036
2011-08-11,3793.76,3736.62,0.01529
2011-08-12,3799.12,3793.76,0.00141
2011-08-15,3765.64,3799.12,-0.00881
2011-08-16,3742.53,3765.64,-0.00614
2011-08-17,3508.79,3742.53,-0.06246
2011-08-18,3475.92,3508.79,-0.00937
2011-08-19,3463.62,3475.92,-0.00354
2011-08-22,3495.62,3463.62,0.00924
2011-08-23,3563.18,3495.62,0.01933
2011-08-24,3510.43,3563.18,-0.0148
2011-08-25,3527.01,3510.43,0.00472
2011-08-26,3488.05,3527.01,-0.01105
2011-08-29,3507.66,3488.05,0.00562
2011-08-30,3504.0,3507.66,-0.00104
2011-08-31,3434.83,3504.0,-0.01974
2011-09-01,3471.28,3434.83,0.01061
2011-09-02,3449.57,3471.28,-0.00625
2011-09-05,3430.69,3449.57,-0.00547
2011-09-06,3391.69,3430.69,-0.01137
2011-09-07,3368.64,3391.69,-0.0068
2011-09-08,3385.84,3368.64,0.00511
2011-09-09,3380.15,3385.84,-0.00168
2011-09-12,3393.72,3380.15,0.00401
2011-09-13,3408.59,3393.72,0.00438
2011-09-14,3459.47,3408.59,0.01493
2011-09-15,3447.81,3459.47,-0.00337
2011-09-16,3393.18,3447.81,-0.01584
2011-09-19,3434.37,3393.18,0.01214
2011-09-20,3423.22,3434.37,-0.00325
2011-09-21,3466.56,3423.22,0.01266
2011-09-22,3482.56,3466.56,0.00462
2011-09-23,3478.93,3482.56,-0.00104
2011-09-26,3493.67,3478.93,0.00424
2011-09-27,3570.05,3493.67,0.02186
2011-09-28,3653.04,3570.05,0.02325
2011-09-29,3657.29,3653.04,0.00116
2011-09-30,3665.2,3657.29,0.00216
2011-10-03,3710.05,3665.2,0.01224
2011-10-04,3677.02,3710.05,-0.0089
2011-10-05,3691.97,3677.02,0.00407
2011-10-06,3692.39,3691.97,0.00011
2011-10-07,3706.62,3692.39,0.00385
2011-10-10,3674.12,3706.62,-0.00877
2011-10-11,3611.35,3674.12,-0.01708
2011-10-12,3530.45,3611.35,-0.0224
2011-10-13,3488.47,3530.45,-0.01189
2011-10-14,3472.26,3488.47,-0.00465
2011-10-17,3462.45,3472.26,-0.00283
2011-10-18,3537.62,3462.45,0.02171
2011-10-19,3582.07,3537.62,0.01256
2011-10-20,3545.6,3582.07,-0.01018
2011-10-21,3560.58,3545.6,0.00422
2011-10-24,3546.06,3560.58,-0.00408
2011-10-25,3536.38,3546.06,-0.00273
2011-10-26,3545.01,3536.38,0.00244
2011-10-27,3570.57,3545.01,0.00721
2011-10-28,3558.67,3570.57,-0.00333
2011-10-31,3601.74,3558.67,0.0121
2011-11-01,3557.94,3601.74,-0.01216
2011-11-02,3559.61,3557.94,0.00047
2011-11-03,3662.75,3559.61,0.02898
2011-11-04,3673.2,3662.75,0.00285
2011-11-07,3732.58,3673.2,0.01617
2011-11-08,3737.83,3732.58,0.00141
2011-11-09,3763.2,3737.83,0.00679
2011-11-10,3762.36,3763.2,-0.00022
2011-11-11,3756.81,3762.36,-0.00148
2011-11-14,3726.1,3756.81,-0.00817
2011-11-15,3745.23,3726.1,0.00513
2011-11-16,3711.65,3745.23,-0.00897
2011-11-17,3740.31,3711.65,0.00772
2011-11-18,3786.45,3740.31,0.01234
2011-11-21,3803.23,3786.45,0.00443
2011-11-22,3792.78,3803.23,-0.00275
2011-11-23,3813.24,3792.78,0.00539
2011-11-24,3801.82,3813.24,-0.00299
2011-11-25,3842.46,3801.82,0.01069
2011-11-28,3766.59,3842.46,-0.01975
2011-11-29,3754.19,3766.59,-0.00329
2011-11-30,3673.48,3754.19,-0.0215
2011-12-01,3614.54,3673.48,-0.01604
2011-12-02,3670.21,3614.54,0.0154
2011-12-05,3707.82,3670.21,0.01025
2011-12-06,3679.96,3707.82,-0.00751
2011-12-07,3620.61,3679.96,-0.01613
2011-12-08,3503.99,3620.61,-0.03221
2011-12-09,3484.44,3503.99,-0.00558
2011-12-12,3578.61,3484.44,0.02703
2011-12-13,3597.16,3578.61,0.00518
2011-12-14,3576.46,3597.16,-0.00575
2011-12-15,3596.18,3576.46,0.00551
2011-12-16,3535.87,3596.18,-0.01677
2011-12-19,3525.72,3535.87,-0.00287
2011-12-20,3530.99,3525.72,0.00149
2011-12-21,3529.06,3530.99,-0.00055
2011-12-22,3561.17,3529.06,0.0091
2011-12-23,3576.09,3561.17,0.00419
2011-12-26,3470.72,3576.09,-0.02947
2011-12-27,3445.83,3470.72,-0.00717
2011-12-28,3481.23,3445.83,0.01027
2011-12-29,3545.01,3481.23,0.01832
2011-12-30,3508.59,3545.01,-0.01027
2012-01-02,3410.24,3508.59,-0.02803
2012-01-03,3461.72,3410.24,0.0151
2012-01-04,3455.82,3461.72,-0.0017
2012-01-05,3510.56,3455.82,0.01584
2012-01-06,3494.88,3510.56,-0.00447
2012-01-09,3552.21,3494.88,0.0164
2012-01-10,3558.77,3552.21,0.00185
2012-01-11,3559.01,3558.77,7e-05
2012-01-12,3621.69,3559.01,0.01761
2012-01-13,3608.73,3621.69,-0.00358
2012-01-16,3572.81,3608.73,-0.00995
2012-01-17,3556.61,3572.81,-0.00453
2012-01-18,3575.73,3556.61,0.00538
2012-01-19,3515.58,3575.73,-0.01682
2012-01-20,3541.63,3515.58,0.00741
2012-01-23,3522.06,3541.63,-0.00553
2012-01-24,3567.94,3522.06,0.01303
2012-01-25,3475.4,3567.94,-0.02594
2012-01-26,3446.72,3475.4,-0.00825
2012-01-27,3384.16,3446.72,-0.01815
2012-01-30,3354.75,3384.16,-0.00869
2012-01-31,3365.24,3354.75,0.00313
2012-02-01,3359.95,3365.24,-0.00157
2012-02-02,3351.93,3359.95,-0.00239
2012-02-03,3347.4,3351.93,-0.00135
2012-02-06,3356.23,3347.4,0.00264
2012-02-07,3320.33,3356.23,-0.0107
2012-02-08,3347.48,3320.33,0.00818
2012-02-09,3373.22,3347.48,0.00769
2012-02-10,3388.86,3373.22,0.00464
2012-02-13,3410.96,3388.86,0.00652
2012-02-14,3423.44,3410.96,0.00366
2012-02-15,3501.45,3423.44,0.02279
2012-02-16,3499.5,3501.45,-0.00056
2012-02-17,3489.07,3499.5,-0.00298
2012-02-20,3461.55,3489.07,-0.00789
2012-02-21,3423.63,3461.55,-0.01095
2012-02-22,3378.13,3423.63,-0.01329
2012-02-23,3346.46,3378.13,-0.00938
2012-02-24,3345.19,3346.46,-0.00038
2012-02-27,3358.83,3345.19,0.00408
2012-02-28,3362.06,3358.83,0.00096
2012-02-29,3335.1,3362.06,-0.00802
2012-03-01,3369.46,3335.1,0.0103
2012-03-02,3398.21,3369.46,0.00853
2012-03-05,3393.6,3398.21,-0.00136
2012-03-06,3370.59,3393.6,-0.00678
2012-03-07,3392.27,3370.59,0.00643
2012-03-08,3400.64,3392.27,0.00247
2012-03-09,3347.83,3400.64,-0.01553
2012-03-12,3346.66,3347.83,-0.00035
2012-03-13,3357.65,3346.66,0.00328
2012-03-14,3325.76,3357.65,-0.0095
2012-03-15,3334.04,3325.76,0.00249
2012-03-16,3282.02,3334.04,-0.0156
2012-03-19,3331.57,3282.02,0.0151
2012-03-20,3378.64,3331.57,0.01413
2012-03-21,3370.6,3378.64,-0.00238
2012-03-22,3385.43,3370.6,0.0044
2012-03-23,3297.04,3385.43,-0.02611
2012-03-26,3256.42,3297.04,-0.01232
2012-03-27,3247.2,3256.42,-0.00283
2012-03-28,3210.2,3247.2,-0.01139
2012-03-29,3236.71,3210.2,0.00826
2012-03-30,3309.12,3236.71,0.02237
2012-04-02,3267.61,3309.12,-0.01254
2012-04-03,3238.82,3267.61,-0.00881
2012-04-04,3248.5,3238.82,0.00299
2012-04-05,3307.37,3248.5,0.01812
2012-04-06,3264.22,3307.37,-0.01305
2012-04-09,3274.47,3264.22,0.00314
2012-04-10,3341.38,3274.47,0.02043
2012-04-11,3282.01,3341.38,-0.01777
2012-04-12,3237.07,3282.01,-0.01369
2012-04-13,3223.28,3237.07,-0.00426
2012-04-16,3206.11,3223.28,-0.00533
2012-04-17,3236.05,3206.11,0.00934
2012-04-18,3245.95,3236.05,0.00306
2012-04-19,3183.87,3245.95,-0.01913
2012-04-20,3203.2,3183.87,0.00607
2012-04-23,3184.13,3203.2,-0.00595
2012-04-24,3230.04,3184.13,0.01442
2012-04-25,3209.03,3230.04,-0.0065
2012-04-26,3187.85,3209.03,-0.0066
2012-04-27,3208.1,3187.85,0.00635
2012-04-30,3236.3,3208.1,0.00879
2012-05-01,3253.55,3236.3,0.00533
2012-05-02,3194.52,3253.55,-0.01814
2012-05-03,3214.71,3194.52,0.00632
2012-05-04,3179.42,3214.71,-0.01098
2012-05-07,3188.92,3179.42,0.00299
2012-05-08,3140.25,3188.92,-0.01526
2012-05-09,3156.93,3140.25,0.00531
2012-05-10,3130.18,3156.93,-0.00847
2012-05-11,3087.27,3130.18,-0.01371
2012-05-14,3112.74,3087.27,0.00825
2012-05-15,3122.26,3112.74,0.00306
2012-05-16,3102.43,3122.26,-0.00635
2012-05-17,3153.19,3102.43,0.01636
2012-05-18,3139.17,3153.19,-0.00445
2012-05-21,3141.53,3139.17,0.00075
2012-05-22,3152.08,3141.53,0.00336
2012-05-23,3131.86,3152.08,-0.00641
2012-05-24,3149.34,3131.86,0.00558
2012-05-25,3132.12,3149.34,-0.00547
2012-05-28,3119.19,3132.12,-0.00413
2012-05-29,3167.19,3119.19,0.01539
2012-05-30,3132.21,3167.19,-0.01104
2012-05-31,3050.33,3132.21,-0.02614
2012-06-01,3105.6,3050.33,0.01812
2012-06-04,3193.93,3105.6,0.02844
2012-06-05,3180.97,3193.93,-0.00406
2012-06-06,3114.47,3180.97,-0.02091
2012-06-07,3105.08,3114.47,-0.00301
2012-06-08,3096.55,3105.08,-0.00275
2012-06-11,3080.3,3096.55,-0.00525
2012-06-12,3043.81,3080.3,-0.01185
2012-06-13,3064.43,3043.81,0.00677
2012-06-14,3083.33,3064.43,0.00617
2012-06-15,3033.88,3083.33,-0.01604
2012-06-18,3058.43,3033.88,0.00809
2012-06-19,3128.71,3058.43,0.02298
2012-06-20,3135.88,3128.71,0.00229
2012-06-21,3125.5,3135.88,-0.00331
2012-06-22,3121.87,3125.5,-0.00116
2012-06-25,3144.24,3121.87,0.00717
2012-06-26,3085.64,3144.24,-0.01864
2012-06-27,3092.46,3085.64,0.00221
2012-06-28,3080.41,3092.46,-0.0039
2012-06-29,3144.26,3080.41,0.02073
2012-07-02,3139.49,3144.26,-0.00152
2012-07-03,3198.35,3139.49,0.01875
2012-07-04,3160.79,3198.35,-0.01174
2012-07-05,3182.48,3160.79,0.00686
2012-07-06,3194.93,3182.48,0.00391
2012-07-09,3165.67,3194.93,-0.00916
2012-07-10,3173.11,3165.67,0.00235
2012-07-11,3216.7,3173.11,0.01374
2012-07-12,3206.53,3216.7,-0.00316
2012-07-13,3148.14,3206.53,-0.01821
2012-07-16,3148.79,3148.14,0.00021
2012-07-17,3118.79,3148.79,-0.00953
2012-07-18,3108.29,3118.79,-0.00337
2012-07-19,3106.75,3108.29,-0.0005
2012-07-20,3049.7,3106.75,-0.01836
2012-07-23,2996.72,3049.7,-0.01737
2012-07-24,3013.81,2996.72,0.0057
2012-07-25,2997.69,3013.81,-0.00535
2012-07-26,2914.31,2997.69,-0.02781
2012-07-27,2940.64,2914.31,0.00903
2012-07-30,2950.63,2940.64,0.0034
2012-07-31,2928.64,2950.63,-0.00745
2012-08-01,2887.39,2928.64,-0.01409
2012-08-02,2915.09,2887.39,0.00959
2012-08-03,2927.45,2915.09,0.00424
2012-08-06,3005.35,2927.45,0.02661
2012-08-07,3020.44,3005.35,0.00502
2012-08-08,3034.53,3020.44,0.00466
2012-08-09,3030.17,3034.53,-0.00144
2012-08-10,3058.61,3030.17,0.00939
2012-08-13,3080.87,3058.61,0.00728
2012-08-14,3124.52,3080.87,0.01417
2012-08-15,3107.85,3124.52,-0.00534
2012-08-16,3094.21,3107.85,-0.00439
2012-08-17,3079.14,3094.21,-0.00487
2012-08-20,3107.16,3079.14,0.0091
2012-08-21,3159.61,3107.16,0.01688
2012-08-22,3144.93,3159.61,-0.00465
2012-08-23,3131.49,3144.93,-0.00427
2012-08-24,3143.56,3131.49,0.00385
2012-08-27,3136.32,3143.56,-0.0023
2012-08-28,3170.42,3136.32,0.01087
2012-08-29,3093.16,3170.42,-0.02437
2012-08-30,3066.27,3093.16,-0.00869
2012-08-31,3041.11,3066.27,-0.00821
2012-09-03,2964.7,3041.11,-0.02513
2012-09-04,2934.46,2964.7,-0.0102
2012-09-05,2906.09,2934.46,-0.00967
2012-09-06,2900.83,2906.09,-0.00181
2012-09-07,2937.5,2900.83,0.01264
2012-09-10,2930.76,2937.5,-0.00229
2012-09-11,2898.7,2930.76,-0.01094
2012-09-12,2898.04,2898.7,-0.00023
2012-09-13,2932.65,2898.04,0.01194
2012-09-14,2902.34,2932.65,-0.01034
2012-09-17,2874.43,2902.34,-0.00962
2012-09-18,2893.24,2874.43,0.00654
2012-09-19,2887.34,2893.24,-0.00204
2012-09-20,2909.06,2887.34,0.00752
2012-09-21,2909.79,2909.06,0.00025
2012-09-24,2933.41,2909.79,0.00812
2012-09-25,2901.19,2933.41,-0.01098
2012-09-26,2901.96,2901.19,0.00027
2012-09-27,2863.1,2901.96,-0.01339
2012-09-28,2825.95,2863.1,-0.01298
2012-10-01,2778.48,2825.95,-0.0168
2012-10-02,2800.55,2778.48,0.00794
2012-10-03,2790.86,2800.55,-0.00346
2012-10-04,2760.59,2790.86,-0.01085
2012-10-05,2758.78,2760.59,-0.00066
2012-10-08,2794.11,2758.78,0.01281
2012-10-09,2725.13,2794.11,-0.02469
2012-10-10,2681.36,2725.13,-0.01606
2012-10-11,2655.21,2681.36,-0.00975
2012-10-12,2698.95,2655.21,0.01647
2012-10-15,2708.42,2698.95,0.00351
2012-10-16,2732.36,2708.42,0.00884
2012-10-17,2699.19,2732.36,-0.01214
2012-10-18,2667.02,2699.19,-0.01192
2012-10-19,2681.23,2667.02,0.00533
2012-10-22,2684.02,2681.23,0.00104
2012-10-23,2701.3,2684.02,0.00644
2012-10-24,2696.8,2701.3,-0.00167
2012-10-25,2706.13,2696.8,0.00346
2012-10-26,2711.92,2706.13,0.00214
2012-10-29,2736.2,2711.92,0.00895
2012-10-30,2761.59,2736.2,0.00928
2012-10-31,2713.49,2761.59,-0.01742
2012-11-01,2589.92,2713.49,-0.04554
2012-11-02,2619.5,2589.92,0.01142
2012-11-05,2654.77,2619.5,0.01346
2012-11-06,2626.03,2654.77,-0.01083
2012-11-07,2573.35,2626.03,-0.02006
2012-11-08,2577.19,2573.35,0.00149
2012-11-09,2604.6,2577.19,0.01064
2012-11-12,2657.15,2604.6,0.02018
2012-11-13,2673.3,2657.15,0.00608
2012-11-14,2663.44,2673.3,-0.00369
2012-11-15,2638.34,2663.44,-0.00942
2012-11-16,2639.73,2638.34,0.00053
2012-11-19,2632.09,2639.73,-0.00289
2012-11-20,2603.76,2632.09,-0.01076
2012-11-21,2663.48,2603.76,0.02294
2012-11-22,2716.85,2663.48,0.02004
2012-11-23,2751.88,2716.85,0.01289
2012-11-26,2725.11,2751.88,-0.00973
2012-11-27,2751.83,2725.11,0.00981
2012-11-28,2772.29,2751.83,0.00744
2012-11-29,2786.9,2772.29,0.00527
2012-11-30,2826.32,2786.9,0.01414
2012-12-03,2847.2,2826.32,0.00739
2012-12-04,2871.52,2847.2,0.00854
2012-12-05,2892.79,2871.52,0.00741
2012-12-06,2904.79,2892.79,0.00415
2012-12-07,2848.96,2904.79,-0.01922
2012-12-10,2852.72,2848.96,0.00132
2012-12-11,2836.41,2852.72,-0.00572
2012-12-12,2797.61,2836.41,-0.01368
2012-12-13,2694.74,2797.61,-0.03677
2012-12-14,2747.07,2694.74,0.01942
2012-12-17,2789.24,2747.07,0.01535
2012-12-18,2798.19,2789.24,0.00321
2012-12-19,2840.88,2798.19,0.01526
2012-12-20,2842.39,2840.88,0.00053
2012-12-21,2849.87,2842.39,0.00263
2012-12-24,2816.73,2849.87,-0.01163
2012-12-25,2830.16,2816.73,0.00477
2012-12-26,2833.17,2830.16,0.00106
2012-12-27,2793.7,2833.17,-0.01393
2012-12-28,2793.25,2793.7,-0.00016
2012-12-31,2791.92,2793.25,-0.00048
2013-01-01,2848.24,2791.92,0.02017
2013-01-02,2877.39,2848.24,0.01023
2013-01-03,2878.91,2877.39,0.00053
2013-01-04,2887.94,2878.91,0.00314
2013-01-07,2890.5,2887.94,0.00089
2013-01-08,2885.2,2890.5,-0.00183
2013-01-09,2852.0,2885.2,-0.01151
2013-01-10,2848.4,2852.0,-0.00126
2013-01-11,2826.17,2848.4,-0.0078
2013-01-14,2788.43,2826.17,-0.01335
2013-01-15,2805.22,2788.43,0.00602
2013-01-16,2818.42,2805.22,0.00471
2013-01-17,2764.15,2818.42,-0.01926
2013-01-18,2761.53,2764.15,-0.00095
2013-01-21,2792.88,2761.53,0.01135
2013-01-22,2826.54,2792.88,0.01205
2013-01-23,2809.46,2826.54,-0.00604
2013-01-24,2811.79,2809.46,0.00083
2013-01-25,2786.77,2811.79,-0.0089
2013-01-28,2754.67,2786.77,-0.01152
2013-01-29,2766.21,2754.67,0.00419
2013-01-30,2778.86,2766.21,0.00457
2013-01-31,2678.77,2778.86,-0.03602
2013-02-01,2712.25,2678.77,0.0125
2013-02-04,2709.39,2712.25,-0.00105
2013-02-05,2673.4,2709.39,-0.01328
2013-02-06,2665.08,2673.4,-0.00311
2013-02-07,2672.51,2665.08,0.00279
2013-02-08,2667.64,2672.51,-0.00182
2013-02-11,2651.75,2667.64,-0.00596
2013-02-12,2660.19,2651.75,0.00318
2013-02-13,2646.51,2660.19,-0.00514
2013-02-14,2629.28,2646.51,-0.00651
2013-02-15,2639.34,2629.28,0.00383
2013-02-18,2628.73,2639.34,-0.00402
2013-02-19,2636.84,2628.73,0.00309
2013-02-20,2645.81,2636.84,0.0034
2013-02-21,2613.71,2645.81,-0.01213
2013-02-22,2600.92,2613.71,-0.00489
2013-02-25,2643.1,2600.92,0.01622
2013-02-26,2610.37,2643.1,-0.01238
2013-02-27,2550.63,2610.37,-0.02289
2013-02-28,2499.42,2550.63,-0.02008
2013-03-01,2501.22,2499.42,0.00072
2013-03-04,2503.07,2501.22,0.00074
2013-03-05,2500.83,2503.07,-0.00089
2013-03-06,2535.23,2500.83,0.01376
2013-03-07,2461.71,2535.23,-0.029
2013-03-08,2473.41,2461.71,0.00475
2013-03-11,2516.89,2473.41,0.01758
2013-03-12,2486.67,2516.89,-0.01201
2013-03-13,2477.27,2486.67,-0.00378
2013-03-14,2485.93,2477.27,0.0035
2013-03-15,2462.47,2485.93,-0.00944
2013-03-18,2380.04,2462.47,-0.03347
2013-03-19,2418.36,2380.04,0.0161
2013-03-20,2468.21,2418.36,0.02061
2013-03-21,2460.08,2468.21,-0.00329
2013-03-22,2512.61,2460.08,0.02135
2013-03-25,2514.6,2512.61,0.00079
2013-03-26,2564.12,2514.6,0.01969
2013-03-27,2562.51,2564.12,-0.00063
2013-03-28,2567.23,2562.51,0.00184
2013-03-29,2578.58,2567.23,0.00442
2013-04-01,2669.77,2578.58,0.03536
2013-04-02,2652.47,2669.77,-0.00648
2013-04-03,2632.9,2652.47,-0.00738
2013-04-04,2662.01,2632.9,0.01106
2013-04-05,2652.48,2662.01,-0.00358
2013-04-08,2639.25,2652.48,-0.00499
2013-04-09,2666.69,2639.25,0.0104
2013-04-10,2668.67,2666.69,0.00074
2013-04-11,2677.91,2668.67,0.00346
2013-04-12,2679.39,2677.91,0.00055
2013-04-15,2690.39,2679.39,0.00411
2013-04-16,2673.53,2690.39,-0.00627
2013-04-17,2617.64,2673.53,-0.0209
2013-04-18,2637.88,2617.64,0.00773
2013-04-19,2610.44,2637.88,-0.0104
2013-04-22,2570.06,2610.44,-0.01547
2013-04-23,2569.44,2570.06,-0.00024
2013-04-24,2572.84,2569.44,0.00132
2013-04-25,2554.24,2572.84,-0.00723
2013-04-26,2578.62,2554.24,0.00954
2013-04-29,2541.58,2578.62,-0.01436
2013-04-30,2531.22,2541.58,-0.00408
2013-05-01,2515.94,2531.22,-0.00604
2013-05-02,2515.66,2515.94,-0.00011
2013-05-03,2524.38,2515.66,0.00347
2013-05-06,2497.41,2524.38,-0.01068
2013-05-07,2518.3,2497.41,0.00836
2013-05-08,2521.05,2518.3,0.00109
2013-05-09,2469.6,2521.05,-0.02041
2013-05-10,2417.38,2469.6,-0.02115
2013-05-13,2418.02,2417.38,0.00026
2013-05-14,2413.11,2418.02,-0.00203
2013-05-15,2411.33,2413.11,-0.00074
2013-05-16,2411.55,2411.33,9e-05
2013-05-17,2418.5,2411.55,0.00288
2013-05-20,2444.68,2418.5,0.01082
2013-05-21,2353.58,2444.68,-0.03726
2013-05-22,2324.18,2353.58,-0.01249
2013-05-23,2297.16,2324.18,-0.01163
2013-05-24,2305.38,2297.16,0.00358
2013-05-27,2337.87,2305.38,0.01409
2013-05-28,2327.72,2337.87,-0.00434
2013-05-29,2264.59,2327.72,-0.02712
2013-05-30,2223.05,2264.59,-0.01834
2013-05-31,2203.57,2223.05,-0.00876
2013-06-03,2190.93,2203.57,-0.00574
2013-06-04,2181.97,2190.93,-0.00409
2013-06-05,2183.76,2181.97,0.00082
2013-06-06,2177.15,2183.76,-0.00303
2013-06-07,2203.15,2177.15,0.01194
2013-06-10,2187.65,2203.15,-0.00704
2013-06-11,2167.77,2187.65,-0.00909
2013-06-12,2180.06,2167.77,0.00567
2013-06-13,2144.11,2180.06,-0.01649
2013-06-14,2154.15,2144.11,0.00468
2013-06-17,2157.45,2154.15,0.00153
2013-06-18,2154.81,2157.45,-0.00122
2013-06-19,2193.32,2154.81,0.01787
2013-06-20,2179.18,2193.32,-0.00645
2013-06-21,2229.44,2179.18,0.02306
2013-06-24,2224.81,2229.44,-0.00208
2013-06-25,2194.44,2224.81,-0.01365
2013-06-26,2197.01,2194.44,0.00117
2013-06-27,2171.88,2197.01,-0.01144
2013-06-28,2154.79,2171.88,-0.00787
2013-07-01,2165.06,2154.79,0.00477
2013-07-02,2179.16,2165.06,0.00651
2013-07-03,2165.12,2179.16,-0.00644
2013-07-04,2189.5,2165.12,0.01126
2013-07-05,2218.25,2189.5,0.01313
2013-07-08,2254.19,2218.25,0.0162
2013-07-09,2268.21,2254.19,0.00622
2013-07-10,2303.14,2268.21,0.0154
2013-07-11,2256.41,2303.14,-0.02029
2013-07-12,2249.42,2256.41,-0.0031
2013-07-15,2228.87,2249.42,-0.00914
2013-07-16,2232.69,2228.87,0.00171
2013-07-17,2219.54,2232.69,-0.00589
2013-07-18,2216.38,2219.54,-0.00142
2013-07-19,2263.15,2216.38,0.0211
2013-07-22,2259.83,2263.15,-0.00147
2013-07-23,2271.02,2259.83,0.00495
2013-07-24,2266.13,2271.02,-0.00215
2013-07-25,2268.92,2266.13,0.00123
2013-07-26,2269.98,2268.92,0.00047
2013-07-29,2282.08,2269.98,0.00533
2013-07-30,2312.25,2282.08,0.01322
2013-07-31,2355.07,2312.25,0.01852
2013-08-01,2364.03,2355.07,0.0038
2013-08-02,2380.31,2364.03,0.00689
2013-08-05,2351.13,2380.31,-0.01226
2013-08-06,2349.8,2351.13,-0.00057
2013-08-07,2375.04,2349.8,0.01074
2013-08-08,2398.61,2375.04,0.00992
2013-08-09,2405.16,2398.61,0.00273
2013-08-12,2429.57,2405.16,0.01015
2013-08-13,2443.66,2429.57,0.0058
2013-08-14,2476.9,2443.66,0.0136
2013-08-15,2485.78,2476.9,0.00359
2013-08-16,2477.04,2485.78,-0.00352
2013-08-19,2487.19,2477.04,0.0041
2013-08-20,2408.0,2487.19,-0.03184
2013-08-21,2419.11,2408.0,0.00461
2013-08-22,2322.99,2419.11,-0.03973
2013-08-23,2279.88,2322.99,-0.01856
2013-08-26,2292.12,2279.88,0.00537
2013-08-27,2305.08,2292.12,0.00565
2013-08-28,2276.53,2305.08,-0.01239
2013-08-29,2259.6,2276.53,-0.00744
2013-08-30,2294.57,2259.6,0.01548
2013-09-02,2283.27,2294.57,-0.00492
2013-09-03,2340.52,2283.27,0.02507
2013-09-04,2341.41,2340.52,0.00038
2013-09-05,2289.43,2341.41,-0.0222
2013-09-06,2266.66,2289.43,-0.00995
2013-09-09,2270.84,2266.66,0.00184
2013-09-10,2246.71,2270.84,-0.01063
2013-09-11,2244.89,2246.71,-0.00081
2013-09-12,2244.91,2244.89,1e-05
2013-09-13,2212.11,2244.91,-0.01461
2013-09-16,2206.77,2212.11,-0.00241
2013-09-17,2189.64,2206.77,-0.00776
2013-09-18,2212.78,2189.64,0.01057
2013-09-19,2214.5,2212.78,0.00078
2013-09-20,2208.5,2214.5,-0.00271
2013-09-23,2206.8,2208.5,-0.00077
2013-09-24,2213.1,2206.8,0.00285
2013-09-25,2229.0,2213.1,0.00718
2013-09-26,2205.38,2229.0,-0.0106
2013-09-27,2181.0,2205.38,-0.01105
2013-09-30,2208.37,2181.0,0.01255
2013-10-01,2199.24,2208.37,-0.00413
2013-10-02,2165.84,2199.24,-0.01519
2013-10-03,2177.28,2165.84,0.00528
2013-10-04,2189.25,2177.28,0.0055
2013-10-07,2153.26,2189.25,-0.01644
2013-10-08,2159.56,2153.26,0.00293
2013-10-09,2177.9,2159.56,0.00849
2013-10-10,2187.74,2177.9,0.00452
2013-10-11,2203.82,2187.74,0.00735
2013-10-14,2170.66,2203.82,-0.01505
2013-10-15,2179.44,2170.66,0.00404
2013-10-16,2173.05,2179.44,-0.00293
2013-10-17,2162.38,2173.05,-0.00491
2013-10-18,2183.95,2162.38,0.00998
2013-10-21,2220.36,2183.95,0.01667
2013-10-22,2265.08,2220.36,0.02014
2013-10-23,2298.74,2265.08,0.01486
2013-10-24,2296.89,2298.74,-0.0008
2013-10-25,2306.72,2296.89,0.00428
2013-10-28,2327.1,2306.72,0.00884
2013-10-29,2331.13,2327.1,0.00173
2013-10-30,2335.42,2331.13,0.00184
2013-10-31,2357.51,2335.42,0.00946
2013-11-01,2356.92,2357.51,-0.00025
2013-11-04,2338.95,2356.92,-0.00762
2013-11-05,2329.23,2338.95,-0.00416
2013-11-06,2346.4,2329.23,0.00737
2013-11-07,2347.41,2346.4,0.00043
2013-11-08,2357.14,2347.41,0.00414
2013-11-11,2375.46,2357.14,0.00777
2013-11-12,2366.61,2375.46,-0.00373
2013-11-13,2387.25,2366.61,0.00872
2013-11-14,2398.15,2387.25,0.00457
2013-11-15,2366.53,2398.15,-0.01319
2013-11-18,2405.03,2366.53,0.01627
2013-11-19,2392.74,2405.03,-0.00511
2013-11-20,2350.14,2392.74,-0.0178
2013-11-21,2324.06,2350.14,-0.0111
2013-11-22,2298.89,2324.06,-0.01083
2013-11-25,2301.13,2298.89,0.00097
2013-11-26,2295.11,2301.13,-0.00262
2013-11-27,2287.53,2295.11,-0.0033
2013-11-28,2304.04,2287.53,0.00722
2013-11-29,2313.57,2304.04,0.00414
2013-12-02,2322.54,2313.57,0.00388
2013-12-03,2333.94,2322.54,0.00491
2013-12-04,2350.69,2333.94,0.00718
2013-12-05,2297.13,2350.69,-0.02278
2013-12-06,2288.84,2297.13,-0.00361
2013-12-09,2234.86,2288.84,-0.02358
2013-12-10,2161.0,2234.86,-0.03305
2013-12-11,2161.75,2161.0,0.00035
2013-12-12,2187.48,2161.75,0.0119
2013-12-13,2216.93,2187.48,0.01346
2013-12-16,2222.76,2216.93,0.00263
2013-12-17,2211.42,2222.76,-0.0051
2013-12-18,2224.1,2211.42,0.00573
2013-12-19,2212.08,2224.1,-0.0054
2013-12-20,2212.93,2212.08,0.00038
2013-12-23,2237.82,2212.93,0.01125
2013-12-24,2224.98,2237.82,-0.00574
2013-12-25,2245.59,2224.98,0.00926
2013-12-26,2263.22,2245.59,0.00785
2013-12-27,2240.36,2263.22,-0.0101
2013-12-30,2265.25,2240.36,0.01111
2013-12-31,2283.57,2265.25,0.00809
2014-01-01,2287.04,2283.57,0.00152
2014-01-02,2268.78,2287.04,-0.00798
2014-01-03,2248.24,2268.78,-0.00905
2014-01-06,2235.84,2248.24,-0.00552
2014-01-07,2250.08,2235.84,0.00637
2014-01-08,2227.33,2250.08,-0.01011
2014-01-09,2238.94,2227.33,0.00521
2014-01-10,2209.25,2238.94,-0.01326
2014-01-13,2205.18,2209.25,-0.00184
2014-01-14,2208.72,2205.18,0.00161
2014-01-15,2269.01,2208.72,0.0273
2014-01-16,2235.54,2269.01,-0.01475
2014-01-17,2272.63,2235.54,0.01659
2014-01-20,2277.29,2272.63,0.00205
2014-01-21,2288.5,2277.29,0.00492
2014-01-22,2245.64,2288.5,-0.01873
2014-01-23,2257.52,2245.64,0.00529
2014-01-24,2254.61,2257.52,-0.00129
2014-01-27,2291.57,2254.61,0.01639
2014-01-28,2280.98,2291.57,-0.00462
2014-01-29,2310.31,2280.98,0.01286
2014-01-30,2294.85,2310.31,-0.00669
2014-01-31,2294.25,2294.85,-0.00026
2014-02-03,2268.12,2294.25,-0.01139
2014-02-04,2177.26,2268.12,-0.04006
2014-02-05,2212.74,2177.26,0.0163
2014-02-06,2211.74,2212.74,-0.00045
2014-02-07,2207.84,2211.74,-0.00176
2014-02-10,2181.65,2207.84,-0.01186
2014-02-11,2177.02,2181.65,-0.00212
2014-02-12,2139.75,2177.02,-0.01712
2014-02-13,2119.12,2139.75,-0.00964
2014-02-14,2125.25,2119.12,0.00289
2014-02-17,2156.94,2125.25,0.01491
2014-02-18,2224.45,2156.94,0.0313
2014-02-19,2210.99,2224.45,-0.00605
2014-02-20,2198.08,2210.99,-0.00584
2014-02-21,2204.85,2198.08,0.00308
2014-02-24,2202.06,2204.85,-0.00127
2014-02-25,2213.42,2202.06,0.00516
2014-02-26,2215.82,2213.42,0.00108
2014-02-27,2219.39,2215.82,0.00161
2014-02-28,2210.31,2219.39,-0.00409
2014-03-03,2177.2,2210.31,-0.01498
2014-03-04,2141.11,2177.2,-0.01658
2014-03-05,2157.35,2141.11,0.00758
2014-03-06,2151.64,2157.35,-0.00265
2014-03-07,2138.4,2151.64,-0.00615
2014-03-10,2139.45,2138.4,0.00049
2014-03-11,2159.02,2139.45,0.00915
2014-03-12,2164.16,2159.02,0.00238
2014-03-13,2149.41,2164.16,-0.00682
2014-03-14,2179.26,2149.41,0.01389
2014-03-17,2217.99,2179.26,0.01777
2014-03-18,2230.95,2217.99,0.00584
2014-03-19,2255.73,2230.95,0.01111
2014-03-20,2287.45,2255.73,0.01406
2014-03-21,2316.8,2287.45,0.01283
2014-03-24,2333.38,2316.8,0.00716
2014-03-25,2349.67,2333.38,0.00698
2014-03-26,2364.04,2349.67,0.00612
2014-03-27,2336.45,2364.04,-0.01167
2014-03-28,2355.39,2336.45,0.00811
2014-03-31,2321.21,2355.39,-0.01451
2014-04-01,2301.85,2321.21,-0.00834
2014-04-02,2335.78,2301.85,0.01474
2014-04-03,2358.3,2335.78,0.00964
2014-04-04,2397.83,2358.3,0.01676
2014-04-07,2391.62,2397.83,-0.00259
2014-04-08,2362.26,2391.62,-0.01228
2014-04-09,2356.96,2362.26,-0.00224
2014-04-10,2360.55,2356.96,0.00152
2014-04-11,2363.54,2360.55,0.00127
2014-04-14,2393.96,2363.54,0.01287
2014-04-15,2385.41,2393.96,-0.00357
2014-04-16,2395.6,2385.41,0.00427
2014-04-17,2370.51,2395.6,-0.01047
2014-04-18,2383.2,2370.51,0.00535
2014-04-21,2384.23,2383.2,0.00043
2014-04-22,2365.52,2384.23,-0.00785
2014-04-23,2360.33,2365.52,-0.00219
2014-04-24,2356.49,2360.33,-0.00163
2014-04-25,2350.43,2356.49,-0.00257
2014-04-28,2397.17,2350.43,0.01989
2014-04-29,2395.53,2397.17,-0.00068
2014-04-30,2390.06,2395.53,-0.00228
2014-05-01,2335.88,2390.06,-0.02267
2014-05-02,2313.83,2335.88,-0.00944
2014-05-05,2308.06,2313.83,-0.00249
2014-05-06,2291.57,2308.06,-0.00714
2014-05-07,2327.32,2291.57,0.0156
2014-05-08,2324.03,2327.32,-0.00141
2014-05-09,2357.9,2324.03,0.01457
2014-05-12,2360.44,2357.9,0.00108
2014-05-13,2362.35,2360.44,0.00081
2014-05-14,2360.99,2362.35,-0.00058
2014-05-15,2362.03,2360.99,0.00044
2014-05-16,2407.63,2362.03,0.01931
2014-05-19,2347.16,2407.63,-0.02512
2014-05-20,2296.43,2347.16,-0.02161
2014-05-21,2283.62,2296.43,-0.00558
2014-05-22,2284.9,2283.62,0.00056
2014-05-23,2303.16,2284.9,0.00799
2014-05-26,2316.07,2303.16,0.00561
2014-05-27,2307.21,2316.07,-0.00383
2014-05-28,2333.99,2307.21,0.01161
2014-05-29,2361.37,2333.99,0.01173
2014-05-30,2367.1,2361.37,0.00243
2014-06-02,2393.11,2367.1,0.01099
2014-06-03,2401.25,2393.11,0.0034
2014-06-04,2387.38,2401.25,-0.00578
2014-06-05,2406.66,2387.38,0.00808
2014-06-06,2410.55,2406.66,0.00162
2014-06-09,2411.55,2410.55,0.00041
2014-06-10,2451.58,2411.55,0.0166
2014-06-11,2386.47,2451.58,-0.02656
2014-06-12,2350.21,2386.47,-0.01519
2014-06-13,2271.75,2350.21,-0.03338
2014-06-16,2263.58,2271.75,-0.0036
2014-06-17,2258.14,2263.58,-0.0024
2014-06-18,2221.61,2258.14,-0.01618
2014-06-19,2198.42,2221.61,-0.01044
2014-06-20,2178.48,2198.42,-0.00907
2014-06-23,2238.24,2178.48,0.02743
2014-06-24,2283.5,2238.24,0.02022
2014-06-25,2274.07,2283.5,-0.00413
2014-06-26,2265.88,2274.07,-0.0036
2014-06-27,2238.15,2265.88,-0.01224
2014-06-30,2192.06,2238.15,-0.02059
2014-07-01,2190.12,2192.06,-0.00089
2014-07-02,2131.2,2190.12,-0.0269
2014-07-03,2130.06,2131.2,-0.00053
2014-07-04,2093.42,2130.06,-0.0172
2014-07-07,2076.71,2093.42,-0.00798
2014-07-08,2080.94,2076.71,0.00204
2014-07-09,2090.15,2080.94,0.00443
2014-07-10,2100.59,2090.15,0.00499
2014-07-11,2070.91,2100.59,-0.01413
2014-07-14,2091.21,2070.91,0.0098
2014-07-15,2073.64,2091.21,-0.0084
2014-07-16,2088.91,2073.64,0.00736
2014-07-17,2089.5,2088.91,0.00028
2014-07-18,2058.7,2089.5,-0.01474
2014-07-21,2052.36,2058.7,-0.00308
2014-07-22,2061.43,2052.36,0.00442
2014-07-23,2076.15,2061.43,0.00714
2014-07-24,2073.76,2076.15,-0.00115
2014-07-25,2109.54,2073.76,0.01725
2014-07-28,2133.76,2109.54,0.01148
2014-07-29,2128.59,2133.76,-0.00242
2014-07-30,2147.0,2128.59,0.00865
2014-07-31,2193.53,2147.0,0.02167
2014-08-01,2241.71,2193.53,0.02196
2014-08-04,2212.33,2241.71,-0.01311
2014-08-05,2190.67,2212.33,-0.00979
2014-08-06,2227.33,2190.67,0.01673
2014-08-07,2202.29,2227.33,-0.01124
2014-08-08,2171.13,2202.29,-0.01415
2014-08-11,2160.39,2171.13,-0.00495
2014-08-12,2171.24,2160.39,0.00502
2014-08-13,2169.66,2171.24,-0.00073
2014-08-14,2155.0,2169.66,-0.00676
2014-08-15,2139.88,2155.0,-0.00702
2014-08-18,2123.97,2139.88,-0.00743
2014-08-19,2104.27,2123.97,-0.00928
2014-08-20,2157.93,2104.27,0.0255
2014-08-21,2165.85,2157.93,0.00367
2014-08-22,2187.84,2165.85,0.01015
2014-08-25,2176.95,2187.84,-0.00498
2014-08-26,2173.37,2176.95,-0.00164
2014-08-27,2157.18,2173.37,-0.00745
2014-08-28,2095.12,2157.18,-0.02877
2014-08-29,2064.2,2095.12,-0.01476
2014-09-01,2023.91,2064.2,-0.01952
2014-09-02,1974.63,2023.91,-0.02435
2014-09-03,1949.46,1974.63,-0.01275
2014-09-04,1978.65,1949.46,0.01497
2014-09-05,1978.48,1978.65,-9e-05
2014-09-08,2007.35,1978.48,0.01459
2014-09-09,2017.23,2007.35,0.00492
2014-09-10,2035.4,2017.23,0.00901
2014-09-11,2016.05,2035.4,-0.00951
2014-09-12,2028.47,2016.05,0.00616
2014-09-15,1937.95,2028.47,-0.04462
2014-09-16,1926.44,1937.95,-0.00594
2014-09-17,1939.06,1926.44,0.00655
2014-09-18,1951.92,1939.06,0.00663
2014-09-19,1940.9,1951.92,-0.00565
2014-09-22,1917.7,1940.9,-0.01195
2014-09-23,1893.49,1917.7,-0.01262
2014-09-24,1896.05,1893.49,0.00135
2014-09-25,1903.63,1896.05,0.004
2014-09-26,1887.79,1903.63,-0.00832
2014-09-29,1889.1,1887.79,0.00069
2014-09-30,1901.71,1889.1,0.00668
2014-10-01,1915.41,1901.71,0.0072
2014-10-02,1948.87,1915.41,0.01747
2014-10-03,1977.02,1948.87,0.01444
2014-10-06,1956.04,1977.02,-0.01061
2014-10-07,1993.05,1956.04,0.01892
2014-10-08,1982.2,1993.05,-0.00544
2014-10-09,2005.78,1982.2,0.0119
2014-10-10,2008.08,2005.78,0.00115
2014-10-13,1999.78,2008.08,-0.00413
2014-10-14,1960.81,1999.78,-0.01949
2014-10-15,1957.9,1960.81,-0.00148
2014-10-16,1925.1,1957.9,-0.01675
2014-10-17,1946.35,1925.1,0.01104
2014-10-20,1979.6,1946.35,0.01708
2014-10-21,1963.04,1979.6,-0.00837
2014-10-22,1970.35,1963.04,0.00372
2014-10-23,1955.41,1970.35,-0.00758
2014-10-24,1942.68,1955.41,-0.00651
2014-10-27,1960.01,1942.68,0.00892
2014-10-28,1959.96,1960.01,-3e-05
2014-10-29,1998.25,1959.96,0.01954
2014-10-30,1988.45,1998.25,-0.0049
2014-10-31,2011.1,1988.45,0.01139
2014-11-03,2014.06,2011.1,0.00147
2014-11-04,2032.5,2014.06,0.00916
2014-11-05,2023.31,2032.5,-0.00452
2014-11-06,2023.02,2023.31,-0.00014
2014-11-07,2021.26,2023.02,-0.00087
2014-11-10,2003.48,2021.26,-0.0088
2014-11-11,2018.87,2003.48,0.00768
2014-11-12,2034.12,2018.87,0.00755
2014-11-13,2048.21,2034.12,0.00693
2014-11-14,2083.66,2048.21,0.01731
2014-11-17,2117.71,2083.66,0.01634
2014-11-18,2109.83,2117.71,-0.00372
2014-11-19,2119.33,2109.83,0.0045
2014-11-20,2105.64,2119.33,-0.00646
2014-11-21,2107.02,2105.64,0.00066
2014-11-24,2093.96,2107.02,-0.0062
2014-11-25,2132.12,2093.96,0.01822
2014-11-26,2141.5,2132.12,0.0044
2014-11-27,2137.22,2141.5,-0.002
2014-11-28,2166.14,2137.22,0.01353
2014-12-01,2115.28,2166.14,-0.02348
2014-12-02,2069.27,2115.28,-0.02175
2014-12-03,2088.21,2069.27,0.00915
2014-12-04,2090.43,2088.21,0.00106
2014-12-05,2097.03,2090.43,0.00316
2014-12-08,2067.27,2097.03,-0.01419
2014-12-09,2067.57,2067.27,0.00015
2014-12-10,2113.96,2067.57,0.02244
2014-12-11,2133.97,2113.96,0.00947
2014-12-12,2138.81,2133.97,0.00227
2014-12-15,2129.34,2138.81,-0.00443
2014-12-16,2120.95,2129.34,-0.00394
2014-12-17,2072.12,2120.95,-0.02302
2014-12-18,2078.82,2072.12,0.00323
2014-12-19,2098.99,2078.82,0.0097
2014-12-22,2063.45,2098.99,-0.01693
2014-12-23,2049.26,2063.45,-0.00688
2014-12-24,2023.99,2049.26,-0.01233
2014-12-25,2003.3,2023.99,-0.01022
2014-12-26,2005.28,2003.3,0.00099
2014-12-29,1960.11,2005.28,-0.02253
2014-12-30,1974.14,1960.11,0.00716
2014-12-31,1991.3,1974.14,0.00869
2015-01-01,1986.59,1991.3,-0.00237
2015-01-02,1919.54,1986.59,-0.03375
2015-01-05,1899.27,1919.54,-0.01056
2015-01-06,1925.78,1899.27,0.01396
2015-01-07,1867.71,1925.78,-0.03015
2015-01-08,1861.31,1867.71,-0.00343
2015-01-09,1837.9,1861.31,-0.01258
2015-01-12,1854.9,1837.9,0.00925
2015-01-13,1841.87,1854.9,-0.00702
2015-01-14,1850.79,1841.87,0.00484
2015-01-15,1863.04,1850.79,0.00662
2015-01-16,1901.42,1863.04,0.0206
2015-01-19,1897.93,1901.42,-0.00184
2015-01-20,1906.54,1897.93,0.00454
2015-01-21,1876.16,1906.54,-0.01593
2015-01-22,1901.48,1876.16,0.0135
2015-01-23,1886.33,1901.48,-0.00797
2015-01-26,1875.45,1886.33,-0.00577
2015-01-27,1875.74,1875.45,0.00015
2015-01-28,1844.25,1875.74,-0.01679
2015-01-29,1849.62,1844.25,0.00291
2015-01-30,1870.05,1849.62,0.01105
2015-02-02,1876.82,1870.05,0.00362
2015-02-03,1844.77,1876.82,-0.01708
2015-02-04,1843.0,1844.77,-0.00096
2015-02-05,1858.78,1843.0,0.00856
2015-02-06,1821.12,1858.78,-0.02026
2015-02-09,1800.32,1821.12,-0.01142
2015-02-10,1818.4,1800.32,0.01004
2015-02-11,1824.53,1818.4,0.00337
2015-02-12,1833.53,1824.53,0.00493
2015-02-13,1871.76,1833.53,0.02085
2015-02-16,1882.16,1871.76,0.00556
2015-02-17,1896.53,1882.16,0.00763
2015-02-18,1971.24,1896.53,0.03939
2015-02-19,1967.39,1971.24,-0.00195
2015-02-20,1950.91,1967.39,-0.00838
2015-02-23,1960.87,1950.91,0.00511
2015-02-24,1971.12,1960.87,0.00523
2015-02-25,1960.49,1971.12,-0.00539
2015-02-26,1939.01,1960.49,-0.01096
2015-02-27,1989.05,1939.01,0.02581
2015-03-02,1999.83,1989.05,0.00542
2015-03-03,1984.53,1999.83,-0.00765
2015-03-04,2005.31,1984.53,0.01047
2015-03-05,2003.71,2005.31,-0.0008
2015-03-06,1998.94,2003.71,-0.00238
2015-03-09,2012.1,1998.94,0.00658
2015-03-10,1984.31,2012.1,-0.01381
2015-03-11,1992.8,1984.31,0.00428
2015-03-12,2035.53,1992.8,0.02144
2015-03-13,2046.78,2035.53,0.00553
2015-03-16,2039.13,2046.78,-0.00374
2015-03-17,2028.57,2039.13,-0.00518
2015-03-18,2020.23,2028.57,-0.00411
2015-03-19,2015.39,2020.23,-0.0024
2015-03-20,2007.82,2015.39,-0.00376
2015-03-23,2028.86,2007.82,0.01048
2015-03-24,1990.99,2028.86,-0.01867
2015-03-25,2010.67,1990.99,0.00988
2015-03-26,2003.08,2010.67,-0.00377
2015-03-27,2012.18,2003.08,0.00454
2015-03-30,1988.04,2012.18,-0.012
2015-03-31,2017.89,1988.04,0.01501
2015-04-01,2046.35,2017.89,0.0141
2015-04-02,2068.77,2046.35,0.01096
2015-04-03,2035.13,2068.77,-0.01626
2015-04-06,2054.5,2035.13,0.00952
2015-04-07,2064.47,2054.5,0.00485
2015-04-08,2028.84,2064.47,-0.01726
2015-04-09,2029.11,2028.84,0.00013
2015-04-10,2038.06,2029.11,0.00441
2015-04-13,2051.34,2038.06,0.00652
2015-04-14,2056.16,2051.34,0.00235
2015-04-15,2063.57,2056.16,0.0036
2015-04-16,2097.85,2063.57,0.01661
2015-04-17,2126.98,2097.85,0.01389
2015-04-20,2060.75,2126.98,-0.03114
2015-04-21,2054.38,2060.75,-0.00309
2015-04-22,2051.48,2054.38,-0.00141
2015-04-23,2012.76,2051.48,-0.01887
2015-04-24,2015.65,2012.76,0.00144
2015-04-27,2044.15,2015.65,0.01414
2015-04-28,2020.53,2044.15,-0.01155
2015-04-29,2028.82,2020.53,0.0041
2015-04-30,2009.19,2028.82,-0.00968
2015-05-01,1995.14,2009.19,-0.00699
2015-05-04,2028.37,1995.14,0.01666
2015-05-05,2017.07,2028.37,-0.00557
2015-05-06,2028.13,2017.07,0.00548
2015-05-07,1987.2,2028.13,-0.02018
2015-05-08,2028.7,1987.2,0.02088
2015-05-11,2042.96,2028.7,0.00703
2015-05-12,2039.68,2042.96,-0.00161
2015-05-13,2053.41,2039.68,0.00673
2015-05-14,2022.38,2053.41,-0.01511
2015-05-15,2049.5,2022.38,0.01341
2015-05-18,2043.02,2049.5,-0.00316
2015-05-19,2039.25,2043.02,-0.00185
2015-05-20,2029.03,2039.25,-0.00501
2015-05-21,2016.89,2029.03,-0.00598
2015-05-22,2033.11,2016.89,0.00804
2015-05-25,2039.64,2033.11,0.00321
2015-05-26,2055.08,2039.64,0.00757
2015-05-27,2055.7,2055.08,0.0003
2015-05-28,2068.13,2055.7,0.00605
2015-05-29,2059.43,2068.13,-0.00421
2015-06-01,2110.76,2059.43,0.02492
2015-06-02,2075.2,2110.76,-0.01685
2015-06-03,2104.82,2075.2,0.01427
2015-06-04,2137.33,2104.82,0.01545
2015-06-05,2118.15,2137.33,-0.00897
2015-06-08,2170.94,2118.15,0.02492
2015-06-09,2185.43,2170.94,0.00667
2015-06-10,2209.65,2185.43,0.01108
2015-06-11,2211.21,2209.65,0.00071
2015-06-12,2206.81,2211.21,-0.00199
2015-06-15,2202.61,2206.81,-0.0019
2015-06-16,2212.96,2202.61,0.0047
2015-06-17,2247.95,2212.96,0.01581
2015-06-18,2253.33,2247.95,0.00239
2015-06-19,2231.64,2253.33,-0.00963
2015-06-22,2252.77,2231.64,0.00947
2015-06-23,2276.5,2252.77,0.01053
2015-06-24,2293.8,2276.5,0.0076
2015-06-25,2313.53,2293.8,0.0086
2015-06-26,2307.56,2313.53,-0.00258
2015-06-29,2284.9,2307.56,-0.00982
2015-06-30,2264.0,2284.9,-0.00915
2015-07-01,2224.17,2264.0,-0.01759
2015-07-02,2230.86,2224.17,0.00301
2015-07-03,2229.71,2230.86,-0.00052
2015-07-06,2219.81,2229.71,-0.00444
2015-07-07,2148.52,2219.81,-0.03212
2015-07-08,2119.9,2148.52,-0.01332
2015-07-09,2144.88,2119.9,0.01178
2015-07-10,2130.05,2144.88,-0.00691
2015-07-13,2139.35,2130.05,0.00437
2015-07-14,2107.48,2139.35,-0.0149
2015-07-15,2141.68,2107.48,0.01623
2015-07-16,2116.0,2141.68,-0.01199
2015-07-17,2123.6,2116.0,0.00359
2015-07-20,2178.78,2123.6,0.02598
2015-07-21,2215.99,2178.78,0.01708
2015-07-22,2209.41,2215.99,-0.00297
2015-07-23,2195.87,2209.41,-0.00613
2015-07-24,2188.89,2195.87,-0.00318
2015-07-27,2202.04,2188.89,0.00601
2015-07-28,2200.37,2202.04,-0.00076
2015-07-29,2191.69,2200.37,-0.00394
2015-07-30,2227.94,2191.69,0.01654
2015-07-31,2226.03,2227.94,-0.00086
2015-08-03,2283.23,2226.03,0.0257
2015-08-04,2286.42,2283.23,0.0014
2015-08-05,2332.24,2286.42,0.02004
2015-08-06,2342.34,2332.24,0.00433
2015-08-07,2368.08,2342.34,0.01099
2015-08-10,2350.16,2368.08,-0.00757
2015-08-11,2329.02,2350.16,-0.009
2015-08-12,2341.73,2329.02,0.00546
2015-08-13,2368.13,2341.73,0.01127
2015-08-14,2370.13,2368.13,0.00084
2015-08-17,2337.54,2370.13,-0.01375
2015-08-18,2303.5,2337.54,-0.01456
2015-08-19,2268.26,2303.5,-0.0153
2015-08-20,2225.06,2268.26,-0.01905
2015-08-21,2228.63,2225.06,0.0016
2015-08-24,2257.1,2228.63,0.01277
2015-08-25,2257.67,2257.1,0.00025
2015-08-26,2202.44,2257.67,-0.02446
2015-08-27,2198.7,2202.44,-0.0017
2015-08-28,2195.64,2198.7,-0.00139
2015-08-31,2247.14,2195.64,0.02346
2015-09-01,2212.02,2247.14,-0.01563
2015-09-02,2203.4,2212.02,-0.0039
2015-09-03,2245.63,2203.4,0.01917
2015-09-04,2257.64,2245.63,0.00535
2015-09-07,2272.54,2257.64,0.0066
2015-09-08,2276.31,2272.54,0.00166
2015-09-09,2285.48,2276.31,0.00403
2015-09-10,2305.94,2285.48,0.00895
2015-09-11,2286.33,2305.94,-0.0085
2015-09-14,2309.33,2286.33,0.01006
2015-09-15,2275.38,2309.33,-0.0147
2015-09-16,2284.51,2275.38,0.00401
2015-09-17,2289.91,2284.51,0.00236
2015-09-18,2275.3,2289.91,-0.00638
2015-09-21,2275.65,2275.3,0.00015
2015-09-22,2260.97,2275.65,-0.00645
2015-09-23,2235.22,2260.97,-0.01139
2015-09-24,2227.42,2235.22,-0.00349
2015-09-25,2201.26,2227.42,-0.01174
2015-09-28,2209.96,2201.26,0.00395
2015-09-29,2182.89,2209.96,-0.01225
2015-09-30,2200.86,2182.89,0.00823
2015-10-01,2173.13,2200.86,-0.0126
2015-10-02,2160.47,2173.13,-0.00583
2015-10-05,2146.49,2160.47,-0.00647
2015-10-06,2178.63,2146.49,0.01497
2015-10-07,2187.42,2178.63,0.00403
2015-10-08,2183.2,2187.42,-0.00193
2015-10-09,2196.05,2183.2,0.00589
2015-10-12,2146.03,2196.05,-0.02278
2015-10-13,2145.87,2146.03,-7e-05
2015-10-14,2193.88,2145.87,0.02237
2015-10-15,2197.95,2193.88,0.00186
2015-10-16,2200.47,2197.95,0.00115
2015-10-19,2214.62,2200.47,0.00643
2015-10-20,2237.32,2214.62,0.01025
2015-10-21,2189.06,2237.32,-0.02157
2015-10-22,2149.42,2189.06,-0.01811
2015-10-23,2155.25,2149.42,0.00271
2015-10-26,2139.17,2155.25,-0.00746
2015-10-27,2170.9,2139.17,0.01483
2015-10-28,2164.24,2170.9,-0.00307
2015-10-29,2119.05,2164.24,-0.02088
2015-10-30,2090.34,2119.05,-0.01355
2015-11-02,2027.95,2090.34,-0.02985
2015-11-03,2023.54,2027.95,-0.00217
2015-11-04,2020.16,2023.54,-0.00167
2015-11-05,2011.53,2020.16,-0.00427
2015-11-06,2036.21,2011.53,0.01227
2015-11-09,2063.87,2036.21,0.01358
2015-11-10,2060.82,2063.87,-0.00148
2015-11-11,2013.26,2060.82,-0.02308
2015-11-12,2027.73,2013.26,0.00719
2015-11-13,2040.93,2027.73,0.00651
2015-11-16,2048.69,2040.93,0.0038
2015-11-17,2071.63,2048.69,0.0112
2015-11-18,2045.92,2071.63,-0.01241
2015-11-19,2091.94,2045.92,0.02249
2015-11-20,2070.7,2091.94,-0.01015
2015-11-23,2088.59,2070.7,0.00864
2015-11-24,2050.66,2088.59,-0.01816
2015-11-25,2030.5,2050.66,-0.00983
2015-11-26,2065.18,2030.5,0.01708
2015-11-27,2060.08,2065.18,-0.00247
2015-11-30,2079.94,2060.08,0.00964
2015-12-01,2086.19,2079.94,0.003
2015-12-02,2084.62,2086.19,-0.00075
2015-12-03,2116.72,2084.62,0.0154
2015-12-04,2112.06,2116.72,-0.0022
2015-12-07,2071.53,2112.06,-0.01919
2015-12-08,2054.06,2071.53,-0.00843
2015-12-09,2067.34,2054.06,0.00647
2015-12-10,2077.16,2067.34,0.00475
2015-12-11,2042.18,2077.16,-0.01684
2015-12-14,2026.73,2042.18,-0.00757
2015-12-15,2014.57,2026.73,-0.006
2015-12-16,2007.28,2014.57,-0.00362
2015-12-17,1977.7,2007.28,-0.01474
2015-12-18,1964.82,1977.7,-0.00651
2015-12-21,1949.86,1964.82,-0.00761
2015-12-22,1967.19,1949.86,0.00889
2015-12-23,1985.48,1967.19,0.0093
2015-12-24,1983.09,1985.48,-0.0012
2015-12-25,1975.33,1983.09,-0.00391
2015-12-28,1979.16,1975.33,0.00194
2015-12-29,1962.18,1979.16,-0.00858
2015-12-30,1938.21,1962.18,-0.01222
2015-12-31,1918.94,1938.21,-0.00994
2016-01-01,1906.31,1918.94,-0.00658
2016-01-04,1882.67,1906.31,-0.0124
2016-01-05,1886.78,1882.67,0.00218
2016-01-06,1885.39,1886.78,-0.00074
2016-01-07,1853.23,1885.39,-0.01706
2016-01-08,1854.48,1853.23,0.00067
2016-01-11,1850.73,1854.48,-0.00202
2016-01-12,1858.43,1850.73,0.00416
2016-01-13,1858.91,1858.43,0.00026
2016-01-14,1829.93,1858.91,-0.01559
2016-01-15,1805.25,1829.93,-0.01349
2016-01-18,1806.55,1805.25,0.00072
2016-01-19,1827.72,1806.55,0.01172
2016-01-20,1783.94,1827.72,-0.02395
2016-01-21,1791.43,1783.94,0.0042
2016-01-22,1815.59,1791.43,0.01349
2016-01-25,1813.26,1815.59,-0.00128
2016-01-26,1824.96,1813.26,0.00645
2016-01-27,1811.58,1824.96,-0.00733
2016-01-28,1809.92,1811.58,-0.00092
2016-01-29,1778.38,1809.92,-0.01743
2016-02-01,1733.23,1778.38,-0.02539
2016-02-02,1751.9,1733.23,0.01077
2016-02-03,1733.61,1751.9,-0.01044
2016-02-04,1725.62,1733.61,-0.00461
2016-02-05,1699.99,1725.62,-0.01485
2016-02-08,1674.31,1699.99,-0.01511
2016-02-09,1671.78,1674.31,-0.00151
2016-02-10,1659.03,1671.78,-0.00763
2016-02-11,1666.59,1659.03,0.00456
2016-02-12,1675.55,1666.59,0.00538
2016-02-15,1682.14,1675.55,0.00393
2016-02-16,1687.22,1682.14,0.00302
2016-02-17,1717.18,1687.22,0.01776
2016-02-18,1697.7,1717.18,-0.01134
2016-02-19,1697.36,1697.7,-0.0002
2016-02-22,1719.18,1697.36,0.01286
2016-02-23,1743.78,1719.18,0.01431
2016-02-24,1717.21,1743.78,-0.01524
2016-02-25,1712.0,1717.21,-0.00303
2016-02-26,1738.26,1712.0,0.01534
2016-02-29,1748.67,1738.26,0.00599
2016-03-01,1753.12,1748.67,0.00254
2016-03-02,1749.63,1753.12,-0.00199
2016-03-03,1706.49,1749.63,-0.02466
2016-03-04,1712.58,1706.49,0.00357
2016-03-07,1708.51,1712.58,-0.00238
2016-03-08,1708.4,1708.51,-6e-05
2016-03-09,1710.56,1708.4,0.00126
2016-03-10,1698.48,1710.56,-0.00706
2016-03-11,1709.11,1698.48,0.00626
2016-03-14,1764.58,1709.11,0.03246
2016-03-15,1730.79,1764.58,-0.01915
2016-03-16,1737.65,1730.79,0.00396
2016-03-17,1723.82,1737.65,-0.00796
2016-03-18,1735.46,1723.82,0.00675
2016-03-21,1737.04,1735.46,0.00091
2016-03-22,1752.29,1737.04,0.00878
2016-03-23,1775.65,1752.29,0.01333
2016-03-24,1780.12,1775.65,0.00252
2016-03-25,1803.0,1780.12,0.01285
2016-03-28,1757.22,1803.0,-0.02539
2016-03-29,1788.67,1757.22,0.0179
2016-03-30,1796.76,1788.67,0.00452
2016-03-31,1818.79,1796.76,0.01226
2016-04-01,1795.11,1818.79,-0.01302
2016-04-04,1779.42,1795.11,-0.00874
2016-04-05,1782.99,1779.42,0.00201
2016-04-06,1783.37,1782.99,0.00021
2016-04-07,1789.63,1783.37,0.00351
2016-04-08,1811.7,1789.63,0.01233
2016-04-11,1777.25,1811.7,-0.01902
2016-04-12,1797.0,1777.25,0.01111
2016-04-13,1797.88,1797.0,0.00049
2016-04-14,1794.57,1797.88,-0.00184
2016-04-15,1766.24,1794.57,-0.01579
2016-04-18,1734.47,1766.24,-0.01799
2016-04-19,1689.11,1734.47,-0.02615
2016-04-20,1701.83,1689.11,0.00753
2016-04-21,1648.87,1701.83,-0.03112
2016-04-22,1650.5,1648.87,0.00099
2016-04-25,1649.0,1650.5,-0.00091
2016-04-26,1670.87,1649.0,0.01326
2016-04-27,1668.26,1670.87,-0.00156
2016-04-28,1589.68,1668.26,-0.0471
2016-04-29,1581.46,1589.68,-0.00517
2016-05-02,1604.23,1581.46,0.0144
2016-05-03,1614.34,1604.23,0.0063
2016-05-04,1608.14,1614.34,-0.00384
2016-05-05,1604.6,1608.14,-0.0022
2016-05-06,1577.58,1604.6,-0.01684
2016-05-09,1584.95,1577.58,0.00467
2016-05-10,1554.9,1584.95,-0.01896
2016-05-11,1568.38,1554.9,0.00867
2016-05-12,1571.23,1568.38,0.00182
2016-05-13,1613.11,1571.23,0.02665
2016-05-16,1594.24,1613.11,-0.0117
2016-05-17,1593.07,1594.24,-0.00073
2016-05-18,1625.22,1593.07,0.02018
2016-05-19,1647.17,1625.22,0.01351
2016-05-20,1635.22,1647.17,-0.00725
2016-05-23,1639.9,1635.22,0.00286
2016-05-24,1640.59,1639.9,0.00042
2016-05-25,1646.34,1640.59,0.0035
2016-05-26,1634.34,1646.34,-0.00729
2016-05-27,1633.39,1634.34,-0.00058
2016-05-30,1605.33,1633.39,-0.01718
2016-05-31,1608.36,1605.33,0.00189
2016-06-01,1616.96,1608.36,0.00535
2016-06-02,1613.57,1616.96,-0.0021
2016-06-03,1585.55,1613.57,-0.01737
2016-06-06,1603.42,1585.55,0.01127
2016-06-07,1610.49,1603.42,0.00441
2016-06-08,1598.27,1610.49,-0.00759
2016-06-09,1593.98,1598.27,-0.00268
2016-06-10,1568.31,1593.98,-0.0161
2016-06-13,1502.22,1568.31,-0.04214
2016-06-14,1493.93,1502.22,-0.00552
2016-06-15,1514.72,1493.93,0.01392
2016-06-16,1504.67,1514.72,-0.00663
2016-06-17,1515.86,1504.67,0.00744
2016-06-20,1507.49,1515.86,-0.00552
2016-06-21,1512.21,1507.49,0.00313
2016-06-22,1510.46,1512.21,-0.00116
2016-06-23,1525.57,1510.46,0.01
2016-06-24,1517.21,1525.57,-0.00548
2016-06-27,1491.57,1517.21,-0.0169
2016-06-28,1469.49,1491.57,-0.0148
2016-06-29,1461.48,1469.49,-0.00545
2016-06-30,1441.99,1461.48,-0.01334
2016-07-01,1449.07,1441.99,0.00491
2016-07-04,1442.23,1449.07,-0.00472
2016-07-05,1480.47,1442.23,0.02651
2016-07-06,1452.77,1480.47,-0.01871
2016-07-07,1456.6,1452.77,0.00264
2016-07-08,1439.11,1456.6,-0.01201
2016-07-11,1431.88,1439.11,-0.00502
2016-07-12,1434.68,1431.88,0.00196
2016-07-13,1398.55,1434.68,-0.02518
2016-07-14,1402.76,1398.55,0.00301
2016-07-15,1432.68,1402.76,0.02133
2016-07-18,1426.11,1432.68,-0.00459
2016-07-19,1430.75,1426.11,0.00325
2016-07-20,1447.46,1430.75,0.01168
2016-07-21,1445.42,1447.46,-0.00141
2016-07-22,1436.77,1445.42,-0.00598
2016-07-25,1401.37,1436.77,-0.02464
2016-07-26,1411.82,1401.37,0.00746
2016-07-27,1410.62,1411.82,-0.00085
2016-07-28,1395.47,1410.62,-0.01074
2016-07-29,1397.97,1395.47,0.00179
2016-08-01,1389.56,1397.97,-0.00602
2016-08-02,1382.04,1389.56,-0.00541
2016-08-03,1391.81,1382.04,0.00707
2016-08-04,1371.87,1391.81,-0.01433
2016-08-05,1388.23,1371.87,0.01193
2016-08-08,1367.44,1388.23,-0.01498
2016-08-09,1358.02,1367.44,-0.00689
2016-08-10,1387.29,1358.02,0.02155
2016-08-11,1405.04,1387.29,0.01279
2016-08-12,1407.11,1405.04,0.00147
2016-08-15,1393.12,1407.11,-0.00994
2016-08-16,1385.57,1393.12,-0.00542
2016-08-17,1387.24,1385.57,0.00121
2016-08-18,1388.36,1387.24,0.00081
2016-08-19,1387.53,1388.36,-0.0006
2016-08-22,1387.62,1387.53,6e-05
2016-08-23,1384.9,1387.62,-0.00196
2016-08-24,1363.49,1384.9,-0.01546
2016-08-25,1356.29,1363.49,-0.00528
2016-08-26,1370.47,1356.29,0.01045
2016-08-29,1350.39,1370.47,-0.01465
2016-08-30,1348.12,1350.39,-0.00168
2016-08-31,1336.5,1348.12,-0.00862
2016-09-01,1338.67,1336.5,0.00162
2016-09-02,1333.49,1338.67,-0.00387
2016-09-05,1355.69,1333.49,0.01665
2016-09-06,1363.79,1355.69,0.00597
2016-09-07,1344.65,1363.79,-0.01403
2016-09-08,1355.12,1344.65,0.00779
2016-09-09,1344.11,1355.12,-0.00812
2016-09-12,1336.12,1344.11,-0.00594
2016-09-13,1341.27,1336.12,0.00385
2016-09-14,1334.55,1341.27,-0.00501
2016-09-15,1348.19,1334.55,0.01022
2016-09-16,1337.24,1348.19,-0.00812
2016-09-19,1328.67,1337.24,-0.00641
2016-09-20,1319.61,1328.67,-0.00682
2016-09-21,1311.93,1319.61,-0.00582
2016-09-22,1328.32,1311.93,0.01249
2016-09-23,1338.03,1328.32,0.00731
2016-09-26,1363.74,1338.03,0.01921
2016-09-27,1398.3,1363.74,0.02534
2016-09-28,1383.01,1398.3,-0.01093
2016-09-29,1384.63,1383.01,0.00117
2016-09-30,1367.27,1384.63,-0.01254
2016-10-03,1356.12,1367.27,-0.00815
2016-10-04,1347.26,1356.12,-0.00653
2016-10-05,1332.14,1347.26,-0.01122
2016-10-06,1317.26,1332.14,-0.01117
2016-10-07,1315.69,1317.26,-0.00119
2016-10-10,1298.61,1315.69,-0.01298
2016-10-11,1311.16,1298.61,0.00966
2016-10-12,1298.45,1311.16,-0.00969
2016-10-13,1339.09,1298.45,0.0313
2016-10-14,1332.98,1339.09,-0.00456
2016-10-17,1334.57,1332.98,0.00119
2016-10-18,1316.09,1334.57,-0.01385
2016-10-19,1341.31,1316.09,0.01916
2016-10-20,1358.37,1341.31,0.01272
2016-10-21,1363.35,1358.37,0.00367
2016-10-24,1343.69,1363.35,-0.01442
2016-10-25,1347.35,1343.69,0.00272
2016-10-26,1331.26,1347.35,-0.01194
2016-10-27,1353.21,1331.26,0.01649
2016-10-28,1365.8,1353.21,0.0093
2016-10-31,1367.78,1365.8,0.00145
2016-11-01,1331.67,1367.78,-0.0264
2016-11-02,1317.8,1331.67,-0.01042
2016-11-03,1328.29,1317.8,0.00796
2016-11-04,1346.55,1328.29,0.01375
2016-11-07,1363.51,1346.55,0.0126
2016-11-08,1340.18,1363.51,-0.01711
2016-11-09,1345.16,1340.18,0.00372
2016-11-10,1360.73,1345.16,0.01157
2016-11-11,1336.45,1360.73,-0.01784
2016-11-14,1336.87,1336.45,0.00031
2016-11-15,1341.43,1336.87,0.00341
2016-11-16,1337.53,1341.43,-0.00291
2016-11-17,1310.81,1337.53,-0.01998
2016-11-18,1306.64,1310.81,-0.00318
2016-11-21,1302.46,1306.64,-0.0032
2016-11-22,1300.86,1302.46,-0.00123
2016-11-23,1293.32,1300.86,-0.0058
2016-11-24,1287.53,1293.32,-0.00448
2016-11-25,1287.48,1287.53,-4e-05
2016-11-28,1294.26,1287.48,0.00527
2016-11-29,1290.45,1294.26,-0.00294
2016-11-30,1285.15,1290.45,-0.00411
2016-12-01,1286.97,1285.15,0.00142
2016-12-02,1260.29,1286.97,-0.02073
2016-12-05,1267.41,1260.29,0.00565
2016-12-06,1267.91,1267.41,0.00039
2016-12-07,1268.97,1267.91,0.00084
2016-12-08,1282.89,1268.97,0.01097
2016-12-09,1255.84,1282.89,-0.02109
2016-12-12,1229.08,1255.84,-0.02131
2016-12-13,1233.27,1229.08,0.00341
2016-12-14,1233.67,1233.27,0.00032
2016-12-15,1236.47,1233.67,0.00227
2016-12-16,1230.68,1236.47,-0.00468
2016-12-19,1240.16,1230.68,0.0077
2016-12-20,1253.38,1240.16,0.01066
2016-12-21,1260.56,1253.38,0.00573
2016-12-22,1257.44,1260.56,-0.00248
2016-12-23,1228.79,1257.44,-0.02278
2016-12-26,1239.68,1228.79,0.00886
2016-12-27,1260.47,1239.68,0.01677
2016-12-28,1269.91,1260.47,0.00749
2016-12-29,1258.13,1269.91,-0.00928
2016-12-30,1267.96,1258.13,0.00781
2017-01-02,1280.47,1267.96,0.00987
2017-01-03,1302.94,1280.47,0.01755
2017-01-04,1290.9,1302.94,-0.00924
2017-01-05,1288.2,1290.9,-0.00209
2017-01-06,1299.31,1288.2,0.00862
2017-01-09,1300.65,1299.31,0.00103
2017-01-10,1285.18,1300.65,-0.01189
2017-01-11,1291.56,1285.18,0.00496
2017-01-12,1279.23,1291.56,-0.00955
2017-01-13,1280.98,1279.23,0.00137
2017-01-16,1236.64,1280.98,-0.03461
2017-01-17,1233.61,1236.64,-0.00245
2017-01-18,1254.17,1233.61,0.01667
2017-01-19,1242.24,1254.17,-0.00951
2017-01-20,1234.72,1242.24,-0.00605
2017-01-23,1235.36,1234.72,0.00052
2017-01-24,1247.8,1235.36,0.01007
2017-01-25,1227.74,1247.8,-0.01608
2017-01-26,1210.54,1227.74,-0.01401
2017-01-27,1183.89,1210.54,-0.02201
2017-01-30,1184.79,1183.89,0.00076
2017-01-31,1170.69,1184.79,-0.0119
2017-02-01,1166.2,1170.69,-0.00384
2017-02-02,1175.15,1166.2,0.00767
2017-02-03,1167.33,1175.15,-0.00665
2017-02-06,1170.77,1167.33,0.00295
2017-02-07,1167.38,1170.77,-0.0029
2017-02-08,1176.48,1167.38,0.0078
2017-02-09,1183.1,1176.48,0.00563
2017-02-10,1174.57,1183.1,-0.00721
2017-02-13,1172.86,1174.57,-0.00146
2017-02-14,1186.79,1172.86,0.01188
2017-02-15,1192.4,1186.79,0.00473
2017-02-16,1174.56,1192.4,-0.01496
2017-02-17,1183.5,1174.56,0.00761
2017-02-20,1169.85,1183.5,-0.01153
2017-02-21,1188.49,1169.85,0.01593
2017-02-22,1202.36,1188.49,0.01167
2017-02-23,1206.67,1202.36,0.00358
2017-02-24,1209.24,1206.67,0.00213
2017-02-27,1206.95,1209.24,-0.00189
2017-02-28,1216.44,1206.95,0.00786
2017-03-01,1211.96,1216.44,-0.00368
2017-03-02,1215.59,1211.96,0.003
2017-03-03,1227.73,1215.59,0.00999
2017-03-06,1220.64,1227.73,-0.00577
2017-03-07,1212.85,1220.64,-0.00638
2017-03-08,1197.4,1212.85,-0.01274
2017-03-09,1183.86,1197.4,-0.01131
2017-03-10,1160.52,1183.86,-0.01972
2017-03-13,1170.31,1160.52,0.00844
2017-03-14,1194.06,1170.31,0.02029
2017-03-15,1213.26,1194.06,0.01608
2017-03-16,1192.04,1213.26,-0.01749
2017-03-17,1202.02,1192.04,0.00837
2017-03-20,1221.31,1202.02,0.01605
2017-03-21,1215.66,1221.31,-0.00463
2017-03-22,1217.5,1215.66,0.00151
2017-03-23,1191.1,1217.5,-0.02168
2017-03-24,1195.07,1191.1,0.00333
2017-03-27,1181.57,1195.07,-0.0113
2017-03-28,1184.63,1181.57,0.00259
2017-03-29,1164.76,1184.63,-0.01677
2017-03-30,1172.19,1164.76,0.00638
2017-03-31,1185.86,1172.19,0.01166
2017-04-03,1176.12,1185.86,-0.00821
2017-04-04,1161.88,1176.12,-0.01211
2017-04-05,1134.79,1161.88,-0.02332
2017-04-06,1131.92,1134.79,-0.00253
2017-04-07,1125.13,1131.92,-0.006
2017-04-10,1106.39,1125.13,-0.01666
2017-04-11,1112.34,1106.39,0.00538
2017-04-12,1107.28,1112.34,-0.00455
2017-04-13,1094.62,1107.28,-0.01143
2017-04-14,1088.38,1094.62,-0.0057
2017-04-17,1101.64,1088.38,0.01218
2017-04-18,1109.39,1101.64,0.00703
2017-04-19,1108.25,1109.39,-0.00103
2017-04-20,1116.24,1108.25,0.00721
2017-04-21,1102.43,1116.24,-0.01237
2017-04-24,1103.26,1102.43,0.00075
2017-04-25,1105.49,1103.26,0.00202
2017-04-26,1100.22,1105.49,-0.00477
2017-04-27,1105.93,1100.22,0.00519
2017-04-28,1096.88,1105.93,-0.00818
2017-05-01,1103.47,1096.88,0.00601
2017-05-02,1110.61,1103.47,0.00647
2017-05-03,1075.42,1110.61,-0.03169
2017-05-04,1089.93,1075.42,0.01349
2017-05-05,1053.83,1089.93,-0.03312
2017-05-08,1047.11,1053.83,-0.00638
2017-05-09,1059.33,1047.11,0.01167
2017-05-10,1056.06,1059.33,-0.00309
2017-05-11,1039.45,1056.06,-0.01573
2017-05-12,1027.36,1039.45,-0.01163
2017-05-15,1039.38,1027.36,0.0117
2017-05-16,1017.82,1039.38,-0.02074
2017-05-17,1030.87,1017.82,0.01282
2017-05-18,1030.66,1030.87,-0.0002
2017-05-19,1017.55,1030.66,-0.01272
2017-05-22,1011.43,1017.55,-0.00601
2017-05-23,1000.52,1011.43,-0.01079
2017-05-24,1010.45,1000.52,0.00992
2017-05-25,1019.0,1010.45,0.00846
2017-05-26,1000.14,1019.0,-0.01851
2017-05-29,996.1,1000.14,-0.00404
2017-05-30,987.04,996.1,-0.0091
2017-05-31,1001.48,987.04,0.01463
2017-06-01,987.0,1001.48,-0.01446
2017-06-02,1004.82,987.0,0.01805
2017-06-05,993.96,1004.82,-0.01081
2017-06-06,981.66,993.96,-0.01237
2017-06-07,974.73,981.66,-0.00706
2017-06-08,966.53,974.73,-0.00841
2017-06-09,953.36,966.53,-0.01363
2017-06-12,954.74,953.36,0.00145
2017-06-13,942.23,954.74,-0.0131
2017-06-14,920.01,942.23,-0.02358
2017-06-15,916.53,920.01,-0.00378
2017-06-16,898.72,916.53,-0.01943
2017-06-19,891.65,898.72,-0.00787
2017-06-20,883.09,891.65,-0.0096
2017-06-21,874.98,883.09,-0.00918
2017-06-22,894.58,874.98,0.0224
2017-06-23,895.5,894.58,0.00103
2017-06-26,898.27,895.5,0.00309
2017-06-27,881.08,898.27,-0.01914
2017-06-28,875.09,881.08,-0.0068
2017-06-29,877.52,875.09,0.00278
2017-06-30,867.98,877.52,-0.01087
2017-07-03,876.99,867.98,0.01038
2017-07-04,865.74,876.99,-0.01283
2017-07-05,863.36,865.74,-0.00275
2017-07-06,858.14,863.36,-0.00605
2017-07-07,860.04,858.14,0.00221
2017-07-10,854.32,860.04,-0.00665
2017-07-11,852.12,854.32,-0.00258
2017-07-12,850.24,852.12,-0.00221
2017-07-13,843.72,850.24,-0.00767
2017-07-14,848.56,843.72,0.00574
2017-07-17,851.12,848.56,0.00302
2017-07-18,850.63,851.12,-0.00058
2017-07-19,846.94,850.63,-0.00434
2017-07-20,854.7,846.94,0.00916
2017-07-21,852.83,854.7,-0.00219
2017-07-24,850.29,852.83,-0.00298
2017-07-25,851.61,850.29,0.00155
2017-07-26,867.85,851.61,0.01907
2017-07-27,855.4,867.85,-0.01435
2017-07-28,862.98,855.4,0.00886
2017-07-31,833.9,862.98,-0.0337
2017-08-01,836.23,833.9,0.00279
2017-08-02,851.05,836.23,0.01772
2017-08-03,855.96,851.05,0.00577
2017-08-04,857.91,855.96,0.00228
2017-08-07,852.97,857.91,-0.00576
2017-08-08,853.6,852.97,0.00074
2017-08-09,851.57,853.6,-0.00238
2017-08-10,844.55,851.57,-0.00824
2017-08-11,842.2,844.55,-0.00278
2017-08-14,844.37,842.2,0.00258
2017-08-15,837.58,844.37,-0.00804
2017-08-16,830.49,837.58,-0.00846
2017-08-17,818.4,830.49,-0.01456
2017-08-18,822.24,818.4,0.00469
2017-08-21,827.5,822.24,0.0064
2017-08-22,829.94,827.5,0.00295
2017-08-23,839.09,829.94,0.01102
2017-08-24,840.23,839.09,0.00136
2017-08-25,844.19,840.23,0.00471
2017-08-28,847.35,844.19,0.00374
2017-08-29,846.84,847.35,-0.0006
2017-08-30,842.23,846.84,-0.00544
2017-08-31,863.08,842.23,0.02476
2017-09-01,859.13,863.08,-0.00458
2017-09-04,853.19,859.13,-0.00691
2017-09-05,857.6,853.19,0.00517
2017-09-06,860.32,857.6,0.00317
2017-09-07,847.37,860.32,-0.01505
2017-09-08,858.17,847.37,0.01275
2017-09-11,857.63,858.17,-0.00063
2017-09-12,847.49,857.63,-0.01182
2017-09-13,858.91,847.49,0.01348
2017-09-14,865.17,858.91,0.00729
2017-09-15,853.48,865.17,-0.01351
2017-09-18,870.5,853.48,0.01994
2017-09-19,877.16,870.5,0.00765
2017-09-20,877.41,877.16,0.00029
2017-09-21,893.11,877.41,0.01789
2017-09-22,895.03,893.11,0.00215
2017-09-25,895.11,895.03,9e-05
2017-09-26,888.97,895.11,-0.00686
2017-09-27,895.02,888.97,0.00681
2017-09-28,900.07,895.02,0.00564
2017-09-29,900.57,900.07,0.00056
2017-10-02,893.11,900.57,-0.00828
2017-10-03,894.74,893.11,0.00183
2017-10-04,894.41,894.74,-0.00037
2017-10-05,881.65,894.41,-0.01427
2017-10-06,867.73,881.65,-0.01579
2017-10-09,873.47,867.73,0.00661
2017-10-10,848.82,873.47,-0.02822
2017-10-11,851.08,848.82,0.00266
2017-10-12,846.94,851.08,-0.00486
2017-10-13,859.47,846.94,0.01479
2017-10-16,855.15,859.47,-0.00503
2017-10-17,861.69,855.15,0.00765
2017-10-18,858.28,861.69,-0.00396
2017-10-19,859.69,858.28,0.00164
2017-10-20,867.0,859.69,0.0085
2017-10-23,862.94,867.0,-0.00468
2017-10-24,872.74,862.94,0.01136
2017-10-25,863.55,872.74,-0.01053
2017-10-26,866.7,863.55,0.00365
2017-10-27,875.84,866.7,0.01055
2017-10-30,882.55,875.84,0.00766
2017-10-31,901.51,882.55,0.02148
2017-11-01,894.3,901.51,-0.008
2017-11-02,881.09,894.3,-0.01477
2017-11-03,871.8,881.09,-0.01054
2017-11-06,878.49,871.8,0.00767
2017-11-07,883.65,878.49,0.00587
2017-11-08,885.0,883.65,0.00153
2017-11-09,874.42,885.0,-0.01195
2017-11-10,882.14,874.42,0.00883
2017-11-13,870.61,882.14,-0.01307
2017-11-14,882.06,870.61,0.01315
2017-11-15,910.14,882.06,0.03183
2017-11-16,914.17,910.14,0.00443
2017-11-17,920.4,914.17,0.00681
2017-11-20,915.78,920.4,-0.00502
2017-11-21,897.91,915.78,-0.01951
2017-11-22,892.32,897.91,-0.00623
2017-11-23,881.95,892.32,-0.01162
2017-11-24,846.87,881.95,-0.03978
2017-11-27,863.26,846.87,0.01935
2017-11-28,866.19,863.26,0.00339
2017-11-29,870.16,866.19,0.00458
2017-11-30,867.55,870.16,-0.003
2017-12-01,866.24,867.55,-0.00151
2017-12-04,875.78,866.24,0.01101
2017-12-05,875.82,875.78,5e-05
2017-12-06,881.28,875.82,0.00623
2017-12-07,879.74,881.28,-0.00175
2017-12-08,876.78,879.74,-0.00336
2017-12-11,863.56,876.78,-0.01508
2017-12-12,845.12,863.56,-0.02135
2017-12-13,843.02,845.12,-0.00248
2017-12-14,843.88,843.02,0.00102
2017-12-15,832.28,843.88,-0.01375
2017-12-18,832.3,832.28,2e-05
2017-12-19,833.13,832.3,0.001
2017-12-20,813.7,833.13,-0.02332
2017-12-21,805.84,813.7,-0.00966
2017-12-22,809.77,805.84,0.00488
2017-12-25,813.54,809.77,0.00466
2017-12-26,803.54,813.54,-0.01229
2017-12-27,805.26,803.54,0.00214
2017-12-28,814.64,805.26,0.01165
2017-12-29,821.93,814.64,0.00895
2018-01-01,821.4,821.93,-0.00064
2018-01-02,817.5,821.4,-0.00475
2018-01-03,812.17,817.5,-0.00652
2018-01-04,816.67,812.17,0.00554
2018-01-05,818.75,816.67,0.00255
2018-01-08,824.74,818.75,0.00732
2018-01-09,826.27,824.74,0.00186
2018-01-10,834.04,826.27,0.0094
2018-01-11,835.24,834.04,0.00144
2018-01-12,842.79,835.24,0.00904
2018-01-15,851.2,842.79,0.00998
2018-01-16,844.01,851.2,-0.00845
2018-01-17,827.56,844.01,-0.01949
2018-01-18,841.94,827.56,0.01738
2018-01-19,844.65,841.94,0.00322
2018-01-22,829.06,844.65,-0.01846
2018-01-23,822.88,829.06,-0.00745
2018-01-24,830.2,822.88,0.0089
2018-01-25,827.98,830.2,-0.00267
2018-01-26,823.64,827.98,-0.00524
2018-01-29,836.67,823.64,0.01582
2018-01-30,827.36,836.67,-0.01113
2018-01-31,820.43,827.36,-0.00838
2018-02-01,822.66,820.43,0.00272
2018-02-02,826.53,822.66,0.0047
2018-02-05,831.37,826.53,0.00586
2018-02-06,840.04,831.37,0.01043
2018-02-07,842.21,840.04,0.00258
2018-02-08,847.08,842.21,0.00578
2018-02-09,845.0,847.08,-0.00246
2018-02-12,845.92,845.0,0.00109
2018-02-13,847.26,845.92,0.00158
2018-02-14,812.9,847.26,-0.04055
2018-02-15,820.13,812.9,0.00889
2018-02-16,825.47,820.13,0.00651
2018-02-19,826.2,825.47,0.00088
2018-02-20,819.18,826.2,-0.0085
2018-02-21,820.12,819.18,0.00115
2018-02-22,820.19,820.12,9e-05
2018-02-23,822.26,820.19,0.00252
2018-02-26,842.55,822.26,0.02468
2018-02-27,838.03,842.55,-0.00536
2018-02-28,842.26,838.03,0.00505
2018-03-01,852.5,842.26,0.01216
2018-03-02,853.76,852.5,0.00148
2018-03-05,876.05,853.76,0.02611
2018-03-06,872.76,876.05,-0.00376
2018-03-07,876.22,872.76,0.00396
2018-03-08,868.87,876.22,-0.00839
2018-03-09,865.86,868.87,-0.00346
2018-03-12,868.58,865.86,0.00314
2018-03-13,877.01,868.58,0.00971
2018-03-14,880.44,877.01,0.00391
2018-03-15,892.99,880.44,0.01425
2018-03-16,892.41,892.99,-0.00065
2018-03-19,889.51,892.41,-0.00325
2018-03-20,916.32,889.51,0.03014
2018-03-21,920.66,916.32,0.00474
2018-03-22,913.74,920.66,-0.00752
2018-03-23,893.14,913.74,-0.02254
2018-03-26,884.23,893.14,-0.00998
2018-03-27,893.7,884.23,0.01071
2018-03-28,890.47,893.7,-0.00361
2018-03-29,892.08,890.47,0.00181
2018-03-30,891.81,892.08,-0.0003
2018-04-02,899.34,891.81,0.00844
2018-04-03,891.33,899.34,-0.00891
2018-04-04,881.14,891.33,-0.01143
2018-04-05,883.66,881.14,0.00286
2018-04-06,889.86,883.66,0.00702
2018-04-09,893.47,889.86,0.00406
2018-04-10,885.87,893.47,-0.00851
2018-04-11,892.83,885.87,0.00786
2018-04-12,885.88,892.83,-0.00778
2018-04-13,881.15,885.88,-0.00534
2018-04-16,872.35,881.15,-0.00999
2018-04-17,885.19,872.35,0.01472
2018-04-18,891.71,885.19,0.00737
2018-04-19,898.0,891.71,0.00705
2018-04-20,910.68,898.0,0.01412
2018-04-23,939.22,910.68,0.03134
2018-04-24,921.94,939.22,-0.0184
2018-04-25,914.82,921.94,-0.00772
2018-04-26,908.98,914.82,-0.00638
2018-04-27,900.84,908.98,-0.00896
2018-04-30,890.52,900.84,-0.01146
2018-05-01,887.94,890.52,-0.0029
2018-05-02,876.42,887.94,-0.01297
2018-05-03,880.0,876.42,0.00408
2018-05-04,880.85,880.0,0.00097
2018-05-07,885.86,880.85,0.00569
2018-05-08,891.16,885.86,0.00598
2018-05-09,897.43,891.16,0.00704
2018-05-10,894.1,897.43,-0.00371
2018-05-11,915.32,894.1,0.02373
2018-05-14,918.05,915.32,0.00298
2018-05-15,899.61,918.05,-0.02009
2018-05-16,890.05,899.61,-0.01063
2018-05-17,873.36,890.05,-0.01875
2018-05-18,882.02,873.36,0.00992
2018-05-21,881.19,882.02,-0.00094
2018-05-22,877.0,881.19,-0.00475
2018-05-23,896.75,877.0,0.02252
2018-05-24,902.53,896.75,0.00645
2018-05-25,910.1,902.53,0.00839
2018-05-28,901.14,910.1,-0.00985
2018-05-29,891.6,901.14,-0.01059
2018-05-30,892.31,891.6,0.0008
2018-05-31,894.37,892.31,0.00231
2018-06-01,876.46,894.37,-0.02003
2018-06-04,875.08,876.46,-0.00157
2018-06-05,875.56,875.08,0.00055
2018-06-06,873.84,875.56,-0.00196
2018-06-07,866.37,873.84,-0.00855
2018-06-08,861.58,866.37,-0.00553
2018-06-11,860.24,861.58,-0.00156
2018-06-12,861.45,860.24,0.00141
2018-06-13,867.52,861.45,0.00705
2018-06-14,878.19,867.52,0.0123
2018-06-15,875.69,878.19,-0.00285
2018-06-18,871.65,875.69,-0.00461
2018-06-19,876.19,871.65,0.00521
2018-06-20,882.43,876.19,0.00712
2018-06-21,878.57,882.43,-0.00437
2018-06-22,886.56,878.57,0.00909
2018-06-25,896.47,886.56,0.01118
2018-06-26,909.56,896.47,0.0146
2018-06-27,927.72,909.56,0.01997
2018-06-28,919.25,927.72,-0.00913
2018-06-29,919.76,919.25,0.00055
2018-07-02,920.24,919.76,0.00052
2018-07-03,919.62,920.24,-0.00067
2018-07-04,913.42,919.62,-0.00674
2018-07-05,898.85,913.42,-0.01595
2018-07-06,900.13,898.85,0.00142
2018-07-09,892.88,900.13,-0.00805
2018-07-10,894.08,892.88,0.00134
2018-07-11,886.63,894.08,-0.00833
2018-07-12,876.26,886.63,-0.0117
2018-07-13,878.87,876.26,0.00298
2018-07-16,880.68,878.87,0.00206
2018-07-17,886.65,880.68,0.00678
2018-07-18,908.32,886.65,0.02444
2018-07-19,911.45,908.32,0.00345
2018-07-20,916.68,911.45,0.00574
2018-07-23,906.18,916.68,-0.01145
2018-07-24,893.72,906.18,-0.01375
2018-07-25,909.64,893.72,0.01781
2018-07-26,900.76,909.64,-0.00976
2018-07-27,890.78,900.76,-0.01108
2018-07-30,890.75,890.78,-3e-05
2018-07-31,890.22,890.75,-0.0006
2018-08-01,881.74,890.22,-0.00953
2018-08-02,879.13,881.74,-0.00296
2018-08-03,891.37,879.13,0.01392
2018-08-06,883.83,891.37,-0.00846
2018-08-07,870.63,883.83,-0.01493
2018-08-08,880.01,870.63,0.01077
2018-08-09,885.13,880.01,0.00582
2018-08-10,879.44,885.13,-0.00643
2018-08-13,864.48,879.44,-0.01701
2018-08-14,857.75,864.48,-0.00779
2018-08-15,857.58,857.75,-0.0002
2018-08-16,868.91,857.58,0.01321
2018-08-17,859.35,868.91,-0.011
2018-08-20,858.9,859.35,-0.00052
2018-08-21,865.62,858.9,0.00782
2018-08-22,843.29,865.62,-0.0258
2018-08-23,853.22,843.29,0.01178
2018-08-24,842.46,853.22,-0.01261
2018-08-27,845.88,842.46,0.00406
2018-08-28,848.51,845.88,0.00311
2018-08-29,858.97,848.51,0.01233
2018-08-30,864.52,858.97,0.00646
2018-08-31,842.26,864.52,-0.02575
2018-09-03,835.33,842.26,-0.00823
2018-09-04,836.93,835.33,0.00192
2018-09-05,835.47,836.93,-0.00174
2018-09-06,840.19,835.47,0.00565
2018-09-07,847.83,840.19,0.00909
2018-09-10,853.84,847.83,0.00709
2018-09-11,852.17,853.84,-0.00196
2018-09-12,835.2,852.17,-0.01991
2018-09-13,831.35,835.2,-0.00461
2018-09-14,835.49,831.35,0.00498
2018-09-17,825.8,835.49,-0.0116
2018-09-18,831.87,825.8,0.00735
2018-09-19,840.51,831.87,0.01039
2018-09-20,842.02,840.51,0.0018
2018-09-21,813.98,842.02,-0.0333
2018-09-24,802.86,813.98,-0.01366
2018-09-25,819.84,802.86,0.02115
2018-09-26,818.49,819.84,-0.00165
2018-09-27,800.95,818.49,-0.02143
2018-09-28,812.15,800.95,0.01398
2018-10-01,812.6,812.15,0.00055
2018-10-02,822.8,812.6,0.01255
2018-10-03,824.99,822.8,0.00266
2018-10-04,829.48,824.99,0.00544
2018-10-05,833.12,829.48,0.00439
2018-10-08,839.85,833.12,0.00808
2018-10-09,861.22,839.85,0.02545
2018-10-10,858.17,861.22,-0.00354
2018-10-11,843.6,858.17,-0.01698
2018-10-12,848.08,843.6,0.00531
2018-10-15,859.07,848.08,0.01296
2018-10-16,870.78,859.07,0.01363
2018-10-17,867.04,870.78,-0.00429
2018-10-18,878.5,867.04,0.01322
2018-10-19,887.81,878.5,0.0106
2018-10-22,913.29,887.81,0.0287
2018-10-23,906.12,913.29,-0.00785
2018-10-24,901.43,906.12,-0.00518
2018-10-25,898.75,901.43,-0.00297
2018-10-26,894.27,898.75,-0.00498
2018-10-29,885.87,894.27,-0.00939
2018-10-30,859.3,885.87,-0.02999
2018-10-31,855.54,859.3,-0.00438
2018-11-01,859.35,855.54,0.00445
2018-11-02,855.04,859.35,-0.00502
2018-11-05,873.58,855.04,0.02168
2018-11-06,874.06,873.58,0.00055
2018-11-07,886.82,874.06,0.0146
2018-11-08,889.73,886.82,0.00328
2018-11-09,898.17,889.73,0.00949
2018-11-12,901.29,898.17,0.00347
2018-11-13,915.22,901.29,0.01546
2018-11-14,916.15,915.22,0.00102
2018-11-15,921.51,916.15,0.00585
2018-11-16,925.6,921.51,0.00444
2018-11-19,923.03,925.6,-0.00278
2018-11-20,927.51,923.03,0.00485
2018-11-21,950.68,927.51,0.02498
2018-11-22,948.23,950.68,-0.00258
2018-11-23,952.99,948.23,0.00502
2018-11-26,966.55,952.99,0.01423
2018-11-27,979.06,966.55,0.01294
2018-11-28,979.58,979.06,0.00053
2018-11-29,954.29,979.58,-0.02582
2018-11-30,960.1,954.29,0.00609
2018-12-03,937.04,960.1,-0.02402
2018-12-04,952.57,937.04,0.01657
2018-12-05,954.72,952.57,0.00226
2018-12-06,965.6,954.72,0.0114
2018-12-07,956.41,965.6,-0.00952
2018-12-10,940.46,956.41,-0.01668
2018-12-11,943.53,940.46,0.00326
2018-12-12,943.56,943.53,3e-05
2018-12-13,938.84,943.56,-0.005
2018-12-14,940.09,938.84,0.00133
2018-12-17,969.08,940.09,0.03084
2018-12-18,978.36,969.08,0.00958
2018-12-19,990.05,978.36,0.01195
2018-12-20,999.64,990.05,0.00969
2018-12-21,1016.3,999.64,0.01667
2018-12-24,1014.59,1016.3,-0.00168
2018-12-25,992.06,1014.59,-0.02221
2018-12-26,990.4,992.06,-0.00167
2018-12-27,999.64,990.4,0.00933
2018-12-28,989.37,999.64,-0.01027
2018-12-31,987.85,989.37,-0.00154
2019-01-01,980.73,987.85,-0.00721
2019-01-02,997.33,980.73,0.01693
2019-01-03,1005.95,997.33,0.00864
2019-01-04,1013.56,1005.95,0.00756
2019-01-07,1020.89,1013.56,0.00723
2019-01-08,1020.88,1020.89,-1e-05
2019-01-09,1023.51,1020.88,0.00258
2019-01-10,1010.58,1023.51,-0.01263
2019-01-11,986.68,1010.58,-0.02365
2019-01-14,988.7,986.68,0.00205
2019-01-15,992.62,988.7,0.00396
2019-01-16,1006.22,992.62,0.0137
2019-01-17,1024.01,1006.22,0.01768
2019-01-18,1013.02,1024.01,-0.01073
2019-01-21,1002.31,1013.02,-0.01057
2019-01-22,998.82,1002.31,-0.00348
2019-01-23,1004.5,998.82,0.00569
2019-01-24,1032.88,1004.5,0.02825
2019-01-25,1050.11,1032.88,0.01668
2019-01-28,1063.46,1050.11,0.01271
2019-01-29,1059.35,1063.46,-0.00386
2019-01-30,1049.48,1059.35,-0.00932
2019-01-31,1059.01,1049.48,0.00908
2019-02-01,1046.61,1059.01,-0.01171
2019-02-04,1044.28,1046.61,-0.00223
2019-02-05,1043.38,1044.28,-0.00086
2019-02-06,1062.08,1043.38,0.01792
2019-02-07,1058.36,1062.08,-0.0035
2019-02-08,1030.39,1058.36,-0.02643
2019-02-11,1036.52,1030.39,0.00595
2019-02-12,1028.96,1036.52,-0.00729
2019-02-13,1029.85,1028.96,0.00086
2019-02-14,1029.28,1029.85,-0.00055
2019-02-15,1026.6,1029.28,-0.0026
2019-02-18,1035.93,1026.6,0.00909
2019-02-19,1018.88,1035.93,-0.01646
2019-02-20,1013.49,1018.88,-0.00529
2019-02-21,1021.52,1013.49,0.00792
2019-02-22,987.17,1021.52,-0.03363
2019-02-25,970.1,987.17,-0.01729
2019-02-26,977.62,970.1,0.00775
2019-02-27,990.09,977.62,0.01276
2019-02-28,990.0,990.09,-9e-05
2019-03-01,969.04,990.0,-0.02117
2019-03-04,976.95,969.04,0.00816
2019-03-05,959.5,976.95,-0.01786
2019-03-06,963.15,959.5,0.0038
2019-03-07,954.13,963.15,-0.00937
2019-03-08,942.34,954.13,-0.01236
2019-03-11,938.13,942.34,-0.00447
2019-03-12,936.62,938.13,-0.00161
2019-03-13,930.36,936.62,-0.00668
2019-03-14,936.75,930.36,0.00687
2019-03-15,932.53,936.75,-0.0045
2019-03-18,942.96,932.53,0.01118
2019-03-19,946.25,942.96,0.00349
2019-03-20,939.37,946.25,-0.00727
2019-03-21,930.8,939.37,-0.00912
2019-03-22,914.3,930.8,-0.01773
2019-03-25,917.59,914.3,0.0036
2019-03-26,914.38,917.59,-0.0035
2019-03-27,890.89,914.38,-0.02569
2019-03-28,885.99,890.89,-0.0055
2019-03-29,877.56,885.99,-0.00951
2019-04-01,893.13,877.56,0.01774
2019-04-02,838.61,893.13,-0.06104
2019-04-03,825.65,838.61,-0.01545
2019-04-04,803.86,825.65,-0.02639
2019-04-05,816.18,803.86,0.01533
2019-04-08,809.82,816.18,-0.00779
2019-04-09,804.51,809.82,-0.00656
2019-04-10,810.29,804.51,0.00718
2019-04-11,789.87,810.29,-0.0252
2019-04-12,774.02,789.87,-0.02007
2019-04-15,771.93,774.02,-0.0027
2019-04-16,785.4,771.93,0.01745
2019-04-17,781.95,785.4,-0.00439
2019-04-18,783.14,781.95,0.00152
2019-04-19,793.22,783.14,0.01287
2019-04-22,811.92,793.22,0.02357
2019-04-23,807.09,811.92,-0.00595
2019-04-24,807.26,807.09,0.00021
2019-04-25,823.76,807.26,0.02044
2019-04-26,810.3,823.76,-0.01634
2019-04-29,819.78,810.3,0.0117
2019-04-30,810.93,819.78,-0.0108
2019-05-01,812.17,810.93,0.00153
2019-05-02,810.33,812.17,-0.00227
2019-05-03,802.11,810.33,-0.01014
2019-05-06,793.76,802.11,-0.01041
2019-05-07,796.49,793.76,0.00344
2019-05-08,805.53,796.49,0.01135
2019-05-09,804.7,805.53,-0.00103
2019-05-10,805.64,804.7,0.00117
2019-05-13,811.03,805.64,0.00669
2019-05-14,791.42,811.03,-0.02418
2019-05-15,798.17,791.42,0.00853
2019-05-16,805.69,798.17,0.00942
2019-05-17,829.08,805.69,0.02903
2019-05-20,825.98,829.08,-0.00374
2019-05-21,822.15,825.98,-0.00464
2019-05-22,829.44,822.15,0.00887
2019-05-23,837.24,829.44,0.0094
2019-05-24,832.65,837.24,-0.00548
2019-05-27,829.29,832.65,-0.00404
2019-05-28,834.56,829.29,0.00635
2019-05-29,827.29,834.56,-0.00871
2019-05-30,823.89,827.29,-0.00411
2019-05-31,825.03,823.89,0.00138
2019-06-03,834.4,825.03,0.01136
2019-06-04,829.18,834.4,-0.00626
2019-06-05,812.71,829.18,-0.01986
2019-06-06,795.9,812.71,-0.02068
2019-06-07,785.19,795.9,-0.01346
2019-06-10,774.16,785.19,-0.01405
2019-06-11,773.16,774.16,-0.00129
2019-06-12,763.36,773.16,-0.01268
2019-06-13,757.76,763.36,-0.00734
2019-06-14,751.61,757.76,-0.00812
2019-06-17,748.27,751.61,-0.00444
2019-06-18,759.45,748.27,0.01494
2019-06-19,753.93,759.45,-0.00727
2019-06-20,754.36,753.93,0.00057
2019-06-21,750.84,754.36,-0.00467
2019-06-24,747.56,750.84,-0.00437
2019-06-25,750.56,747.56,0.00401
2019-06-26,755.68,750.56,0.00682
2019-06-27,748.44,755.68,-0.00958
2019-06-28,749.04,748.44,0.0008
2019-07-01,732.6,749.04,-0.02195
2019-07-02,734.6,732.6,0.00273
2019-07-03,741.05,734.6,0.00878
2019-07-04,739.06,741.05,-0.00269
2019-07-05,754.13,739.06,0.02039
2019-07-08,747.12,754.13,-0.0093
2019-07-09,749.2,747.12,0.00278
2019-07-10,749.21,749.2,1e-05
2019-07-11,748.68,749.21,-0.00071
2019-07-12,748.04,748.68,-0.00085
2019-07-15,749.22,748.04,0.00158
2019-07-16,756.51,749.22,0.00973
2019-07-17,768.28,756.51,0.01556
2019-07-18,768.56,768.28,0.00036
2019-07-19,775.76,768.56,0.00937
2019-07-22,770.09,775.76,-0.00731
2019-07-23,776.88,770.09,0.00882
2019-07-24,770.68,776.88,-0.00798
2019-07-25,780.24,770.68,0.0124
2019-07-26,799.52,780.24,0.02471
2019-07-29,798.77,799.52,-0.00094
2019-07-30,779.82,798.77,-0.02372
2019-07-31,775.43,779.82,-0.00563
2019-08-01,786.25,775.43,0.01395
2019-08-02,791.35,786.25,0.00649
2019-08-05,793.83,791.35,0.00313
2019-08-06,802.96,793.83,0.0115
2019-08-07,778.55,802.96,-0.0304
2019-08-08,789.29,778.55,0.01379
2019-08-09,797.58,789.29,0.0105
2019-08-12,811.25,797.58,0.01714
2019-08-13,814.78,811.25,0.00435
2019-08-14,823.22,814.78,0.01036
2019-08-15,820.77,823.22,-0.00298
2019-08-16,815.66,820.77,-0.00623
2019-08-19,831.3,815.66,0.01917
2019-08-20,833.61,831.3,0.00278
2019-08-21,841.33,833.61,0.00926
2019-08-22,842.81,841.33,0.00176
2019-08-23,837.71,842.81,-0.00605
2019-08-26,838.15,837.71,0.00053
2019-08-27,851.72,838.15,0.01619
2019-08-28,857.26,851.72,0.0065
2019-08-29,841.47,857.26,-0.01842
2019-08-30,839.81,841.47,-0.00197
2019-09-02,856.61,839.81,0.02
2019-09-03,854.94,856.61,-0.00195
2019-09-04,838.35,854.94,-0.0194
2019-09-05,856.14,838.35,0.02122
2019-09-06,862.91,856.14,0.00791
2019-09-09,862.59,862.91,-0.00037
2019-09-10,859.41,862.59,-0.00369
2019-09-11,869.99,859.41,0.01231
2019-09-12,865.15,869.99,-0.00556
2019-09-13,876.42,865.15,0.01303
2019-09-16,882.0,876.42,0.00637
2019-09-17,884.73,882.0,0.0031
2019-09-18,886.5,884.73,0.002
2019-09-19,885.15,886.5,-0.00152
2019-09-20,895.68,885.15,0.0119
2019-09-23,887.51,895.68,-0.00912
2019-09-24,872.03,887.51,-0.01744
2019-09-25,878.28,872.03,0.00717
2019-09-26,884.73,878.28,0.00734
2019-09-27,889.75,884.73,0.00567
2019-09-30,894.1,889.75,0.00489
2019-10-01,891.31,894.1,-0.00312
2019-10-02,899.38,891.31,0.00905
2019-10-03,899.29,899.38,-0.0001
2019-10-04,894.83,899.29,-0.00496
2019-10-07,892.12,894.83,-0.00303
2019-10-08,912.31,892.12,0.02263
2019-10-09,895.26,912.31,-0.01869
2019-10-10,900.54,895.26,0.0059
2019-10-11,884.27,900.54,-0.01807
2019-10-14,883.57,884.27,-0.00079
2019-10-15,879.71,883.57,-0.00437
2019-10-16,859.88,879.71,-0.02254
2019-10-17,863.91,859.88,0.00469
2019-10-18,860.64,863.91,-0.00379
2019-10-21,841.11,860.64,-0.02269
2019-10-22,849.22,841.11,0.00964
2019-10-23,862.96,849.22,0.01618
2019-10-24,877.45,862.96,0.01679
2019-10-25,881.27,877.45,0.00435
2019-10-28,854.98,881.27,-0.02983
2019-10-29,867.81,854.98,0.01501
2019-10-30,884.22,867.81,0.01891
2019-10-31,895.6,884.22,0.01287
2019-11-01,872.95,895.6,-0.02529
2019-11-04,875.23,872.95,0.00261
2019-11-05,879.82,875.23,0.00524
2019-11-06,862.65,879.82,-0.01952
2019-11-07,867.45,862.65,0.00556
2019-11-08,889.49,867.45,0.02541
2019-11-11,896.11,889.49,0.00744
2019-11-12,910.99,896.11,0.01661
2019-11-13,913.19,910.99,0.00241
2019-11-14,912.82,913.19,-0.00041
2019-11-15,917.01,912.82,0.00459
2019-11-18,909.15,917.01,-0.00857
2019-11-19,899.87,909.15,-0.01021
2019-11-20,912.77,899.87,0.01434
2019-11-21,926.91,912.77,0.01549
2019-11-22,917.18,926.91,-0.0105
2019-11-25,927.31,917.18,0.01104
2019-11-26,926.79,927.31,-0.00056
2019-11-27,930.63,926.79,0.00414
2019-11-28,935.71,930.63,0.00546
2019-11-29,946.32,935.71,0.01134
2019-12-02,921.95,946.32,-0.02575
2019-12-03,936.62,921.95,0.01591
2019-12-04,940.18,936.62,0.0038
2019-12-05,947.01,940.18,0.00726
2019-12-06,938.71,947.01,-0.00876
2019-12-09,961.38,938.71,0.02415
2019-12-10,966.73,961.38,0.00556
2019-12-11,974.7,966.73,0.00824
2019-12-12,957.85,974.7,-0.01729
2019-12-13,949.56,957.85,-0.00865
2019-12-16,962.87,949.56,0.01402
2019-12-17,966.29,962.87,0.00355
2019-12-18,946.34,966.29,-0.02065
2019-12-19,957.52,946.34,0.01181
2019-12-20,952.18,957.52,-0.00558
2019-12-23,967.34,952.18,0.01592
2019-12-24,966.8,967.34,-0.00056
2019-12-25,969.36,966.8,0.00265
2019-12-26,982.32,969.36,0.01337
2019-12-27,973.01,982.32,-0.00948
2019-12-30,962.78,973.01,-0.01051
2019-12-31,961.08,962.78,-0.00177
2020-01-01,970.21,961.08,0.0095
2020-01-02,956.39,970.21,-0.01424
2020-01-03,939.23,956.39,-0.01794
2020-01-06,948.11,939.23,0.00945
2020-01-07,942.2,948.11,-0.00623
2020-01-08,938.52,942.2,-0.00391
2020-01-09,919.72,938.52,-0.02003
2020-01-10,913.22,919.72,-0.00707
2020-01-13,913.51,913.22,0.00032
2020-01-14,923.23,913.51,0.01064
2020-01-15,915.76,923.23,-0.00809
2020-01-16,932.82,915.76,0.01863
2020-01-17,926.17,932.82,-0.00713
2020-01-20,919.58,926.17,-0.00712
2020-01-21,935.5,919.58,0.01731
2020-01-22,938.05,935.5,0.00273
2020-01-23,932.73,938.05,-0.00567
2020-01-24,931.51,932.73,-0.00131
2020-01-27,945.75,931.51,0.01529
2020-01-28,961.38,945.75,0.01653
2020-01-29,953.13,961.38,-0.00858
2020-01-30,953.07,953.13,-6e-05
2020-01-31,954.39,953.07,0.00138
2020-02-03,944.42,954.39,-0.01045
2020-02-04,944.22,944.42,-0.00021
2020-02-05,944.65,944.22,0.00046
2020-02-06,956.88,944.65,0.01295
2020-02-07,969.97,956.88,0.01368
2020-02-10,966.85,969.97,-0.00322
2020-02-11,964.96,966.85,-0.00195
2020-02-12,972.39,964.96,0.0077
2020-02-13,966.52,972.39,-0.00604
2020-02-14,973.17,966.52,0.00688
2020-02-17,972.62,973.17,-0.00057
2020-02-18,962.63,972.62,-0.01027
2020-02-19,952.89,962.63,-0.01012
2020-02-20,968.44,952.89,0.01632
2020-02-21,967.16,968.44,-0.00132
2020-02-24,985.0,967.16,0.01845
2020-02-25,979.82,985.0,-0.00526
2020-02-26,983.35,979.82,0.0036
2020-02-27,1009.63,983.35,0.02672
2020-02-28,998.29,1009.63,-0.01123
2020-03-02,977.85,998.29,-0.02048
2020-03-03,992.08,977.85,0.01455
2020-03-04,983.45,992.08,-0.0087
2020-03-05,983.62,983.45,0.00017
2020-03-06,977.68,983.62,-0.00604
2020-03-09,980.95,977.68,0.00334
2020-03-10,971.09,980.95,-0.01005
2020-03-11,969.55,971.09,-0.00159
2020-03-12,974.74,969.55,0.00535
2020-03-13,964.32,974.74,-0.01069
2020-03-16,957.28,964.32,-0.0073
2020-03-17,954.0,957.28,-0.00343
2020-03-18,939.39,954.0,-0.01531
2020-03-19,935.4,939.39,-0.00425
2020-03-20,936.99,935.4,0.0017
2020-03-23,933.25,936.99,-0.00399
2020-03-24,930.84,933.25,-0.00258
2020-03-25,931.01,930.84,0.00018
2020-03-26,924.66,931.01,-0.00682
2020-03-27,932.06,924.66,0.008
2020-03-30,947.16,932.06,0.0162
2020-03-31,942.7,947.16,-0.00471
2020-04-01,948.11,942.7,0.00574
2020-04-02,945.99,948.11,-0.00224
2020-04-03,950.17,945.99,0.00442
2020-04-06,966.92,950.17,0.01763
2020-04-07,972.71,966.92,0.00599
2020-04-08,954.13,972.71,-0.0191
2020-04-09,959.27,954.13,0.00539
2020-04-10,972.67,959.27,0.01397
2020-04-13,970.68,972.67,-0.00205
2020-04-14,981.7,970.68,0.01135
2020-04-15,974.64,981.7,-0.00719
2020-04-16,959.11,974.64,-0.01593
2020-04-17,960.98,959.11,0.00195
2020-04-20,942.8,960.98,-0.01892
2020-04-21,940.69,942.8,-0.00224
2020-04-22,954.38,940.69,0.01455
2020-04-23,934.71,954.38,-0.02061
2020-04-24,921.93,934.71,-0.01367
2020-04-27,911.83,921.93,-0.01096
2020-04-28,911.56,911.83,-0.0003
2020-04-29,908.26,911.56,-0.00362
2020-04-30,918.67,908.26,0.01146
2020-05-01,928.69,918.67,0.01091
2020-05-04,934.12,928.69,0.00585
2020-05-05,935.99,934.12,0.002
2020-05-06,940.41,935.99,0.00472
2020-05-07,931.87,940.41,-0.00908
2020-05-08,941.03,931.87,0.00983
2020-05-11,929.89,941.03,-0.01184
2020-05-12,938.81,929.89,0.00959
2020-05-13,951.44,938.81,0.01345
2020-05-14,954.02,951.44,0.00271
2020-05-15,952.56,954.02,-0.00153
2020-05-18,957.13,952.56,0.0048
2020-05-19,927.39,957.13,-0.03107
2020-05-20,930.84,927.39,0.00372
2020-05-21,930.05,930.84,-0.00085
2020-05-22,929.91,930.05,-0.00015
2020-05-25,937.51,929.91,0.00817
2020-05-26,937.11,937.51,-0.00043
2020-05-27,925.73,937.11,-0.01214
2020-05-28,924.66,925.73,-0.00116
2020-05-29,925.72,924.66,0.00115
2020-06-01,927.26,925.72,0.00166
2020-06-02,929.28,927.26,0.00218
2020-06-03,940.28,929.28,0.01184
2020-06-04,929.42,940.28,-0.01155
2020-06-05,931.59,929.42,0.00233
2020-06-08,945.18,931.59,0.01459
2020-06-09,927.52,945.18,-0.01868
2020-06-10,929.73,927.52,0.00238
2020-06-11,924.11,929.73,-0.00604
2020-06-12,920.71,924.11,-0.00368
2020-06-15,911.92,920.71,-0.00955
2020-06-16,910.58,911.92,-0.00147
2020-06-17,929.39,910.58,0.02066
2020-06-18,916.83,929.39,-0.01351
2020-06-19,905.41,916.83,-0.01246
2020-06-22,892.8,905.41,-0.01393
2020-06-23,910.12,892.8,0.0194
2020-06-24,905.86,910.12,-0.00468
2020-06-25,905.97,905.86,0.00012
2020-06-26,902.31,905.97,-0.00404
2020-06-29,893.3,902.31,-0.00999
2020-06-30,891.35,893.3,-0.00218
2020-07-01,915.81,891.35,0.02744
2020-07-02,930.2,915.81,0.01571
2020-07-03,921.84,930.2,-0.00899
2020-07-06,928.78,921.84,0.00753
2020-07-07,920.65,928.78,-0.00875
2020-07-08,903.03,920.65,-0.01914
2020-07-09,913.52,903.03,0.01162
2020-07-10,925.54,913.52,0.01316
2020-07-13,936.56,925.54,0.01191
2020-07-14,932.1,936.56,-0.00476
2020-07-15,930.76,932.1,-0.00144
2020-07-16,938.81,930.76,0.00865
2020-07-17,943.23,938.81,0.00471
2020-07-20,939.52,943.23,-0.00393
2020-07-21,923.16,939.52,-0.01741
2020-07-22,924.69,923.16,0.00166
2020-07-23,936.03,924.69,0.01226
2020-07-24,924.08,936.03,-0.01277
2020-07-27,930.94,924.08,0.00742
2020-07-28,934.71,930.94,0.00405
2020-07-29,942.79,934.71,0.00864
2020-07-30,952.21,942.79,0.00999
2020-07-31,945.32,952.21,-0.00724
2020-08-03,928.88,945.32,-0.01739
2020-08-04,923.81,928.88,-0.00546
2020-08-05,933.21,923.81,0.01018
2020-08-06,928.02,933.21,-0.00556
2020-08-07,921.31,928.02,-0.00723
2020-08-10,903.22,921.31,-0.01964
2020-08-11,920.99,903.22,0.01967
2020-08-12,929.72,920.99,0.00948
2020-08-13,937.97,929.72,0.00887
2020-08-14,948.33,937.97,0.01105
2020-08-17,954.72,948.33,0.00674
2020-08-18,952.54,954.72,-0.00228
2020-08-19,951.21,952.54,-0.0014
2020-08-20,947.11,951.21,-0.00431
2020-08-21,974.94,947.11,0.02938
2020-08-24,981.29,974.94,0.00651
2020-08-25,976.68,981.29,-0.0047
2020-08-26,982.07,976.68,0.00552
2020-08-27,971.54,982.07,-0.01072
2020-08-28,988.01,971.54,0.01695
2020-08-31,981.22,988.01,-0.00687
2020-09-01,987.02,981.22,0.00591
2020-09-02,998.99,987.02,0.01213
2020-09-03,1003.62,998.99,0.00463
2020-09-04,1005.06,1003.62,0.00143
2020-09-07,1005.58,1005.06,0.00052
2020-09-08,1005.36,1005.58,-0.00022
2020-09-09,999.39,1005.36,-0.00594
2020-09-10,994.84,999.39,-0.00455
2020-09-11,1011.43,994.84,0.01668
2020-09-14,1010.63,1011.43,-0.00079
2020-09-15,1002.3,1010.63,-0.00824
2020-09-16,997.01,1002.3,-0.00528
2020-09-17,1009.47,997.01,0.0125
2020-09-18,1017.38,1009.47,0.00784
2020-09-21,1024.06,1017.38,0.00657
2020-09-22,1021.57,1024.06,-0.00243
2020-09-23,1028.42,1021.57,0.00671
2020-09-24,1021.55,1028.42,-0.00668
2020-09-25,1019.04,1021.55,-0.00246
2020-09-28,1030.32,1019.04,0.01107
2020-09-29,1040.64,1030.32,0.01002
2020-09-30,1029.82,1040.64,-0.0104
2020-10-01,1020.54,1029.82,-0.00901
2020-10-02,1022.17,1020.54,0.0016
2020-10-05,1041.98,1022.17,0.01938
2020-10-06,1020.44,1041.98,-0.02067
2020-10-07,1023.98,1020.44,0.00347
2020-10-08,1008.89,1023.98,-0.01474
2020-10-09,1002.25,1008.89,-0.00658
2020-10-12,998.63,1002.25,-0.00361
2020-10-13,994.41,998.63,-0.00423
2020-10-14,988.97,994.41,-0.00547
2020-10-15,989.45,988.97,0.00049
2020-10-16,984.02,989.45,-0.00549
2020-10-19,968.58,984.02,-0.01569
2020-10-20,977.28,968.58,0.00898
2020-10-21,985.76,977.28,0.00868
2020-10-22,995.3,985.76,0.00968
2020-10-23,978.83,995.3,-0.01655
2020-10-26,966.67,978.83,-0.01242
2020-10-27,923.21,966.67,-0.04496
2020-10-28,913.11,923.21,-0.01094
2020-10-29,913.57,913.11,0.0005
2020-10-30,912.76,913.57,-0.00089
2020-11-02,931.62,912.76,0.02066
2020-11-03,951.72,931.62,0.02158
2020-11-04,934.68,951.72,-0.0179
2020-11-05,960.69,934.68,0.02783
2020-11-06,951.4,960.69,-0.00967
2020-11-09,962.05,951.4,0.01119
2020-11-10,947.08,962.05,-0.01556
2020-11-11,937.08,947.08,-0.01056
2020-11-12,942.54,937.08,0.00583
2020-11-13,941.8,942.54,-0.00079
2020-11-16,947.92,941.8,0.0065
2020-11-17,950.71,947.92,0.00294
2020-11-18,963.6,950.71,0.01356
2020-11-19,964.78,963.6,0.00122
2020-11-20,963.39,964.78,-0.00144
2020-11-23,975.39,963.39,0.01246
2020-11-24,982.01,975.39,0.00679
2020-11-25,997.72,982.01,0.016
2020-11-26,990.83,997.72,-0.00691
2020-11-27,979.83,990.83,-0.0111
2020-11-30,974.1,979.83,-0.00585
2020-12-01,967.84,974.1,-0.00643
2020-12-02,976.6,967.84,0.00905
2020-12-03,987.47,976.6,0.01113
2020-12-04,986.18,987.47,-0.00131
2020-12-07,1002.1,986.18,0.01614
2020-12-08,1017.59,1002.1,0.01546
2020-12-09,1020.72,1017.59,0.00308
2020-12-10,1011.9,1020.72,-0.00864
2020-12-11,1029.84,1011.9,0.01773
2020-12-14,1029.56,1029.84,-0.00027
2020-12-15,1031.4,1029.56,0.00179
2020-12-16,1027.96,1031.4,-0.00334
2020-12-17,1018.31,1027.96,-0.00939
2020-12-18,1002.26,1018.31,-0.01576
2020-12-21,1009.64,1002.26,0.00736
2020-12-22,1001.35,1009.64,-0.00821
2020-12-23,1035.45,1001.35,0.03405
2020-12-24,1023.49,1035.45,-0.01155
2020-12-25,1009.74,1023.49,-0.01343
2020-12-28,1015.81,1009.74,0.00601
2020-12-29,1033.31,1015.81,0.01723
2020-12-30,1034.46,1033.31,0.00111
2020-12-31,1041.38,1034.46,0.00669
2021-01-01,1020.68,1041.38,-0.01988
2021-01-04,1013.48,1020.68,-0.00705
2021-01-05,1001.92,1013.48,-0.01141
2021-01-06,981.43,1001.92,-0.02045
2021-01-07,983.09,981.43,0.00169
2021-01-08,959.23,983.09,-0.02427
2021-01-11,945.66,959.23,-0.01415
2021-01-12,940.45,945.66,-0.00551
2021-01-13,932.23,940.45,-0.00874
2021-01-14,936.67,932.23,0.00476
2021-01-15,940.19,936.67,0.00376
2021-01-18,949.81,940.19,0.01023
2021-01-19,958.05,949.81,0.00868
2021-01-20,970.45,958.05,0.01294
2021-01-21,970.82,970.45,0.00038
2021-01-22,974.45,970.82,0.00374
2021-01-25,980.32,974.45,0.00602
2021-01-26,982.24,980.32,0.00196
2021-01-27,978.35,982.24,-0.00396
2021-01-28,975.16,978.35,-0.00326
2021-01-29,966.78,975.16,-0.00859
2021-02-01,971.65,966.78,0.00504
2021-02-02,971.03,971.65,-0.00064
2021-02-03,964.34,971.03,-0.00689
2021-02-04,957.7,964.34,-0.00689
2021-02-05,945.33,957.7,-0.01292
2021-02-08,955.89,945.33,0.01117
2021-02-09,957.1,955.89,0.00127
2021-02-10,948.4,957.1,-0.00909
2021-02-11,957.21,948.4,0.00929
2021-02-12,951.69,957.21,-0.00577
2021-02-15,937.35,951.69,-0.01507
2021-02-16,948.25,937.35,0.01163
2021-02-17,943.03,948.25,-0.0055
2021-02-18,939.17,943.03,-0.00409
2021-02-19,939.97,939.17,0.00085
2021-02-22,952.16,939.97,0.01297
2021-02-23,952.75,952.16,0.00062
2021-02-24,940.56,952.75,-0.01279
2021-02-25,946.56,940.56,0.00638
2021-02-26,941.89,946.56,-0.00493
2021-03-01,961.83,941.89,0.02117
2021-03-02,962.2,961.83,0.00038
2021-03-03,938.93,962.2,-0.02418
2021-03-04,943.0,938.93,0.00433
2021-03-05,963.55,943.0,0.02179
2021-03-08,980.64,963.55,0.01774
2021-03-09,1000.78,980.64,0.02054
2021-03-10,989.95,1000.78,-0.01082
2021-03-11,1000.28,989.95,0.01043
2021-03-12,992.74,1000.28,-0.00754
2021-03-15,995.58,992.74,0.00286
2021-03-16,982.04,995.58,-0.0136
2021-03-17,975.47,982.04,-0.00669
2021-03-18,968.61,975.47,-0.00703
2021-03-19,978.57,968.61,0.01028
2021-03-22,987.58,978.57,0.00921
2021-03-23,990.98,987.58,0.00344
2021-03-24,976.66,990.98,-0.01445
2021-03-25,973.7,976.66,-0.00303
2021-03-26,966.1,973.7,-0.00781
2021-03-29,982.08,966.1,0.01654
2021-03-30,995.2,982.08,0.01336
2021-03-31,1007.16,995.2,0.01202
2021-04-01,999.19,1007.16,-0.00791
2021-04-02,969.48,999.19,-0.02973
2021-04-05,951.03,969.48,-0.01903
2021-04-06,966.28,951.03,0.01604
2021-04-07,962.4,966.28,-0.00402
2021-04-08,954.84,962.4,-0.00786
2021-04-09,972.47,954.84,0.01846
2021-04-12,986.4,972.47,0.01432
2021-04-13,987.06,986.4,0.00067
2021-04-14,984.27,987.06,-0.00283
2021-04-15,983.23,984.27,-0.00106
2021-04-16,986.08,983.23,0.0029
2021-04-19,1003.83,986.08,0.018
2021-04-20,1008.9,1003.83,0.00505
2021-04-21,1017.36,1008.9,0.00839
2021-04-22,1030.85,1017.36,0.01326
2021-04-23,1018.0,1030.85,-0.01247
2021-04-26,1026.86,1018.0,0.0087
2021-04-27,1023.94,1026.86,-0.00284
2021-04-28,996.01,1023.94,-0.02728
2021-04-29,973.09,996.01,-0.02301
2021-04-30,962.59,973.09,-0.01079
2021-05-03,968.6,962.59,0.00624
2021-05-04,970.19,968.6,0.00164
2021-05-05,972.55,970.19,0.00243
2021-05-06,993.81,972.55,0.02186
2021-05-07,980.33,993.81,-0.01356
2021-05-10,980.43,980.33,0.0001
2021-05-11,984.11,980.43,0.00375
2021-05-12,976.53,984.11,-0.0077
2021-05-13,977.22,976.53,0.00071
2021-05-14,960.42,977.22,-0.01719
2021-05-17,975.7,960.42,0.01591
2021-05-18,968.77,975.7,-0.0071
2021-05-19,990.81,968.77,0.02275
2021-05-20,990.85,990.81,4e-05
2021-05-21,1002.45,990.85,0.01171
2021-05-24,1002.26,1002.45,-0.00019
2021-05-25,1002.33,1002.26,7e-05
2021-05-26,996.29,1002.33,-0.00603
2021-05-27,997.99,996.29,0.00171
2021-05-28,1001.88,997.99,0.0039
2021-05-31,993.64,1001.88,-0.00822
2021-06-01,992.67,993.64,-0.00098
2021-06-02,986.4,992.67,-0.00632
2021-06-03,1011.75,986.4,0.0257
2021-06-04,1011.16,1011.75,-0.00058
2021-06-07,1028.75,1011.16,0.0174
2021-06-08,1026.95,1028.75,-0.00175
2021-06-09,1030.29,1026.95,0.00325
2021-06-10,1015.72,1030.29,-0.01414
2021-06-11,1011.13,1015.72,-0.00452
2021-06-14,1013.88,1011.13,0.00272
2021-06-15,1031.97,1013.88,0.01784
2021-06-16,1021.62,1031.97,-0.01003
2021-06-17,1037.58,1021.62,0.01562
2021-06-18,1045.3,1037.58,0.00744
2021-06-21,1064.44,1045.3,0.01831
2021-06-22,1064.17,1064.44,-0.00025
2021-06-23,1092.57,1064.17,0.02669
2021-06-24,1087.18,1092.57,-0.00493
2021-06-25,1078.45,1087.18,-0.00803
2021-06-28,1064.52,1078.45,-0.01292
2021-06-29,1092.25,1064.52,0.02605
2021-06-30,1102.53,1092.25,0.00941
2021-07-01,1098.92,1102.53,-0.00327
2021-07-02,1114.45,1098.92,0.01413
2021-07-05,1123.33,1114.45,0.00797
2021-07-06,1148.07,1123.33,0.02202
2021-07-07,1128.99,1148.07,-0.01662
2021-07-08,1126.14,1128.99,-0.00252
2021-07-09,1120.86,1126.14,-0.00469
2021-07-12,1096.98,1120.86,-0.02131
2021-07-13,1110.21,1096.98,0.01206
2021-07-14,1107.35,1110.21,-0.00258
2021-07-15,1116.8,1107.35,0.00853
2021-07-16,1146.24,1116.8,0.02636
2021-07-19,1142.25,1146.24,-0.00348
2021-07-20,1137.41,1142.25,-0.00424
2021-07-21,1139.35,1137.41,0.00171
2021-07-22,1152.18,1139.35,0.01126
2021-07-23,1145.46,1152.18,-0.00583
2021-07-26,1137.97,1145.46,-0.00654
2021-07-27,1151.65,1137.97,0.01202
2021-07-28,1156.91,1151.65,0.00457
2021-07-29,1131.35,1156.91,-0.02209
2021-07-30,1116.56,1131.35,-0.01307
2021-08-02,1135.44,1116.56,0.01691
2021-08-03,1140.92,1135.44,0.00483
2021-08-04,1131.81,1140.92,-0.00798
2021-08-05,1130.14,1131.81,-0.00148
2021-08-06,1130.75,1130.14,0.00054
2021-08-09,1140.36,1130.75,0.0085
2021-08-10,1123.78,1140.36,-0.01454
2021-08-11,1113.83,1123.78,-0.00885
2021-08-12,1117.62,1113.83,0.0034
2021-08-13,1116.84,1117.62,-0.0007
2021-08-16,1124.31,1116.84,0.00669
2021-08-17,1109.56,1124.31,-0.01312
2021-08-18,1114.36,1109.56,0.00433
2021-08-19,1128.18,1114.36,0.0124
2021-08-20,1134.68,1128.18,0.00576
2021-08-23,1136.87,1134.68,0.00193
2021-08-24,1136.12,1136.87,-0.00066
2021-08-25,1126.14,1136.12,-0.00878
2021-08-26,1125.7,1126.14,-0.00039
2021-08-27,1141.75,1125.7,0.01426
2021-08-30,1140.71,1141.75,-0.00091
2021-08-31,1130.0,1140.71,-0.00939
2021-09-01,1124.34,1130.0,-0.00501
2021-09-02,1127.27,1124.34,0.00261
2021-09-03,1123.09,1127.27,-0.00371
2021-09-06,1129.54,1123.09,0.00574
2021-09-07,1136.48,1129.54,0.00614
2021-09-08,1148.05,1136.48,0.01018
2021-09-09,1166.49,1148.05,0.01606
2021-09-10,1179.73,1166.49,0.01135
2021-09-13,1168.08,1179.73,-0.00988
2021-09-14,1156.94,1168.08,-0.00954
2021-09-15,1156.44,1156.94,-0.00043
2021-09-16,1151.16,1156.44,-0.00457
2021-09-17,1137.21,1151.16,-0.01212
2021-09-20,1132.14,1137.21,-0.00446
2021-09-21,1126.68,1132.14,-0.00482
2021-09-22,1118.8,1126.68,-0.00699
2021-09-23,1115.37,1118.8,-0.00307
2021-09-24,1130.27,1115.37,0.01336
2021-09-27,1133.2,1130.27,0.00259
2021-09-28,1164.46,1133.2,0.02759
2021-09-29,1167.11,1164.46,0.00228
2021-09-30,1163.86,1167.11,-0.00278
2021-10-01,1164.37,1163.86,0.00044
2021-10-04,1168.13,1164.37,0.00323
2021-10-05,1174.19,1168.13,0.00519
2021-10-06,1201.48,1174.19,0.02324
2021-10-07,1190.79,1201.48,-0.0089
2021-10-08,1202.52,1190.79,0.00985
2021-10-11,1205.74,1202.52,0.00268
2021-10-12,1185.39,1205.74,-0.01688
2021-10-13,1195.91,1185.39,0.00887
2021-10-14,1213.07,1195.91,0.01435
2021-10-15,1202.11,1213.07,-0.00903
2021-10-18,1202.48,1202.11,0.00031
2021-10-19,1180.14,1202.48,-0.01858
2021-10-20,1164.27,1180.14,-0.01345
2021-10-21,1178.15,1164.27,0.01192
2021-10-22,1172.58,1178.15,-0.00473
2021-10-25,1158.75,1172.58,-0.01179
2021-10-26,1131.18,1158.75,-0.02379
2021-10-27,1125.13,1131.18,-0.00535
2021-10-28,1119.75,1125.13,-0.00478
2021-10-29,1129.31,1119.75,0.00854
2021-11-01,1115.33,1129.31,-0.01238
2021-11-02,1104.67,1115.33,-0.00956
2021-11-03,1106.98,1104.67,0.00209
2021-11-04,1119.23,1106.98,0.01107
2021-11-05,1134.92,1119.23,0.01402
2021-11-08,1127.07,1134.92,-0.00692
2021-11-09,1139.14,1127.07,0.01071
2021-11-10,1129.77,1139.14,-0.00823
2021-11-11,1152.92,1129.77,0.02049
2021-11-12,1139.0,1152.92,-0.01207
2021-11-15,1156.1,1139.0,0.01501
2021-11-16,1148.22,1156.1,-0.00682
2021-11-17,1174.1,1148.22,0.02254
2021-11-18,1182.21,1174.1,0.00691
2021-11-19,1169.47,1182.21,-0.01078
2021-11-22,1163.22,1169.47,-0.00534
2021-11-23,1173.68,1163.22,0.00899
2021-11-24,1187.74,1173.68,0.01198
2021-11-25,1187.29,1187.74,-0.00038
2021-11-26,1188.35,1187.29,0.00089
2021-11-29,1198.74,1188.35,0.00874
2021-11-30,1200.95,1198.74,0.00184
2021-12-01,1184.35,1200.95,-0.01382
2021-12-02,1174.23,1184.35,-0.00854
2021-12-03,1177.74,1174.23,0.00299
2021-12-06,1193.95,1177.74,0.01376
2021-12-07,1215.66,1193.95,0.01818
2021-12-08,1226.57,1215.66,0.00897
2021-12-09,1230.93,1226.57,0.00355
2021-12-10,1241.56,1230.93,0.00864
2021-12-13,1208.83,1241.56,-0.02636
2021-12-14,1207.27,1208.83,-0.00129
2021-12-15,1196.81,1207.27,-0.00866
2021-12-16,1180.85,1196.81,-0.01334
2021-12-17,1185.66,1180.85,0.00407
2021-12-20,1188.55,1185.66,0.00244
2021-12-21,1198.02,1188.55,0.00797
2021-12-22,1205.69,1198.02,0.0064
2021-12-23,1209.39,1205.69,0.00307
2021-12-24,1217.28,1209.39,0.00652
2021-12-27,1217.2,1217.28,-7e-05
2021-12-28,1180.35,1217.2,-0.03027
2021-12-29,1171.4,1180.35,-0.00758
2021-12-30,1176.63,1171.4,0.00446
2021-12-31,1185.75,1176.63,0.00775
2022-01-03,1177.49,1185.75,-0.00697
2022-01-04,1178.63,1177.49,0.00097
2022-01-05,1171.02,1178.63,-0.00646
2022-01-06,1164.71,1171.02,-0.00539
2022-01-07,1150.76,1164.71,-0.01198
2022-01-10,1167.24,1150.76,0.01432
2022-01-11,1181.39,1167.24,0.01212
2022-01-12,1188.85,1181.39,0.00631
2022-01-13,1215.12,1188.85,0.0221
2022-01-14,1213.07,1215.12,-0.00169
2022-01-17,1254.01,1213.07,0.03375
2022-01-18,1251.38,1254.01,-0.0021
2022-01-19,1255.39,1251.38,0.0032
2022-01-20,1250.4,1255.39,-0.00397
2022-01-21,1256.02,1250.4,0.00449
2022-01-24,1268.07,1256.02,0.00959
2022-01-25,1266.99,1268.07,-0.00085
2022-01-26,1292.25,1266.99,0.01994
2022-01-27,1296.17,1292.25,0.00303
2022-01-28,1300.55,1296.17,0.00338
2022-01-31,1288.06,1300.55,-0.0096
2022-02-01,1294.51,1288.06,0.00501
2022-02-02,1293.12,1294.51,-0.00107
2022-02-03,1284.98,1293.12,-0.00629
2022-02-04,1274.52,1284.98,-0.00814
2022-02-07,1312.49,1274.52,0.02979
2022-02-08,1309.21,1312.49,-0.0025
2022-02-09,1288.75,1309.21,-0.01563
2022-02-10,1279.37,1288.75,-0.00728
2022-02-11,1279.15,1279.37,-0.00017
2022-02-14,1287.36,1279.15,0.00642
2022-02-15,1295.73,1287.36,0.0065
2022-02-16,1305.89,1295.73,0.00784
2022-02-17,1297.15,1305.89,-0.00669
2022-02-18,1302.53,1297.15,0.00415
2022-02-21,1290.49,1302.53,-0.00924
2022-02-22,1282.21,1290.49,-0.00642
2022-02-23,1269.78,1282.21,-0.00969
2022-02-24,1253.69,1269.78,-0.01267
2022-02-25,1268.87,1253.69,0.01211
2022-02-28,1278.99,1268.87,0.00798
2022-03-01,1293.24,1278.99,0.01114
2022-03-02,1294.32,1293.24,0.00084
2022-03-03,1305.9,1294.32,0.00895
2022-03-04,1281.12,1305.9,-0.01898
2022-03-07,1293.79,1281.12,0.00989
2022-03-08,1296.83,1293.79,0.00235
2022-03-09,1306.3,1296.83,0.0073
2022-03-10,1312.28,1306.3,0.00458
2022-03-11,1249.94,1312.28,-0.04751
2022-03-14,1229.85,1249.94,-0.01607
2022-03-15,1220.7,1229.85,-0.00744
2022-03-16,1228.78,1220.7,0.00662
2022-03-17,1238.6,1228.78,0.00799
2022-03-18,1220.46,1238.6,-0.01465
2022-03-21,1207.77,1220.46,-0.0104
2022-03-22,1198.65,1207.77,-0.00755
2022-03-23,1194.42,1198.65,-0.00353
2022-03-24,1177.0,1194.42,-0.01458
2022-03-25,1159.06,1177.0,-0.01524
2022-03-28,1149.04,1159.06,-0.00864
2022-03-29,1150.59,1149.04,0.00135
2022-03-30,1136.11,1150.59,-0.01258
2022-03-31,1135.12,1136.11,-0.00087
2022-04-01,1148.79,1135.12,0.01204
2022-04-04,1132.8,1148.79,-0.01392
2022-04-05,1130.68,1132.8,-0.00187
2022-04-06,1143.88,1130.68,0.01167
2022-04-07,1139.07,1143.88,-0.0042
2022-04-08,1132.34,1139.07,-0.00591
2022-04-11,1147.28,1132.34,0.01319
2022-04-12,1143.88,1147.28,-0.00296
2022-04-13,1158.23,1143.88,0.01255
2022-04-14,1164.16,1158.23,0.00512
2022-04-15,1160.24,1164.16,-0.00337
2022-04-18,1166.82,1160.24,0.00567
2022-04-19,1171.4,1166.82,0.00393
2022-04-20,1185.03,1171.4,0.01164
2022-04-21,1178.35,1185.03,-0.00564
2022-04-22,1179.36,1178.35,0.00086
2022-04-25,1179.03,1179.36,-0.00028
2022-04-26,1188.64,1179.03,0.00815
2022-04-27,1175.71,1188.64,-0.01088
2022-04-28,1189.33,1175.71,0.01158
2022-04-29,1195.91,1189.33,0.00553
2022-05-02,1179.06,1195.91,-0.01409
2022-05-03,1195.2,1179.06,0.01369
2022-05-04,1225.05,1195.2,0.02497
2022-05-05,1239.04,1225.05,0.01142
2022-05-06,1258.99,1239.04,0.0161
2022-05-09,1260.67,1258.99,0.00133
2022-05-10,1238.14,1260.67,-0.01787
2022-05-11,1213.52,1238.14,-0.01988
2022-05-12,1217.41,1213.52,0.00321
2022-05-13,1209.97,1217.41,-0.00611
2022-05-16,1198.28,1209.97,-0.00966
2022-05-17,1197.93,1198.28,-0.00029
2022-05-18,1206.52,1197.93,0.00717
2022-05-19,1187.72,1206.52,-0.01558
2022-05-20,1182.33,1187.72,-0.00454
2022-05-23,1202.44,1182.33,0.01701
2022-05-24,1188.7,1202.44,-0.01143
2022-05-25,1200.55,1188.7,0.00997
2022-05-26,1194.63,1200.55,-0.00493
2022-05-27,1178.57,1194.63,-0.01344
2022-05-30,1193.27,1178.57,0.01247
2022-05-31,1203.47,1193.27,0.00855
2022-06-01,1215.99,1203.47,0.0104
2022-06-02,1201.07,1215.99,-0.01227
2022-06-03,1216.27,1201.07,0.01266
2022-06-06,1205.35,1216.27,-0.00898
2022-06-07,1209.27,1205.35,0.00325
2022-06-08,1213.19,1209.27,0.00324
2022-06-09,1220.15,1213.19,0.00574
2022-06-10,1225.16,1220.15,0.00411
2022-06-13,1214.28,1225.16,-0.00888
2022-06-14,1196.73,1214.28,-0.01445
2022-06-15,1208.69,1196.73,0.00999
2022-06-16,1211.65,1208.69,0.00245
2022-06-17,1227.45,1211.65,0.01304
2022-06-20,1227.34,1227.45,-9e-05
2022-06-21,1208.86,1227.34,-0.01506
2022-06-22,1222.19,1208.86,0.01103
2022-06-23,1217.7,1222.19,-0.00367
2022-06-24,1222.77,1217.7,0.00416
2022-06-27,1214.55,1222.77,-0.00672
2022-06-28,1237.0,1214.55,0.01848
2022-06-29,1225.57,1237.0,-0.00924
2022-06-30,1221.51,1225.57,-0.00331
2022-07-01,1208.52,1221.51,-0.01063
2022-07-04,1194.49,1208.52,-0.01161
2022-07-05,1199.31,1194.49,0.00404
2022-07-06,1221.05,1199.31,0.01813
2022-07-07,1214.95,1221.05,-0.005
2022-07-08,1220.72,1214.95,0.00475
2022-07-11,1184.29,1220.72,-0.02984
2022-07-12,1184.26,1184.29,-3e-05
2022-07-13,1180.65,1184.26,-0.00305
2022-07-14,1170.5,1180.65,-0.0086
2022-07-15,1184.89,1170.5,0.01229
2022-07-18,1181.11,1184.89,-0.00319
2022-07-19,1179.28,1181.11,-0.00155
2022-07-20,1174.85,1179.28,-0.00376
2022-07-21,1150.55,1174.85,-0.02068
2022-07-22,1136.69,1150.55,-0.01205
2022-07-25,1149.16,1136.69,0.01097
2022-07-26,1122.95,1149.16,-0.02281
2022-07-27,1113.93,1122.95,-0.00803
2022-07-28,1109.48,1113.93,-0.00399
2022-07-29,1131.2,1109.48,0.01958
2022-08-01,1141.22,1131.2,0.00886
2022-08-02,1134.68,1141.22,-0.00573
2022-08-03,1151.42,1134.68,0.01475
2022-08-04,1142.5,1151.42,-0.00775
2022-08-05,1155.64,1142.5,0.0115
2022-08-08,1138.82,1155.64,-0.01455
2022-08-09,1152.72,1138.82,0.01221
2022-08-10,1148.04,1152.72,-0.00406
2022-08-11,1135.51,1148.04,-0.01091
2022-08-12,1133.25,1135.51,-0.00199
2022-08-15,1137.16,1133.25,0.00345
2022-08-16,1107.79,1137.16,-0.02583
2022-08-17,1114.98,1107.79,0.00649
2022-08-18,1108.27,1114.98,-0.00602
2022-08-19,1116.28,1108.27,0.00723
2022-08-22,1122.16,1116.28,0.00527
2022-08-23,1121.85,1122.16,-0.00028
2022-08-24,1116.86,1121.85,-0.00445
2022-08-25,1119.16,1116.86,0.00206
2022-08-26,1126.39,1119.16,0.00646
2022-08-29,1152.38,1126.39,0.02307
2022-08-30,1164.75,1152.38,0.01073
2022-08-31,1177.72,1164.75,0.01114
2022-09-01,1218.21,1177.72,0.03438
2022-09-02,1225.61,1218.21,0.00607
2022-09-05,1232.63,1225.61,0.00573
2022-09-06,1242.67,1232.63,0.00815
2022-09-07,1229.37,1242.67,-0.0107
2022-09-08,1223.86,1229.37,-0.00448
2022-09-09,1217.54,1223.86,-0.00516
2022-09-12,1226.7,1217.54,0.00752
2022-09-13,1202.45,1226.7,-0.01977
2022-09-14,1204.76,1202.45,0.00192
2022-09-15,1219.65,1204.76,0.01236
2022-09-16,1231.72,1219.65,0.0099
2022-09-19,1230.02,1231.72,-0.00138
2022-09-20,1221.45,1230.02,-0.00697
2022-09-21,1237.19,1221.45,0.01289
2022-09-22,1248.22,1237.19,0.00892
2022-09-23,1226.66,1248.22,-0.01727
2022-09-26,1222.93,1226.66,-0.00304
2022-09-27,1225.64,1222.93,0.00222
2022-09-28,1236.63,1225.64,0.00897
2022-09-29,1249.51,1236.63,0.01042
2022-09-30,1253.91,1249.51,0.00352
2022-10-03,1262.48,1253.91,0.00683
2022-10-04,1263.88,1262.48,0.00111
2022-10-05,1255.02,1263.88,-0.00701
2022-10-06,1251.91,1255.02,-0.00248
2022-10-07,1252.67,1251.91,0.00061
2022-10-10,1252.7,1252.67,2e-05
2022-10-11,1227.21,1252.7,-0.02035
2022-10-12,1222.34,1227.21,-0.00397
2022-10-13,1223.58,1222.34,0.00101
2022-10-14,1220.29,1223.58,-0.00269
2022-10-17,1217.46,1220.29,-0.00232
2022-10-18,1224.48,1217.46,0.00577
2022-10-19,1210.44,1224.48,-0.01147
2022-10-20,1189.25,1210.44,-0.01751
2022-10-21,1185.17,1189.25,-0.00343
2022-10-24,1195.61,1185.17,0.00881
2022-10-25,1218.28,1195.61,0.01896
2022-10-26,1229.25,1218.28,0.009
2022-10-27,1209.88,1229.25,-0.01576
2022-10-28,1207.28,1209.88,-0.00215
2022-10-31,1211.17,1207.28,0.00322
2022-11-01,1214.02,1211.17,0.00235
2022-11-02,1221.7,1214.02,0.00633
2022-11-03,1209.87,1221.7,-0.00968
2022-11-04,1211.22,1209.87,0.00112
2022-11-07,1217.3,1211.22,0.00502
2022-11-08,1228.85,1217.3,0.00949
2022-11-09,1218.45,1228.85,-0.00846
2022-11-10,1214.31,1218.45,-0.0034
2022-11-11,1178.68,1214.31,-0.02934
2022-11-14,1171.09,1178.68,-0.00644
2022-11-15,1164.8,1171.09,-0.00537
2022-11-16,1152.21,1164.8,-0.01081
2022-11-17,1154.77,1152.21,0.00222
2022-11-18,1154.52,1154.77,-0.00022
2022-11-21,1126.29,1154.52,-0.02445
2022-11-22,1129.41,1126.29,0.00277
2022-11-23,1118.33,1129.41,-0.00981
2022-11-24,1103.49,1118.33,-0.01327
2022-11-25,1051.51,1103.49,-0.04711
2022-11-28,1052.28,1051.51,0.00073
2022-11-29,1049.42,1052.28,-0.00272
2022-11-30,1053.34,1049.42,0.00374
2022-12-01,1055.2,1053.34,0.00177
2022-12-02,1052.66,1055.2,-0.00241
2022-12-05,1035.3,1052.66,-0.01649
2022-12-06,1018.89,1035.3,-0.01585
2022-12-07,1012.75,1018.89,-0.00603
2022-12-08,1013.06,1012.75,0.00031
2022-12-09,1006.69,1013.06,-0.00629
2022-12-12,1014.02,1006.69,0.00728
2022-12-13,1011.31,1014.02,-0.00267
2022-12-14,1000.98,1011.31,-0.01021
2022-12-15,998.32,1000.98,-0.00266
2022-12-16,1001.19,998.32,0.00287
2022-12-19,1005.17,1001.19,0.00398
2022-12-20,1026.34,1005.17,0.02106
2022-12-21,1019.2,1026.34,-0.00696
2022-12-22,1018.79,1019.2,-0.0004
2022-12-23,1002.34,1018.79,-0.01615
2022-12-26,1002.48,1002.34,0.00014
2022-12-27,997.36,1002.48,-0.00511
2022-12-28,980.76,997.36,-0.01664
2022-12-29,975.64,980.76,-0.00522
2022-12-30,964.51,975.64,-0.01141
2023-01-02,946.58,964.51,-0.01859
2023-01-03,902.82,946.58,-0.04623
2023-01-04,892.78,902.82,-0.01112
2023-01-05,898.87,892.78,0.00682
2023-01-06,905.17,898.87,0.00701
2023-01-09,896.53,905.17,-0.00955
2023-01-10,894.33,896.53,-0.00245
2023-01-11,876.4,894.33,-0.02005
2023-01-12,871.99,876.4,-0.00503
2023-01-13,876.16,871.99,0.00478
2023-01-16,884.47,876.16,0.00948
2023-01-17,877.88,884.47,-0.00745
2023-01-18,888.39,877.88,0.01197
2023-01-19,873.93,888.39,-0.01628
2023-01-20,862.29,873.93,-0.01332
2023-01-23,869.37,862.29,0.00821
2023-01-24,885.69,869.37,0.01877
2023-01-25,890.86,885.69,0.00584
2023-01-26,890.82,890.86,-4e-05
2023-01-27,869.66,890.82,-0.02375
2023-01-30,850.66,869.66,-0.02185
2023-01-31,852.21,850.66,0.00182
2023-02-01,849.2,852.21,-0.00353
2023-02-02,839.21,849.2,-0.01176
2023-02-03,810.43,839.21,-0.03429
2023-02-06,811.78,810.43,0.00167
2023-02-07,820.54,811.78,0.01079
2023-02-08,822.1,820.54,0.0019
2023-02-09,833.54,822.1,0.01392
2023-02-10,833.95,833.54,0.00049
2023-02-13,833.22,833.95,-0.00088
2023-02-14,843.31,833.22,0.01211
2023-02-15,834.57,843.31,-0.01036
2023-02-16,860.74,834.57,0.03136
2023-02-17,864.64,860.74,0.00453
2023-02-20,868.61,864.64,0.00459
2023-02-21,873.97,868.61,0.00617
2023-02-22,892.37,873.97,0.02105
2023-02-23,900.51,892.37,0.00912
2023-02-24,884.97,900.51,-0.01726
2023-02-27,898.98,884.97,0.01583
2023-02-28,895.97,898.98,-0.00335
2023-03-01,897.39,895.97,0.00158
2023-03-02,885.12,897.39,-0.01367
2023-03-03,890.59,885.12,0.00618
2023-03-06,884.57,890.59,-0.00676
2023-03-07,885.9,884.57,0.0015
2023-03-08,883.48,885.9,-0.00273
2023-03-09,902.55,883.48,0.02159
2023-03-10,922.59,902.55,0.0222
2023-03-13,923.43,922.59,0.00091
2023-03-14,924.45,923.43,0.0011
2023-03-15,921.02,924.45,-0.00371
2023-03-16,932.59,921.02,0.01256
2023-03-17,929.59,932.59,-0.00322
2023-03-20,925.65,929.59,-0.00424
2023-03-21,935.99,925.65,0.01117
2023-03-22,930.82,935.99,-0.00552
2023-03-23,930.81,930.82,-1e-05
2023-03-24,914.99,930.81,-0.017
2023-03-27,922.44,914.99,0.00814
2023-03-28,942.5,922.44,0.02175
2023-03-29,950.36,942.5,0.00834
2023-03-30,966.02,950.36,0.01648
2023-03-31,957.42,966.02,-0.0089
2023-04-03,960.29,957.42,0.003
2023-04-04,950.71,960.29,-0.00998
2023-04-05,948.71,950.71,-0.0021
2023-04-06,957.15,948.71,0.0089
2023-04-07,958.6,957.15,0.00151
2023-04-10,944.09,958.6,-0.01514
2023-04-11,930.81,944.09,-0.01407
2023-04-12,917.04,930.81,-0.01479
2023-04-13,922.36,917.04,0.0058
2023-04-14,943.67,922.36,0.0231
2023-04-17,958.19,943.67,0.01539
2023-04-18,938.59,958.19,-0.02046
2023-04-19,953.64,938.59,0.01603
2023-04-20,963.85,953.64,0.01071
2023-04-21,947.85,963.85,-0.0166
2023-04-24,945.07,947.85,-0.00293
2023-04-25,956.83,945.07,0.01244
2023-04-26,963.01,956.83,0.00646
2023-04-27,949.53,963.01,-0.014
2023-04-28,956.28,949.53,0.00711
2023-05-01,909.75,956.28,-0.04866
2023-05-02,907.89,909.75,-0.00204
2023-05-03,919.62,907.89,0.01292
2023-05-04,920.17,919.62,0.0006
2023-05-05,915.49,920.17,-0.00509
2023-05-08,924.81,915.49,0.01018
2023-05-09,935.1,924.81,0.01113
2023-05-10,948.94,935.1,0.0148
2023-05-11,958.45,948.94,0.01002
2023-05-12,970.24,958.45,0.0123
2023-05-15,978.45,970.24,0.00846
2023-05-16,981.69,978.45,0.00331
2023-05-17,983.05,981.69,0.00139
2023-05-18,980.88,983.05,-0.00221
2023-05-19,968.19,980.88,-0.01294
2023-05-22,958.41,968.19,-0.0101
2023-05-23,955.82,958.41,-0.0027
2023-05-24,958.74,955.82,0.00305
2023-05-25,944.75,958.74,-0.01459
2023-05-26,944.7,944.75,-5e-05
2023-05-29,955.5,944.7,0.01143
2023-05-30,967.23,955.5,0.01228
2023-05-31,965.15,967.23,-0.00215
2023-06-01,971.85,965.15,0.00694
2023-06-02,969.64,971.85,-0.00227
2023-06-05,984.13,969.64,0.01494
2023-06-06,991.4,984.13,0.00739
2023-06-07,978.82,991.4,-0.01269
2023-06-08,980.95,978.82,0.00218
2023-06-09,986.45,980.95,0.00561
2023-06-12,984.88,986.45,-0.00159
2023-06-13,990.12,984.88,0.00532
2023-06-14,996.47,990.12,0.00641
2023-06-15,985.5,996.47,-0.01101
2023-06-16,991.43,985.5,0.00602
2023-06-19,976.63,991.43,-0.01493
2023-06-20,970.3,976.63,-0.00648
2023-06-21,982.17,970.3,0.01223
2023-06-22,986.41,982.17,0.00432
2023-06-23,983.5,986.41,-0.00295
2023-06-26,988.73,983.5,0.00532
2023-06-27,988.47,988.73,-0.00026
2023-06-28,989.0,988.47,0.00054
2023-06-29,996.54,989.0,0.00762
2023-06-30,988.97,996.54,-0.0076
2023-07-03,989.8,988.97,0.00084
2023-07-04,986.8,989.8,-0.00303
2023-07-05,969.98,986.8,-0.01704
2023-07-06,960.55,969.98,-0.00972
2023-07-07,977.5,960.55,0.01765
2023-07-10,982.03,977.5,0.00463
2023-07-11,968.13,982.03,-0.01415
2023-07-12,952.11,968.13,-0.01655
2023-07-13,951.32,952.11,-0.00083
2023-07-14,968.03,951.32,0.01757
2023-07-17,966.43,968.03,-0.00165
2023-07-18,980.71,966.43,0.01478
2023-07-19,984.9,980.71,0.00427
2023-07-20,967.01,984.9,-0.01816
2023-07-21,953.19,967.01,-0.01429
2023-07-24,963.4,953.19,0.01071
2023-07-25,960.24,963.4,-0.00328
2023-07-26,969.74,960.24,0.00989
2023-07-27,961.44,969.74,-0.00856
2023-07-28,963.7,961.44,0.00235
2023-07-31,967.81,963.7,0.00426
2023-08-01,966.56,967.81,-0.00129
2023-08-02,971.25,966.56,0.00485
2023-08-03,968.79,971.25,-0.00253
2023-08-04,962.26,968.79,-0.00674
2023-08-07,979.64,962.26,0.01806
2023-08-08,991.34,979.64,0.01194
2023-08-09,983.44,991.34,-0.00797
2023-08-10,989.98,983.44,0.00665
2023-08-11,982.29,989.98,-0.00777
2023-08-14,969.88,982.29,-0.01263
2023-08-15,981.3,969.88,0.01177
2023-08-16,963.3,981.3,-0.01834
2023-08-17,970.94,963.3,0.00793
2023-08-18,968.63,970.94,-0.00238
2023-08-21,966.77,968.63,-0.00192
2023-08-22,971.51,966.77,0.0049
2023-08-23,978.11,971.51,0.00679
2023-08-24,969.61,978.11,-0.00869
2023-08-25,977.65,969.61,0.00829
2023-08-28,979.26,977.65,0.00165
2023-08-29,966.13,979.26,-0.01341
2023-08-30,964.71,966.13,-0.00147
2023-08-31,979.75,964.71,0.01559
2023-09-01,998.21,979.75,0.01884
2023-09-04,1006.49,998.21,0.00829
2023-09-05,993.71,1006.49,-0.0127
2023-09-06,999.47,993.71,0.0058
2023-09-07,1009.23,999.47,0.00977
2023-09-08,1017.69,1009.23,0.00838
2023-09-11,1026.88,1017.69,0.00903
2023-09-12,1031.39,1026.88,0.00439
2023-09-13,1030.99,1031.39,-0.00039
2023-09-14,1024.5,1030.99,-0.00629
2023-09-15,1003.52,1024.5,-0.02048
2023-09-18,1007.67,1003.52,0.00414
2023-09-19,1010.14,1007.67,0.00245
2023-09-20,1016.74,1010.14,0.00653
2023-09-21,1002.18,1016.74,-0.01432
2023-09-22,1009.69,1002.18,0.00749
2023-09-25,1032.92,1009.69,0.02301
2023-09-26,1034.22,1032.92,0.00126
2023-09-27,1033.93,1034.22,-0.00028
2023-09-28,1037.86,1033.93,0.0038
2023-09-29,1061.48,1037.86,0.02276
2023-10-02,1049.95,1061.48,-0.01086
2023-10-03,1052.72,1049.95,0.00264
2023-10-04,1043.88,1052.72,-0.0084
2023-10-05,1038.02,1043.88,-0.00561
2023-10-06,1037.86,1038.02,-0.00015
2023-10-09,1053.66,1037.86,0.01522
2023-10-10,1074.96,1053.66,0.02022
2023-10-11,1080.69,1074.96,0.00533
2023-10-12,1076.64,1080.69,-0.00375
2023-10-13,1106.59,1076.64,0.02782
2023-10-16,1101.83,1106.59,-0.0043
2023-10-17,1095.35,1101.83,-0.00588
2023-10-18,1074.4,1095.35,-0.01913
2023-10-19,1091.33,1074.4,0.01576
2023-10-20,1103.39,1091.33,0.01105
2023-10-23,1133.18,1103.39,0.027
2023-10-24,1116.31,1133.18,-0.01489
2023-10-25,1134.66,1116.31,0.01644
2023-10-26,1135.99,1134.66,0.00117
2023-10-27,1146.52,1135.99,0.00927
2023-10-30,1126.2,1146.52,-0.01772
2023-10-31,1144.84,1126.2,0.01655
2023-11-01,1155.2,1144.84,0.00905
2023-11-02,1155.17,1155.2,-3e-05
2023-11-03,1163.83,1155.17,0.0075
2023-11-06,1154.49,1163.83,-0.00803
2023-11-07,1147.59,1154.49,-0.00598
2023-11-08,1142.2,1147.59,-0.0047
2023-11-09,1119.38,1142.2,-0.01998
2023-11-10,1130.44,1119.38,0.00988
2023-11-13,1145.71,1130.44,0.01351
2023-11-14,1137.33,1145.71,-0.00731
2023-11-15,1142.14,1137.33,0.00423
2023-11-16,1139.26,1142.14,-0.00252
2023-11-17,1143.83,1139.26,0.00401
2023-11-20,1136.39,1143.83,-0.0065
2023-11-21,1125.8,1136.39,-0.00932
2023-11-22,1139.28,1125.8,0.01197
2023-11-23,1138.94,1139.28,-0.0003
2023-11-24,1164.73,1138.94,0.02264
2023-11-27,1165.79,1164.73,0.00091
2023-11-28,1122.94,1165.79,-0.03676
2023-11-29,1138.54,1122.94,0.01389
2023-11-30,1146.9,1138.54,0.00734
2023-12-01,1156.53,1146.9,0.0084
2023-12-04,1172.14,1156.53,0.0135
2023-12-05,1164.19,1172.14,-0.00678
2023-12-06,1163.03,1164.19,-0.001
2023-12-07,1161.3,1163.03,-0.00149
2023-12-08,1145.27,1161.3,-0.0138
2023-12-11,1142.41,1145.27,-0.0025
2023-12-12,1159.66,1142.41,0.0151
2023-12-13,1163.15,1159.66,0.00301
2023-12-14,1137.86,1163.15,-0.02174
2023-12-15,1118.84,1137.86,-0.01672
2023-12-18,1139.78,1118.84,0.01872
2023-12-19,1139.1,1139.78,-0.0006
2023-12-20,1131.44,1139.1,-0.00672
2023-12-21,1128.49,1131.44,-0.00261
2023-12-22,1110.6,1128.49,-0.01585
2023-12-25,1128.43,1110.6,0.01605
2023-12-26,1124.0,1128.43,-0.00393
2023-12-27,1141.36,1124.0,0.01544
2023-12-28,1142.89,1141.36,0.00134
2023-12-29,1126.59,1142.89,-0.01426
2024-01-01,1130.23,1126.59,0.00323
2024-01-02,1141.29,1130.23,0.00979
2024-01-03,1150.77,1141.29,0.00831
2024-01-04,1159.12,1150.77,0.00726
2024-01-05,1164.02,1159.12,0.00423
2024-01-08,1161.51,1164.02,-0.00216
2024-01-09,1186.44,1161.51,0.02146
2024-01-10,1175.08,1186.44,-0.00957
2024-01-11,1175.61,1175.08,0.00045
2024-01-12,1176.27,1175.61,0.00056
2024-01-15,1181.95,1176.27,0.00483
2024-01-16,1176.84,1181.95,-0.00432
2024-01-17,1181.38,1176.84,0.00386
2024-01-18,1179.66,1181.38,-0.00146
2024-01-19,1159.6,1179.66,-0.017
2024-01-22,1160.19,1159.6,0.00051
2024-01-23,1146.61,1160.19,-0.0117
2024-01-24,1125.19,1146.61,-0.01868
2024-01-25,1127.34,1125.19,0.00191
2024-01-26,1133.84,1127.34,0.00577
2024-01-29,1140.86,1133.84,0.00619
2024-01-30,1148.43,1140.86,0.00664
2024-01-31,1124.48,1148.43,-0.02085
2024-02-01,1108.09,1124.48,-0.01458
2024-02-02,1132.59,1108.09,0.02211
2024-02-05,1120.0,1132.59,-0.01112
2024-02-06,1127.97,1120.0,0.00712
2024-02-07,1119.9,1127.97,-0.00715
2024-02-08,1121.33,1119.9,0.00128
2024-02-09,1113.97,1121.33,-0.00656
2024-02-12,1121.29,1113.97,0.00657
2024-02-13,1123.43,1121.29,0.00191
2024-02-14,1101.81,1123.43,-0.01924
2024-02-15,1052.06,1101.81,-0.04515
2024-02-16,1055.58,1052.06,0.00335
2024-02-19,1041.92,1055.58,-0.01294
2024-02-20,1047.24,1041.92,0.00511
2024-02-21,1077.91,1047.24,0.02929
2024-02-22,1094.35,1077.91,0.01525
2024-02-23,1103.44,1094.35,0.00831
2024-02-26,1102.84,1103.44,-0.00054
2024-02-27,1079.76,1102.84,-0.02093
2024-02-28,1064.49,1079.76,-0.01414
2024-02-29,1079.94,1064.49,0.01451
2024-03-01,1070.99,1079.94,-0.00829
2024-03-04,1063.18,1070.99,-0.00729
2024-03-05,1061.67,1063.18,-0.00142
2024-03-06,992.54,1061.67,-0.06511
2024-03-07,979.54,992.54,-0.0131
2024-03-08,979.39,979.54,-0.00015
2024-03-11,970.18,979.39,-0.0094
2024-03-12,962.66,970.18,-0.00775
2024-03-13,954.77,962.66,-0.0082
2024-03-14,960.64,954.77,0.00615
2024-03-15,958.57,960.64,-0.00215
2024-03-18,957.07,958.57,-0.00156
2024-03-19,963.74,957.07,0.00697
2024-03-20,948.24,963.74,-0.01608
2024-03-21,945.72,948.24,-0.00266
2024-03-22,950.99,945.72,0.00557
2024-03-25,958.36,950.99,0.00775
2024-03-26,957.2,958.36,-0.00121
2024-03-27,958.43,957.2,0.00128
2024-03-28,950.57,958.43,-0.0082
2024-03-29,941.95,950.57,-0.00907
2024-04-01,950.3,941.95,0.00886
2024-04-02,955.33,950.3,0.00529
2024-04-03,960.49,955.33,0.0054
2024-04-04,963.85,960.49,0.0035
2024-04-05,964.72,963.85,0.0009
2024-04-08,972.5,964.72,0.00806
2024-04-09,982.89,972.5,0.01068
2024-04-10,993.13,982.89,0.01042
2024-04-11,992.43,993.13,-0.0007
2024-04-12,1007.97,992.43,0.01566
2024-04-15,1010.91,1007.97,0.00292
2024-04-16,1018.34,1010.91,0.00735
2024-04-17,1021.91,1018.34,0.00351
2024-04-18,1025.09,1021.91,0.00311
2024-04-19,1017.21,1025.09,-0.00769
2024-04-22,1025.46,1017.21,0.00811
2024-04-23,1057.97,1025.46,0.0317
2024-04-24,1054.03,1057.97,-0.00372
2024-04-25,1055.27,1054.03,0.00118
2024-04-26,1050.52,1055.27,-0.0045
2024-04-29,1045.3,1050.52,-0.00497
2024-04-30,1063.47,1045.3,0.01738
2024-05-01,1056.03,1063.47,-0.007
2024-05-02,1050.94,1056.03,-0.00482
2024-05-03,1033.01,1050.94,-0.01706
2024-05-06,1024.82,1033.01,-0.00793
2024-05-07,1005.97,1024.82,-0.01839
2024-05-08,1013.36,1005.97,0.00735
2024-05-09,1044.97,1013.36,0.03119
2024-05-10,1041.18,1044.97,-0.00363
2024-05-13,1022.5,1041.18,-0.01794
2024-05-14,1033.04,1022.5,0.01031
2024-05-15,1025.19,1033.04,-0.0076
2024-05-16,1040.25,1025.19,0.01469
2024-05-17,1037.44,1040.25,-0.0027
2024-05-20,1030.64,1037.44,-0.00655
2024-05-21,1029.04,1030.64,-0.00155
2024-05-22,1038.03,1029.04,0.00874
2024-05-23,1035.85,1038.03,-0.0021
2024-05-24,1030.6,1035.85,-0.00507
2024-05-27,1005.06,1030.6,-0.02478
2024-05-28,991.4,1005.06,-0.01359
2024-05-29,996.13,991.4,0.00477
2024-05-30,976.95,996.13,-0.01925
2024-05-31,972.57,976.95,-0.00448
2024-06-03,981.08,972.57,0.00875
2024-06-04,984.74,981.08,0.00373
2024-06-05,991.53,984.74,0.0069
2024-06-06,991.22,991.53,-0.00031
2024-06-07,1004.37,991.22,0.01327
2024-06-10,1014.99,1004.37,0.01057
2024-06-11,1020.37,1014.99,0.0053
2024-06-12,1031.19,1020.37,0.0106
2024-06-13,1040.12,1031.19,0.00866
2024-06-14,1035.51,1040.12,-0.00443
2024-06-17,1020.61,1035.51,-0.01439
2024-06-18,1025.74,1020.61,0.00503
2024-06-19,1032.31,1025.74,0.00641
2024-06-20,1045.11,1032.31,0.0124
2024-06-21,1034.76,1045.11,-0.0099
2024-06-24,1024.86,1034.76,-0.00957
2024-06-25,1030.45,1024.86,0.00545
2024-06-26,1030.06,1030.45,-0.00038
2024-06-27,1009.1,1030.06,-0.02035
2024-06-28,1013.67,1009.1,0.00453
2024-07-01,993.42,1013.67,-0.01998
2024-07-02,983.49,993.42,-0.01
2024-07-03,998.51,983.49,0.01527
2024-07-04,1018.95,998.51,0.02047
2024-07-05,1005.73,1018.95,-0.01297
2024-07-08,1002.49,1005.73,-0.00322
2024-07-09,1003.36,1002.49,0.00087
2024-07-10,1023.42,1003.36,0.01999
2024-07-11,1018.28,1023.42,-0.00502
2024-07-12,1013.35,1018.28,-0.00484
2024-07-15,1031.02,1013.35,0.01744
2024-07-16,1027.18,1031.02,-0.00372
2024-07-17,1035.75,1027.18,0.00834
2024-07-18,1019.33,1035.75,-0.01585
2024-07-19,1017.82,1019.33,-0.00148
2024-07-22,999.65,1017.82,-0.01785
2024-07-23,988.44,999.65,-0.01121
2024-07-24,997.96,988.44,0.00963
2024-07-25,997.81,997.96,-0.00015
2024-07-26,994.71,997.81,-0.00311
2024-07-29,986.91,994.71,-0.00784
2024-07-30,965.82,986.91,-0.02137
2024-07-31,969.4,965.82,0.00371
2024-08-01,980.27,969.4,0.01121
2024-08-02,952.36,980.27,-0.02847
2024-08-05,944.03,952.36,-0.00875
2024-08-06,946.06,944.03,0.00215
2024-08-07,945.41,946.06,-0.00069
2024-08-08,949.98,945.41,0.00483
2024-08-09,953.15,949.98,0.00334
2024-08-12,933.88,953.15,-0.02022
2024-08-13,928.84,933.88,-0.0054
2024-08-14,926.71,928.84,-0.00229
2024-08-15,938.79,926.71,0.01304
2024-08-16,931.61,938.79,-0.00765
2024-08-19,931.33,931.61,-0.0003
2024-08-20,933.59,931.33,0.00243
2024-08-21,949.98,933.59,0.01756
2024-08-22,947.22,949.98,-0.00291
2024-08-23,957.59,947.22,0.01095
2024-08-26,970.95,957.59,0.01395
2024-08-27,970.66,970.95,-0.0003
2024-08-28,968.8,970.66,-0.00192
2024-08-29,965.68,968.8,-0.00322
2024-08-30,963.35,965.68,-0.00241
2024-09-02,972.79,963.35,0.0098
2024-09-03,975.65,972.79,0.00294
2024-09-04,978.56,975.65,0.00298
2024-09-05,966.84,978.56,-0.01198
2024-09-06,925.2,966.84,-0.04307
2024-09-09,947.39,925.2,0.02398
2024-09-10,945.91,947.39,-0.00156
2024-09-11,938.23,945.91,-0.00812
2024-09-12,953.38,938.23,0.01615
2024-09-13,956.71,953.38,0.00349
2024-09-16,963.18,956.71,0.00676
2024-09-17,962.1,963.18,-0.00112
2024-09-18,959.11,962.1,-0.00311
2024-09-19,957.71,959.11,-0.00146
2024-09-20,943.52,957.71,-0.01482
2024-09-23,942.99,943.52,-0.00056
2024-09-24,946.44,942.99,0.00366
2024-09-25,966.08,946.44,0.02075
2024-09-26,967.38,966.08,0.00135
2024-09-27,942.93,967.38,-0.02527
2024-09-30,942.33,942.93,-0.00064
2024-10-01,971.11,942.33,0.03054
2024-10-02,980.75,971.11,0.00993
2024-10-03,972.39,980.75,-0.00852
2024-10-04,979.1,972.39,0.0069
2024-10-07,971.5,979.1,-0.00776
2024-10-08,957.43,971.5,-0.01448
2024-10-09,954.14,957.43,-0.00344
2024-10-10,955.48,954.14,0.0014
2024-10-11,936.19,955.48,-0.02019
2024-10-14,924.73,936.19,-0.01224
2024-10-15,925.2,924.73,0.00051
2024-10-16,921.42,925.2,-0.00409
2024-10-17,925.79,921.42,0.00474
2024-10-18,913.79,925.79,-0.01296
2024-10-21,921.33,913.79,0.00825
2024-10-22,909.7,921.33,-0.01262
2024-10-23,926.51,909.7,0.01848
2024-10-24,909.39,926.51,-0.01848
2024-10-25,898.83,909.39,-0.01161
2024-10-28,877.32,898.83,-0.02393
2024-10-29,893.73,877.32,0.0187
2024-10-30,897.18,893.73,0.00386
2024-10-31,903.1,897.18,0.0066
2024-11-01,903.63,903.1,0.00059
2024-11-04,893.79,903.63,-0.01089
2024-11-05,859.83,893.79,-0.038
2024-11-06,848.71,859.83,-0.01293
2024-11-07,837.12,848.71,-0.01366
2024-11-08,841.15,837.12,0.00481
2024-11-11,831.09,841.15,-0.01196
2024-11-12,834.35,831.09,0.00392
2024-11-13,822.73,834.35,-0.01393
2024-11-14,825.75,822.73,0.00367
2024-11-15,821.64,825.75,-0.00498
2024-11-18,834.68,821.64,0.01587
2024-11-19,837.98,834.68,0.00395
2024-11-20,849.71,837.98,0.014
2024-11-21,842.99,849.71,-0.00791
2024-11-22,843.85,842.99,0.00102
2024-11-25,835.08,843.85,-0.01039
2024-11-26,831.61,835.08,-0.00416
2024-11-27,829.55,831.61,-0.00248
2024-11-28,823.25,829.55,-0.00759
2024-11-29,812.58,823.25,-0.01296
2024-12-02,800.27,812.58,-0.01515
2024-12-03,779.99,800.27,-0.02534
2024-12-04,771.24,779.99,-0.01122
2024-12-05,776.87,771.24,0.0073
2024-12-06,763.52,776.87,-0.01718
2024-12-09,752.34,763.52,-0.01464
2024-12-10,767.46,752.34,0.0201
2024-12-11,762.39,767.46,-0.00661
2024-12-12,765.39,762.39,0.00393
2024-12-13,771.1,765.39,0.00746
2024-12-16,777.03,771.1,0.00769
2024-12-17,764.33,777.03,-0.01634
2024-12-18,762.69,764.33,-0.00215
2024-12-19,749.42,762.69,-0.0174
2024-12-20,769.89,749.42,0.02731
2024-12-23,756.69,769.89,-0.01715
2024-12-24,748.27,756.69,-0.01113
2024-12-25,740.01,748.27,-0.01104
2024-12-26,728.12,740.01,-0.01607
2024-12-27,739.24,728.12,0.01527
2024-12-30,759.24,739.24,0.02705
2024-12-31,755.57,759.24,-0.00483
2025-01-01,744.9,755.57,-0.01412
2025-01-02,695.6,744.9,-0.06618
2025-01-03,694.01,695.6,-0.00229
2025-01-06,691.88,694.01,-0.00307
2025-01-07,687.2,691.88,-0.00676
2025-01-08,689.14,687.2,0.00282
2025-01-09,676.78,689.14,-0.01794
2025-01-10,679.46,676.78,0.00396
2025-01-13,677.36,679.46,-0.00309
2025-01-14,669.43,677.36,-0.01171
2025-01-15,674.6,669.43,0.00772
2025-01-16,674.96,674.6,0.00053
2025-01-17,681.83,674.96,0.01018
2025-01-20,688.03,681.83,0.00909
2025-01-21,677.54,688.03,-0.01525
2025-01-22,667.12,677.54,-0.01538
2025-01-23,661.84,667.12,-0.00791
2025-01-24,671.2,661.84,0.01414
2025-01-27,677.05,671.2,0.00872
2025-01-28,679.93,677.05,0.00425
2025-01-29,688.43,679.93,0.0125
2025-01-30,691.7,688.43,0.00475
2025-01-31,693.57,691.7,0.0027
2025-02-03,703.0,693.57,0.0136
2025-02-04,706.91,703.0,0.00556
2025-02-05,707.72,706.91,0.00115
2025-02-06,719.53,707.72,0.01669
2025-02-07,720.73,719.53,0.00167
2025-02-10,718.61,720.73,-0.00294
2025-02-11,712.27,718.61,-0.00882
2025-02-12,718.07,712.27,0.00814
2025-02-13,728.12,718.07,0.014
2025-02-14,728.01,728.12,-0.00015
2025-02-17,738.78,728.01,0.01479
2025-02-18,723.06,738.78,-0.02128
2025-02-19,722.91,723.06,-0.00021
2025-02-20,722.88,722.91,-4e-05
2025-02-21,717.39,722.88,-0.00759
2025-02-24,736.49,717.39,0.02662
2025-02-25,736.25,736.49,-0.00033
2025-02-26,733.24,736.25,-0.00409
2025-02-27,733.74,733.24,0.00068
2025-02-28,717.87,733.74,-0.02163
2025-03-03,712.16,717.87,-0.00795
2025-03-04,720.14,712.16,0.01121
2025-03-05,715.45,720.14,-0.00651
2025-03-06,709.21,715.45,-0.00872
2025-03-07,719.71,709.21,0.01481
2025-03-10,730.61,719.71,0.01514
2025-03-11,735.06,730.61,0.00609
2025-03-12,731.67,735.06,-0.00461
2025-03-13,730.04,731.67,-0.00223
2025-03-14,723.87,730.04,-0.00845
2025-03-17,716.24,723.87,-0.01054
2025-03-18,708.3,716.24,-0.01109
2025-03-19,703.77,708.3,-0.0064
2025-03-20,696.04,703.77,-0.01098
2025-03-21,684.34,696.04,-0.01681
2025-03-24,680.24,684.34,-0.00599
2025-03-25,682.27,680.24,0.00298
2025-03-26,695.31,682.27,0.01911
2025-03-27,690.47,695.31,-0.00696
2025-03-28,693.0,690.47,0.00366
2025-03-31,695.66,693.0,0.00384
2025-04-01,694.0,695.66,-0.00239
2025-04-02,699.96,694.0,0.00859
2025-04-03,706.21,699.96,0.00893
2025-04-04,709.03,706.21,0.00399
2025-04-07,707.32,709.03,-0.00241
2025-04-08,704.82,707.32,-0.00353
2025-04-09,694.5,704.82,-0.01464
2025-04-10,688.62,694.5,-0.00847
2025-04-11,684.18,688.62,-0.00645
2025-04-14,676.0,684.18,-0.01196
2025-04-15,679.54,676.0,0.00524
2025-04-16,688.76,679.54,0.01357
2025-04-17,682.15,688.76,-0.0096
2025-04-18,684.55,682.15,0.00352
2025-04-21,677.04,684.55,-0.01097
2025-04-22,675.04,677.04,-0.00295
2025-04-23,670.18,675.04,-0.0072
2025-04-24,674.89,670.18,0.00703
2025-04-25,670.12,674.89,-0.00707
2025-04-28,677.85,670.12,0.01154
2025-04-29,676.28,677.85,-0.00232
2025-04-30,671.72,676.28,-0.00674
2025-05-01,662.73,671.72,-0.01338
2025-05-02,664.84,662.73,0.00318
2025-05-05,671.65,664.84,0.01024
2025-05-06,673.94,671.65,0.00341
2025-05-07,690.81,673.94,0.02503
2025-05-08,701.95,690.81,0.01613
2025-05-09,699.86,701.95,-0.00298
2025-05-12,697.69,699.86,-0.0031
2025-05-13,701.57,697.69,0.00556
2025-05-14,695.39,701.57,-0.00881
2025-05-15,704.58,695.39,0.01322
2025-05-16,707.67,704.58,0.00439
2025-05-19,709.95,707.67,0.00322
2025-05-20,715.6,709.95,0.00796
2025-05-21,729.44,715.6,0.01934
2025-05-22,731.11,729.44,0.00229
2025-05-23,730.49,731.11,-0.00085
2025-05-26,742.91,730.49,0.017
2025-05-27,751.11,742.91,0.01104
2025-05-28,748.76,751.11,-0.00313
2025-05-29,749.1,748.76,0.00045
2025-05-30,751.01,749.1,0.00255
2025-06-02,754.3,751.01,0.00438
2025-06-03,743.35,754.3,-0.01452
2025-06-04,731.03,743.35,-0.01657
2025-06-05,724.19,731.03,-0.00936
2025-06-06,716.79,724.19,-0.01022
2025-06-09,712.0,716.79,-0.00668
2025-06-10,717.26,712.0,0.00739
2025-06-11,716.21,717.26,-0.00146
2025-06-12,718.05,716.21,0.00257
2025-06-13,708.66,718.05,-0.01308
2025-06-16,705.35,708.66,-0.00467
2025-06-17,710.19,705.35,0.00686
2025-06-18,715.12,710.19,0.00694
2025-06-19,709.7,715.12,-0.00758
2025-06-20,711.25,709.7,0.00218
2025-06-23,728.74,711.25,0.02459
2025-06-24,728.89,728.74,0.00021
2025-06-25,723.62,728.89,-0.00723
2025-06-26,722.53,723.62,-0.00151
2025-06-27,723.55,722.53,0.00141
2025-06-30,722.64,723.55,-0.00126
2025-07-01,722.68,722.64,6e-05
2025-07-02,711.49,722.68,-0.01548
2025-07-03,704.24,711.49,-0.01019
2025-07-04,703.37,704.24,-0.00124
2025-07-07,702.37,703.37,-0.00142
2025-07-08,698.28,702.37,-0.00582
2025-07-09,697.2,698.28,-0.00155
2025-07-10,697.94,697.2,0.00106
2025-07-11,705.05,697.94,0.01019
2025-07-14,704.56,705.05,-0.00069
2025-07-15,707.94,704.56,0.0048
2025-07-16,704.0,707.94,-0.00557
2025-07-17,708.71,704.0,0.00669
2025-07-18,711.93,708.71,0.00454
2025-07-21,694.63,711.93,-0.0243
2025-07-22,700.36,694.63,0.00825
2025-07-23,705.18,700.36,0.00688
2025-07-24,704.7,705.18,-0.00068
2025-07-25,706.88,704.7,0.00309
2025-07-28,715.43,706.88,0.0121
2025-07-29,710.58,715.43,-0.00678
2025-07-30,705.96,710.58,-0.0065
2025-07-31,707.65,705.96,0.00239
2025-08-01,711.16,707.65,0.00496
2025-08-04,685.09,711.16,-0.03666
2025-08-05,684.8,685.09,-0.00042
2025-08-06,684.37,684.8,-0.00063
2025-08-07,667.96,684.37,-0.02398
2025-08-08,666.62,667.96,-0.00201
2025-08-11,665.73,666.62,-0.00134
2025-08-12,664.82,665.73,-0.00137
2025-08-13,675.44,664.82,0.01597
2025-08-14,666.68,675.44,-0.01297
2025-08-15,660.9,666.68,-0.00867
2025-08-18,642.17,660.9,-0.02834
2025-08-19,639.03,642.17,-0.00489
2025-08-20,636.51,639.03,-0.00394
2025-08-21,633.19,636.51,-0.00522
2025-08-22,641.16,633.19,0.01259
2025-08-25,647.49,641.16,0.00987
2025-08-26,648.3,647.49,0.00125
2025-08-27,645.92,648.3,-0.00367
2025-08-28,653.47,645.92,0.01169
2025-08-29,653.58,653.47,0.00017
2025-09-01,647.96,653.58,-0.0086
2025-09-02,635.99,647.96,-0.01847
2025-09-03,619.13,635.99,-0.02651
2025-09-04,624.52,619.13,0.00871
2025-09-05,640.4,624.52,0.02543
2025-09-08,641.09,640.4,0.00108
2025-09-09,635.95,641.09,-0.00802
2025-09-10,627.92,635.95,-0.01263
2025-09-11,631.98,627.92,0.00647
2025-09-12,619.97,631.98,-0.019
2025-09-15,610.34,619.97,-0.01553
2025-09-16,616.07,610.34,0.00939
2025-09-17,619.28,616.07,0.00521
2025-09-18,618.03,619.28,-0.00202
2025-09-19,622.11,618.03,0.0066
2025-09-22,623.53,622.11,0.00228
2025-09-23,618.45,623.53,-0.00815
2025-09-24,631.28,618.45,0.02075
2025-09-25,629.09,631.28,-0.00347
2025-09-26,634.71,629.09,0.00893
2025-09-29,618.08,634.71,-0.0262
2025-09-30,627.0,618.08,0.01443
2025-10-01,637.39,627.0,0.01657
2025-10-02,637.85,637.39,0.00072
2025-10-03,642.03,637.85,0.00655
2025-10-06,646.23,642.03,0.00654
2025-10-07,641.92,646.23,-0.00667
2025-10-08,646.04,641.92,0.00642
2025-10-09,640.55,646.04,-0.0085
2025-10-10,636.51,640.55,-0.00631
2025-10-13,644.66,636.51,0.0128
2025-10-14,651.83,644.66,0.01112
2025-10-15,641.19,651.83,-0.01632
2025-10-16,636.27,641.19,-0.00767
2025-10-17,632.0,636.27,-0.00671
2025-10-20,637.35,632.0,0.00847
2025-10-21,630.6,637.35,-0.01059
2025-10-22,633.32,630.6,0.00431
2025-10-23,638.78,633.32,0.00862
2025-10-24,638.41,638.78,-0.00058
2025-10-27,645.76,638.41,0.01151
2025-10-28,643.86,645.76,-0.00294
2025-10-29,642.6,643.86,-0.00196
2025-10-30,635.95,642.6,-0.01035
2025-10-31,643.32,635.95,0.01159
2025-11-03,638.15,643.32,-0.00804
2025-11-04,640.86,638.15,0.00425
2025-11-05,640.62,640.86,-0.00037
2025-11-06,633.46,640.62,-0.01118
2025-11-07,629.46,633.46,-0.00631
2025-11-10,639.29,629.46,0.01562
2025-11-11,640.97,639.29,0.00263
2025-11-12,634.11,640.97,-0.0107
2025-11-13,636.49,634.11,0.00375
2025-11-14,635.72,636.49,-0.00121
2025-11-17,660.13,635.72,0.0384
2025-11-18,662.46,660.13,0.00353
2025-11-19,659.96,662.46,-0.00377
2025-11-20,670.53,659.96,0.01602
2025-11-21,657.22,670.53,-0.01985
2025-11-24,658.16,657.22,0.00143
2025-11-25,672.86,658.16,0.02233
2025-11-26,672.27,672.86,-0.00088
2025-11-27,659.73,672.27,-0.01865
2025-11-28,657.12,659.73,-0.00396
2025-12-01,667.89,657.12,0.01639
2025-12-02,670.92,667.89,0.00454
2025-12-03,665.0,670.92,-0.00882
2025-12-04,660.25,665.0,-0.00714
2025-12-05,635.8,660.25,-0.03703
2025-12-08,638.58,635.8,0.00437
2025-12-09,648.24,638.58,0.01513
2025-12-10,656.0,648.24,0.01197
2025-12-11,659.55,656.0,0.00541
2025-12-12,650.15,659.55,-0.01425
2025-12-15,640.92,650.15,-0.0142
2025-12-16,644.93,640.92,0.00626
2025-12-17,635.65,644.93,-0.01439
2025-12-18,634.32,635.65,-0.00209
2025-12-19,636.7,634.32,0.00375
2025-12-22,628.99,636.7,-0.01211
2025-12-23,622.15,628.99,-0.01087
2025-12-24,621.76,622.15,-0.00063
2025-12-25,625.45,621.76,0.00593
2025-12-26,633.0,625.45,0.01207
2025-12-29,637.48,633.0,0.00708
2025-12-30,638.25,637.48,0.00121
2025-12-31,633.27,638.25,-0.0078
2026-01-01,626.06,633.27,-0.01139
