date,close,open,pct_change
2010-01-01,17277.2,17000.0,0.01631
2010-01-04,17303.55,17277.2,0.00153
2010-01-05,17372.66,17303.55,0.00399
2010-01-06,17596.79,17372.66,0.0129
2010-01-07,17763.37,17596.79,0.00947
2010-01-08,17883.61,17763.37,0.00677
2010-01-11,17816.17,17883.61,-0.00377
2010-01-12,17623.62,17816.17,-0.01081
2010-01-13,17703.59,17623.62,0.00454
2010-01-14,17610.97,17703.59,-0.00523
2010-01-15,17778.27,17610.97,0.0095
2010-01-18,17826.7,17778.27,0.00272
2010-01-19,17687.68,17826.7,-0.0078
2010-01-20,17746.84,17687.68,0.00334
2010-01-21,17892.39,17746.84,0.0082
2010-01-22,17934.48,17892.39,0.00235
2010-01-25,17787.27,17934.48,-0.00821
2010-01-26,17845.71,17787.27,0.00329
2010-01-27,17922.93,17845.71,0.00433
2010-01-28,18092.61,17922.93,0.00947
2010-01-29,18243.55,18092.61,0.00834
2010-02-01,18068.58,18243.55,-0.00959
2010-02-02,17976.87,18068.58,-0.00508
2010-02-03,18103.84,17976.87,0.00706
2010-02-04,17773.0,18103.84,-0.01827
2010-02-05,17932.06,17773.0,0.00895
2010-02-08,17773.65,17932.06,-0.00883
2010-02-09,17698.3,17773.65,-0.00424
2010-02-10,17986.37,17698.3,0.01628
2010-02-11,17980.8,17986.37,-0.00031
2010-02-12,17928.29,17980.8,-0.00292
2010-02-15,17990.96,17928.29,0.0035
2010-02-16,17979.56,17990.96,-0.00063
2010-02-17,17862.96,17979.56,-0.00649
2010-02-18,17919.2,17862.96,0.00315
2010-02-19,18347.56,17919.2,0.02391
2010-02-22,18540.51,18347.56,0.01052
2010-02-23,18637.23,18540.51,0.00522
2010-02-24,18697.43,18637.23,0.00323
2010-02-25,18868.99,18697.43,0.00918
2010-02-26,19006.08,18868.99,0.00727
2010-03-01,18834.56,19006.08,-0.00902
2010-03-02,18947.15,18834.56,0.00598
2010-03-03,18965.62,18947.15,0.00097
2010-03-04,19331.17,18965.62,0.01927
2010-03-05,19294.02,19331.17,-0.00192
2010-03-08,19567.4,19294.02,0.01417
2010-03-09,19326.48,19567.4,-0.01231
2010-03-10,19400.73,19326.48,0.00384
2010-03-11,19256.66,19400.73,-0.00743
2010-03-12,19078.52,19256.66,-0.00925
2010-03-15,19250.96,19078.52,0.00904
2010-03-16,19050.47,19250.96,-0.01041
2010-03-17,19029.15,19050.47,-0.00112
2010-03-18,18889.82,19029.15,-0.00732
2010-03-19,18979.64,18889.82,0.00475
2010-03-22,19045.19,18979.64,0.00345
2010-03-23,18599.3,19045.19,-0.02341
2010-03-24,18750.21,18599.3,0.00811
2010-03-25,18632.03,18750.21,-0.0063
2010-03-26,19050.98,18632.03,0.02249
2010-03-29,19243.91,19050.98,0.01013
2010-03-30,19454.11,19243.91,0.01092
2010-03-31,18958.46,19454.11,-0.02548
2010-04-01,19331.76,18958.46,0.01969
2010-04-02,19353.76,19331.76,0.00114
2010-04-05,19084.67,19353.76,-0.0139
2010-04-06,19162.05,19084.67,0.00405
2010-04-07,19443.46,19162.05,0.01469
2010-04-08,19121.37,19443.46,-0.01657
2010-04-09,19353.9,19121.37,0.01216
2010-04-12,19299.01,19353.9,-0.00284
2010-04-13,19194.0,19299.01,-0.00544
2010-04-14,19046.19,19194.0,-0.0077
2010-04-15,18889.11,19046.19,-0.00825
2010-04-16,18942.23,18889.11,0.00281
2010-04-19,19005.48,18942.23,0.00334
2010-04-20,19230.67,19005.48,0.01185
2010-04-21,19532.64,19230.67,0.0157
2010-04-22,19477.6,19532.64,-0.00282
2010-04-23,19715.47,19477.6,0.01221
2010-04-26,19481.61,19715.47,-0.01186
2010-04-27,19627.16,19481.61,0.00747
2010-04-28,19407.89,19627.16,-0.01117
2010-04-29,19302.53,19407.89,-0.00543
2010-04-30,19439.62,19302.53,0.0071
2010-05-03,19297.33,19439.62,-0.00732
2010-05-04,19410.35,19297.33,0.00586
2010-05-05,19118.66,19410.35,-0.01503
2010-05-06,18984.14,19118.66,-0.00704
2010-05-07,19103.43,18984.14,0.00628
2010-05-10,19421.22,19103.43,0.01664
2010-05-11,19191.44,19421.22,-0.01183
2010-05-12,19525.5,19191.44,0.01741
2010-05-13,19590.92,19525.5,0.00335
2010-05-14,20075.31,19590.92,0.02473
2010-05-17,20020.73,20075.31,-0.00272
2010-05-18,19922.81,20020.73,-0.00489
2010-05-19,20002.18,19922.81,0.00398
2010-05-20,19781.36,20002.18,-0.01104
2010-05-21,19817.99,19781.36,0.00185
2010-05-24,19814.42,19817.99,-0.00018
2010-05-25,20104.79,19814.42,0.01465
2010-05-26,20188.22,20104.79,0.00415
2010-05-27,19927.75,20188.22,-0.0129
2010-05-28,19658.44,19927.75,-0.01351
2010-05-31,19466.76,19658.44,-0.00975
2010-06-01,19047.33,19466.76,-0.02155
2010-06-02,18619.2,19047.33,-0.02248
2010-06-03,19049.56,18619.2,0.02311
2010-06-04,18889.05,19049.56,-0.00843
2010-06-07,19158.81,18889.05,0.01428
2010-06-08,19015.82,19158.81,-0.00746
2010-06-09,18942.38,19015.82,-0.00386
2010-06-10,18604.5,18942.38,-0.01784
2010-06-11,18866.22,18604.5,0.01407
2010-06-14,18796.03,18866.22,-0.00372
2010-06-15,19142.41,18796.03,0.01843
2010-06-16,19007.58,19142.41,-0.00704
2010-06-17,19280.15,19007.58,0.01434
2010-06-18,19598.71,19280.15,0.01652
2010-06-21,19291.55,19598.71,-0.01567
2010-06-22,19395.85,19291.55,0.00541
2010-06-23,19190.01,19395.85,-0.01061
2010-06-24,18960.38,19190.01,-0.01197
2010-06-25,18993.93,18960.38,0.00177
2010-06-28,19169.24,18993.93,0.00923
2010-06-29,19457.59,19169.24,0.01504
2010-06-30,19394.74,19457.59,-0.00323
2010-07-01,19611.25,19394.74,0.01116
2010-07-02,19739.14,19611.25,0.00652
2010-07-05,19745.39,19739.14,0.00032
2010-07-06,19551.79,19745.39,-0.0098
2010-07-07,19568.5,19551.79,0.00085
2010-07-08,20321.83,19568.5,0.0385
2010-07-09,20124.48,20321.83,-0.00971
2010-07-12,20095.23,20124.48,-0.00145
2010-07-13,19908.46,20095.23,-0.00929
2010-07-14,20212.94,19908.46,0.01529
2010-07-15,20616.37,20212.94,0.01996
2010-07-16,20923.79,20616.37,0.01491
2010-07-19,21381.53,20923.79,0.02188
2010-07-20,21371.38,21381.53,-0.00047
2010-07-21,21767.88,21371.38,0.01855
2010-07-22,21580.36,21767.88,-0.00861
2010-07-23,21952.14,21580.36,0.01723
2010-07-26,22314.8,21952.14,0.01652
2010-07-27,22170.63,22314.8,-0.00646
2010-07-28,22405.42,22170.63,0.01059
2010-07-29,22149.35,22405.42,-0.01143
2010-07-30,21817.99,22149.35,-0.01496
2010-08-02,21493.67,21817.99,-0.01486
2010-08-03,21241.2,21493.67,-0.01175
2010-08-04,20982.82,21241.2,-0.01216
2010-08-05,20962.79,20982.82,-0.00095
2010-08-06,21366.43,20962.79,0.01926
2010-08-09,21312.07,21366.43,-0.00254
2010-08-10,21119.35,21312.07,-0.00904
2010-08-11,21280.99,21119.35,0.00765
2010-08-12,21227.91,21280.99,-0.00249
2010-08-13,21253.44,21227.91,0.0012
2010-08-16,21349.62,21253.44,0.00453
2010-08-17,21455.68,21349.62,0.00497
2010-08-18,21298.73,21455.68,-0.00732
2010-08-19,21245.21,21298.73,-0.00251
2010-08-20,21465.96,21245.21,0.01039
2010-08-23,21381.54,21465.96,-0.00393
2010-08-24,21328.99,21381.54,-0.00246
2010-08-25,21404.3,21328.99,0.00353
2010-08-26,21506.88,21404.3,0.00479
2010-08-27,21436.02,21506.88,-0.00329
2010-08-30,21571.87,21436.02,0.00634
2010-08-31,21574.14,21571.87,0.00011
2010-09-01,21267.87,21574.14,-0.0142
2010-09-02,21422.96,21267.87,0.00729
2010-09-03,21222.41,21422.96,-0.00936
2010-09-06,21940.28,21222.41,0.03383
2010-09-07,22014.42,21940.28,0.00338
2010-09-08,21950.97,22014.42,-0.00288
2010-09-09,22160.75,21950.97,0.00956
2010-09-10,22522.17,22160.75,0.01631
2010-09-13,22902.11,22522.17,0.01687
2010-09-14,22984.13,22902.11,0.00358
2010-09-15,23260.35,22984.13,0.01202
2010-09-16,23446.53,23260.35,0.008
2010-09-17,23476.24,23446.53,0.00127
2010-09-20,23092.61,23476.24,-0.01634
2010-09-21,23105.04,23092.61,0.00054
2010-09-22,22459.2,23105.04,-0.02795
2010-09-23,22246.93,22459.2,-0.00945
2010-09-24,22586.53,22246.93,0.01527
2010-09-27,22637.57,22586.53,0.00226
2010-09-28,22633.5,22637.57,-0.00018
2010-09-29,22422.9,22633.5,-0.0093
2010-09-30,22218.73,22422.9,-0.00911
2010-10-01,22057.86,22218.73,-0.00724
2010-10-04,21726.77,22057.86,-0.01501
2010-10-05,21190.27,21726.77,-0.02469
2010-10-06,21436.42,21190.27,0.01162
2010-10-07,21832.15,21436.42,0.01846
2010-10-08,21684.91,21832.15,-0.00674
2010-10-11,21873.65,21684.91,0.0087
2010-10-12,21582.93,21873.65,-0.01329
2010-10-13,21671.66,21582.93,0.00411
2010-10-14,21346.93,21671.66,-0.01498
2010-10-15,21565.97,21346.93,0.01026
2010-10-18,21583.94,21565.97,0.00083
2010-10-19,21286.46,21583.94,-0.01378
2010-10-20,21420.1,21286.46,0.00628
2010-10-21,21814.27,21420.1,0.0184
2010-10-22,21820.87,21814.27,0.0003
2010-10-25,21816.23,21820.87,-0.00021
2010-10-26,21824.0,21816.23,0.00036
2010-10-27,21859.23,21824.0,0.00161
2010-10-28,22164.95,21859.23,0.01399
2010-10-29,22484.99,22164.95,0.01444
2010-11-01,21968.46,22484.99,-0.02297
2010-11-02,22265.59,21968.46,0.01353
2010-11-03,22220.88,22265.59,-0.00201
2010-11-04,22633.53,22220.88,0.01857
2010-11-05,22753.44,22633.53,0.0053
2010-11-08,22999.72,22753.44,0.01082
2010-11-09,22874.82,22999.72,-0.00543
2010-11-10,22542.87,22874.82,-0.01451
2010-11-11,22607.57,22542.87,0.00287
2010-11-12,22852.66,22607.57,0.01084
2010-11-15,23042.99,22852.66,0.00833
2010-11-16,23561.05,23042.99,0.02248
2010-11-17,23624.9,23561.05,0.00271
2010-11-18,23817.1,23624.9,0.00814
2010-11-19,23605.86,23817.1,-0.00887
2010-11-22,23573.62,23605.86,-0.00137
2010-11-23,23174.44,23573.62,-0.01693
2010-11-24,23165.44,23174.44,-0.00039
2010-11-25,23091.05,23165.44,-0.00321
2010-11-26,23109.33,23091.05,0.00079
2010-11-29,23379.51,23109.33,0.01169
2010-11-30,23400.55,23379.51,0.0009
2010-12-01,22656.7,23400.55,-0.03179
2010-12-02,23003.4,22656.7,0.0153
2010-12-03,23046.84,23003.4,0.00189
2010-12-06,23248.73,23046.84,0.00876
2010-12-07,23050.62,23248.73,-0.00852
2010-12-08,23265.37,23050.62,0.00932
2010-12-09,23663.14,23265.37,0.0171
2010-12-10,23246.3,23663.14,-0.01762
2010-12-13,23565.85,23246.3,0.01375
2010-12-14,23327.75,23565.85,-0.0101
2010-12-15,23134.54,23327.75,-0.00828
2010-12-16,23139.57,23134.54,0.00022
2010-12-17,23676.29,23139.57,0.02319
2010-12-20,23209.28,23676.29,-0.01972
2010-12-21,23050.47,23209.28,-0.00684
2010-12-22,23065.67,23050.47,0.00066
2010-12-23,23235.94,23065.67,0.00738
2010-12-24,23211.47,23235.94,-0.00105
2010-12-27,23326.01,23211.47,0.00493
2010-12-28,23064.38,23326.01,-0.01122
2010-12-29,23265.57,23064.38,0.00872
2010-12-30,23540.83,23265.57,0.01183
2010-12-31,23259.35,23540.83,-0.01196
2011-01-03,23061.88,23259.35,-0.00849
2011-01-04,23167.66,23061.88,0.00459
2011-01-05,23257.68,23167.66,0.00389
2011-01-06,23398.51,23257.68,0.00606
2011-01-07,23088.01,23398.51,-0.01327
2011-01-10,22992.88,23088.01,-0.00412
2011-01-11,22873.43,22992.88,-0.0052
2011-01-12,23221.81,22873.43,0.01523
2011-01-13,23203.03,23221.81,-0.00081
2011-01-14,23079.03,23203.03,-0.00534
2011-01-17,22853.02,23079.03,-0.00979
2011-01-18,22858.67,22853.02,0.00025
2011-01-19,23165.93,22858.67,0.01344
2011-01-20,22773.33,23165.93,-0.01695
2011-01-21,22807.92,22773.33,0.00152
2011-01-24,22942.12,22807.92,0.00588
2011-01-25,23453.57,22942.12,0.02229
2011-01-26,23636.23,23453.57,0.00779
2011-01-27,23996.69,23636.23,0.01525
2011-01-28,24014.45,23996.69,0.00074
2011-01-31,23650.33,24014.45,-0.01516
2011-02-01,23283.14,23650.33,-0.01553
2011-02-02,23103.12,23283.14,-0.00773
2011-02-03,23143.35,23103.12,0.00174
2011-02-04,23075.06,23143.35,-0.00295
2011-02-07,22960.94,23075.06,-0.00495
2011-02-08,23427.11,22960.94,0.0203
2011-02-09,22810.25,23427.11,-0.02633
2011-02-10,22550.02,22810.25,-0.01141
2011-02-11,23153.82,22550.02,0.02678
2011-02-14,23238.34,23153.82,0.00365
2011-02-15,23070.63,23238.34,-0.00722
2011-02-16,22788.36,23070.63,-0.01224
2011-02-17,22997.13,22788.36,0.00916
2011-02-18,23180.72,22997.13,0.00798
2011-02-21,23394.46,23180.72,0.00922
2011-02-22,23063.2,23394.46,-0.01416
2011-02-23,23102.84,23063.2,0.00172
2011-02-24,23051.44,23102.84,-0.00222
2011-02-25,23169.86,23051.44,0.00514
2011-02-28,22759.29,23169.86,-0.01772
2011-03-01,22914.49,22759.29,0.00682
2011-03-02,23310.04,22914.49,0.01726
2011-03-03,22960.76,23310.04,-0.01498
2011-03-04,23189.08,22960.76,0.00994
2011-03-07,23625.66,23189.08,0.01883
2011-03-08,23864.12,23625.66,0.01009
2011-03-09,23857.65,23864.12,-0.00027
2011-03-10,23898.74,23857.65,0.00172
2011-03-11,23764.61,23898.74,-0.00561
2011-03-14,23829.81,23764.61,0.00274
2011-03-15,23561.32,23829.81,-0.01127
2011-03-16,23582.8,23561.32,0.00091
2011-03-17,23369.62,23582.8,-0.00904
2011-03-18,22999.9,23369.62,-0.01582
2011-03-21,23391.1,22999.9,0.01701
2011-03-22,22916.26,23391.1,-0.0203
2011-03-23,23379.39,22916.26,0.02021
2011-03-24,22820.32,23379.39,-0.02391
2011-03-25,23066.05,22820.32,0.01077
2011-03-28,23122.43,23066.05,0.00244
2011-03-29,22714.12,23122.43,-0.01766
2011-03-30,22593.79,22714.12,-0.0053
2011-03-31,22345.23,22593.79,-0.011
2011-04-01,22116.05,22345.23,-0.01026
2011-04-04,22341.14,22116.05,0.01018
2011-04-05,22056.36,22341.14,-0.01275
2011-04-06,21591.37,22056.36,-0.02108
2011-04-07,21867.49,21591.37,0.01279
2011-04-08,21970.38,21867.49,0.00471
2011-04-11,21978.87,21970.38,0.00039
2011-04-12,21917.41,21978.87,-0.0028
2011-04-13,22095.49,21917.41,0.00813
2011-04-14,22195.16,22095.49,0.00451
2011-04-15,22174.99,22195.16,-0.00091
2011-04-18,22037.09,22174.99,-0.00622
2011-04-19,22310.13,22037.09,0.01239
2011-04-20,22680.48,22310.13,0.0166
2011-04-21,22808.05,22680.48,0.00562
2011-04-22,23578.82,22808.05,0.03379
2011-04-25,23647.7,23578.82,0.00292
2011-04-26,23706.13,23647.7,0.00247
2011-04-27,24117.62,23706.13,0.01736
2011-04-28,24206.74,24117.62,0.0037
2011-04-29,24287.33,24206.74,0.00333
2011-05-02,24200.51,24287.33,-0.00357
2011-05-03,24339.98,24200.51,0.00576
2011-05-04,23892.67,24339.98,-0.01838
2011-05-05,23707.78,23892.67,-0.00774
2011-05-06,23431.37,23707.78,-0.01166
2011-05-09,22868.98,23431.37,-0.024
2011-05-10,23156.87,22868.98,0.01259
2011-05-11,23080.55,23156.87,-0.0033
2011-05-12,22862.73,23080.55,-0.00944
2011-05-13,22968.8,22862.73,0.00464
2011-05-16,22658.56,22968.8,-0.01351
2011-05-17,22894.95,22658.56,0.01043
2011-05-18,23264.33,22894.95,0.01613
2011-05-19,22901.9,23264.33,-0.01558
2011-05-20,23215.11,22901.9,0.01368
2011-05-23,23277.69,23215.11,0.0027
2011-05-24,23582.18,23277.69,0.01308
2011-05-25,23644.23,23582.18,0.00263
2011-05-26,23430.87,23644.23,-0.00902
2011-05-27,23022.87,23430.87,-0.01741
2011-05-30,22746.5,23022.87,-0.012
2011-05-31,22628.37,22746.5,-0.00519
2011-06-01,22904.4,22628.37,0.0122
2011-06-02,23076.69,22904.4,0.00752
2011-06-03,23164.44,23076.69,0.0038
2011-06-06,23553.98,23164.44,0.01682
2011-06-07,23079.82,23553.98,-0.02013
2011-06-08,22786.91,23079.82,-0.01269
2011-06-09,22505.58,22786.91,-0.01235
2011-06-10,22532.37,22505.58,0.00119
2011-06-13,22123.2,22532.37,-0.01816
2011-06-14,21988.53,22123.2,-0.00609
2011-06-15,22333.8,21988.53,0.0157
2011-06-16,22592.93,22333.8,0.0116
2011-06-17,22993.65,22592.93,0.01774
2011-06-20,22858.82,22993.65,-0.00586
2011-06-21,22606.59,22858.82,-0.01103
2011-06-22,22685.28,22606.59,0.00348
2011-06-23,22462.28,22685.28,-0.00983
2011-06-24,22450.74,22462.28,-0.00051
2011-06-27,22427.86,22450.74,-0.00102
2011-06-28,22572.81,22427.86,0.00646
2011-06-29,22946.57,22572.81,0.01656
2011-06-30,23313.49,22946.57,0.01599
2011-07-01,23569.25,23313.49,0.01097
2011-07-04,23527.77,23569.25,-0.00176
2011-07-05,23713.89,23527.77,0.00791
2011-07-06,23626.31,23713.89,-0.00369
2011-07-07,23398.74,23626.31,-0.00963
2011-07-08,23014.12,23398.74,-0.01644
2011-07-11,22879.55,23014.12,-0.00585
2011-07-12,23020.66,22879.55,0.00617
2011-07-13,23210.07,23020.66,0.00823
2011-07-14,23234.75,23210.07,0.00106
2011-07-15,23399.48,23234.75,0.00709
2011-07-18,23266.28,23399.48,-0.00569
2011-07-19,23713.12,23266.28,0.01921
2011-07-20,23768.07,23713.12,0.00232
2011-07-21,23698.53,23768.07,-0.00293
2011-07-22,23889.79,23698.53,0.00807
2011-07-25,23864.6,23889.79,-0.00105
2011-07-26,23970.21,23864.6,0.00443
2011-07-27,24383.57,23970.21,0.01724
2011-07-28,24181.43,24383.57,-0.00829
2011-07-29,24124.38,24181.43,-0.00236
2011-08-01,24094.63,24124.38,-0.00123
2011-08-02,24126.35,24094.63,0.00132
2011-08-03,24485.69,24126.35,0.01489
2011-08-04,24754.45,24485.69,0.01098
2011-08-05,25137.19,24754.45,0.01546
2011-08-08,24444.61,25137.19,-0.02755
2011-08-09,24604.89,24444.61,0.00656
2011-08-10,24706.74,24604.89,0.00414
2011-08-11,24881.75,24706.74,0.00708
2011-08-12,24914.42,24881.75,0.00131
2011-08-15,24757.84,24914.42,-0.00628
2011-08-16,24981.53,24757.84,0.00904
2011-08-17,24954.73,24981.53,-0.00107
2011-08-18,24980.83,24954.73,0.00105
2011-08-19,24842.2,24980.83,-0.00555
2011-08-22,24812.95,24842.2,-0.00118
2011-08-23,24985.95,24812.95,0.00697
2011-08-24,25240.01,24985.95,0.01017
2011-08-25,25257.49,25240.01,0.00069
2011-08-26,25308.44,25257.49,0.00202
2011-08-29,25278.68,25308.44,-0.00118
2011-08-30,25555.86,25278.68,0.01096
2011-08-31,25459.45,25555.86,-0.00377
2011-09-01,25403.25,25459.45,-0.00221
2011-09-02,25459.92,25403.25,0.00223
2011-09-05,25365.06,25459.92,-0.00373
2011-09-06,25473.82,25365.06,0.00429
2011-09-07,25965.8,25473.82,0.01931
2011-09-08,25990.52,25965.8,0.00095
2011-09-09,26443.1,25990.52,0.01741
2011-09-12,26745.77,26443.1,0.01145
2011-09-13,26830.08,26745.77,0.00315
2011-09-14,27067.97,26830.08,0.00887
2011-09-15,27534.23,27067.97,0.01723
2011-09-16,27308.01,27534.23,-0.00822
2011-09-19,27555.28,27308.01,0.00905
2011-09-20,27969.1,27555.28,0.01502
2011-09-21,27774.21,27969.1,-0.00697
2011-09-22,28223.27,27774.21,0.01617
2011-09-23,28466.02,28223.27,0.0086
2011-09-26,28246.74,28466.02,-0.0077
2011-09-27,28426.65,28246.74,0.00637
2011-09-28,28015.35,28426.65,-0.01447
2011-09-29,27669.51,28015.35,-0.01234
2011-09-30,27155.06,27669.51,-0.01859
2011-10-03,27263.77,27155.06,0.004
2011-10-04,27179.03,27263.77,-0.00311
2011-10-05,26977.74,27179.03,-0.00741
2011-10-06,26845.6,26977.74,-0.0049
2011-10-07,26844.69,26845.6,-3e-05
2011-10-10,26768.78,26844.69,-0.00283
2011-10-11,26643.35,26768.78,-0.00469
2011-10-12,26712.66,26643.35,0.0026
2011-10-13,26452.44,26712.66,-0.00974
2011-10-14,26315.09,26452.44,-0.00519
2011-10-17,26674.19,26315.09,0.01365
2011-10-18,26798.29,26674.19,0.00465
2011-10-19,26282.93,26798.29,-0.01923
2011-10-20,26755.29,26282.93,0.01797
2011-10-21,26523.27,26755.29,-0.00867
2011-10-24,27030.17,26523.27,0.01911
2011-10-25,27081.2,27030.17,0.00189
2011-10-26,27393.01,27081.2,0.01151
2011-10-27,26876.01,27393.01,-0.01887
2011-10-28,26664.72,26876.01,-0.00786
2011-10-31,26492.29,26664.72,-0.00647
2011-11-01,26344.05,26492.29,-0.0056
2011-11-02,26131.37,26344.05,-0.00807
2011-11-03,25963.69,26131.37,-0.00642
2011-11-04,25942.91,25963.69,-0.0008
2011-11-07,25781.11,25942.91,-0.00624
2011-11-08,25751.83,25781.11,-0.00114
2011-11-09,25858.8,25751.83,0.00415
2011-11-10,25365.52,25858.8,-0.01908
2011-11-11,25311.1,25365.52,-0.00215
2011-11-14,25051.49,25311.1,-0.01026
2011-11-15,25035.37,25051.49,-0.00064
2011-11-16,25214.21,25035.37,0.00714
2011-11-17,24836.53,25214.21,-0.01498
2011-11-18,24741.19,24836.53,-0.00384
2011-11-21,25002.08,24741.19,0.01054
2011-11-22,25300.72,25002.08,0.01194
2011-11-23,25164.64,25300.72,-0.00538
2011-11-24,25551.48,25164.64,0.01537
2011-11-25,25645.54,25551.48,0.00368
2011-11-28,25672.24,25645.54,0.00104
2011-11-29,25541.56,25672.24,-0.00509
2011-11-30,25629.07,25541.56,0.00343
2011-12-01,25831.52,25629.07,0.0079
2011-12-02,25654.27,25831.52,-0.00686
2011-12-05,25797.5,25654.27,0.00558
2011-12-06,25481.81,25797.5,-0.01224
2011-12-07,25162.4,25481.81,-0.01253
2011-12-08,25324.73,25162.4,0.00645
2011-12-09,25274.32,25324.73,-0.00199
2011-12-12,25060.35,25274.32,-0.00847
2011-12-13,25166.55,25060.35,0.00424
2011-12-14,25372.77,25166.55,0.00819
2011-12-15,25397.35,25372.77,0.00097
2011-12-16,25817.75,25397.35,0.01655
2011-12-19,25634.66,25817.75,-0.00709
2011-12-20,25462.35,25634.66,-0.00672
2011-12-21,25730.31,25462.35,0.01052
2011-12-22,25458.32,25730.31,-0.01057
2011-12-23,25668.15,25458.32,0.00824
2011-12-26,25226.24,25668.15,-0.01722
2011-12-27,24962.58,25226.24,-0.01045
2011-12-28,24925.37,24962.58,-0.00149
2011-12-29,24824.9,24925.37,-0.00403
2011-12-30,25249.96,24824.9,0.01712
2012-01-02,24996.36,25249.96,-0.01004
2012-01-03,24997.82,24996.36,6e-05
2012-01-04,25050.98,24997.82,0.00213
2012-01-05,25032.29,25050.98,-0.00075
2012-01-06,25353.64,25032.29,0.01284
2012-01-09,25206.49,25353.64,-0.0058
2012-01-10,25074.62,25206.49,-0.00523
2012-01-11,24814.7,25074.62,-0.01037
2012-01-12,25063.3,24814.7,0.01002
2012-01-13,25145.35,25063.3,0.00327
2012-01-16,25231.88,25145.35,0.00344
2012-01-17,25301.72,25231.88,0.00277
2012-01-18,25005.79,25301.72,-0.0117
2012-01-19,25152.84,25005.79,0.00588
2012-01-20,25251.78,25152.84,0.00393
2012-01-23,25657.66,25251.78,0.01607
2012-01-24,25788.01,25657.66,0.00508
2012-01-25,25579.84,25788.01,-0.00807
2012-01-26,25507.09,25579.84,-0.00284
2012-01-27,26018.58,25507.09,0.02005
2012-01-30,25691.77,26018.58,-0.01256
2012-01-31,25324.56,25691.77,-0.01429
2012-02-01,24738.69,25324.56,-0.02313
2012-02-02,25139.83,24738.69,0.01622
2012-02-03,25172.42,25139.83,0.0013
2012-02-06,24865.29,25172.42,-0.0122
2012-02-07,25470.33,24865.29,0.02433
2012-02-08,25272.68,25470.33,-0.00776
2012-02-09,25512.01,25272.68,0.00947
2012-02-10,25926.3,25512.01,0.01624
2012-02-13,25967.0,25926.3,0.00157
2012-02-14,26151.58,25967.0,0.00711
2012-02-15,26586.07,26151.58,0.01661
2012-02-16,26229.58,26586.07,-0.01341
2012-02-17,26468.11,26229.58,0.00909
2012-02-20,25387.64,26468.11,-0.04082
2012-02-21,25027.91,25387.64,-0.01417
2012-02-22,24928.39,25027.91,-0.00398
2012-02-23,25064.93,24928.39,0.00548
2012-02-24,24922.3,25064.93,-0.00569
2012-02-27,24773.61,24922.3,-0.00597
2012-02-28,24535.77,24773.61,-0.0096
2012-02-29,24716.43,24535.77,0.00736
2012-03-01,24782.8,24716.43,0.00269
2012-03-02,25102.13,24782.8,0.01289
2012-03-05,24466.49,25102.13,-0.02532
2012-03-06,24243.17,24466.49,-0.00913
2012-03-07,24343.24,24243.17,0.00413
2012-03-08,24816.25,24343.24,0.01943
2012-03-09,24638.04,24816.25,-0.00718
2012-03-12,24179.49,24638.04,-0.01861
2012-03-13,24041.78,24179.49,-0.0057
2012-03-14,24038.14,24041.78,-0.00015
2012-03-15,24268.46,24038.14,0.00958
2012-03-16,24584.86,24268.46,0.01304
2012-03-19,24794.87,24584.86,0.00854
2012-03-20,24789.38,24794.87,-0.00022
2012-03-21,25373.64,24789.38,0.02357
2012-03-22,25204.35,25373.64,-0.00667
2012-03-23,25225.59,25204.35,0.00084
2012-03-26,25409.62,25225.59,0.0073
2012-03-27,25290.42,25409.62,-0.00469
2012-03-28,25250.14,25290.42,-0.00159
2012-03-29,25449.19,25250.14,0.00788
2012-03-30,25223.02,25449.19,-0.00889
2012-04-02,25195.51,25223.02,-0.00109
2012-04-03,25177.1,25195.51,-0.00073
2012-04-04,25821.93,25177.1,0.02561
2012-04-05,26078.7,25821.93,0.00994
2012-04-06,25912.58,26078.7,-0.00637
2012-04-09,26153.38,25912.58,0.00929
2012-04-10,25884.23,26153.38,-0.01029
2012-04-11,26033.87,25884.23,0.00578
2012-04-12,25601.75,26033.87,-0.0166
2012-04-13,25835.5,25601.75,0.00913
2012-04-16,25822.78,25835.5,-0.00049
2012-04-17,25484.44,25822.78,-0.0131
2012-04-18,25632.97,25484.44,0.00583
2012-04-19,25901.02,25632.97,0.01046
2012-04-20,26044.24,25901.02,0.00553
2012-04-23,26128.58,26044.24,0.00324
2012-04-24,25793.31,26128.58,-0.01283
2012-04-25,26053.19,25793.31,0.01008
2012-04-26,24753.6,26053.19,-0.04988
2012-04-27,24634.46,24753.6,-0.00481
2012-04-30,25192.8,24634.46,0.02266
2012-05-01,24849.49,25192.8,-0.01363
2012-05-02,24404.66,24849.49,-0.0179
2012-05-03,24191.54,24404.66,-0.00873
2012-05-04,24319.82,24191.54,0.0053
2012-05-07,24327.57,24319.82,0.00032
2012-05-08,24617.99,24327.57,0.01194
2012-05-09,24659.87,24617.99,0.0017
2012-05-10,24022.64,24659.87,-0.02584
2012-05-11,24289.89,24022.64,0.01112
2012-05-14,24169.97,24289.89,-0.00494
2012-05-15,24371.22,24169.97,0.00833
2012-05-16,24763.6,24371.22,0.0161
2012-05-17,24927.24,24763.6,0.00661
2012-05-18,25305.11,24927.24,0.01516
2012-05-21,25005.32,25305.11,-0.01185
2012-05-22,24921.62,25005.32,-0.00335
2012-05-23,25001.84,24921.62,0.00322
2012-05-24,24716.92,25001.84,-0.0114
2012-05-25,25101.52,24716.92,0.01556
2012-05-28,25467.22,25101.52,0.01457
2012-05-29,25630.3,25467.22,0.0064
2012-05-30,25830.34,25630.3,0.0078
2012-05-31,25830.1,25830.34,-1e-05
2012-06-01,25570.75,25830.1,-0.01004
2012-06-04,25436.99,25570.75,-0.00523
2012-06-05,25403.22,25436.99,-0.00133
2012-06-06,25501.98,25403.22,0.00389
2012-06-07,25501.49,25501.98,-2e-05
2012-06-08,25614.6,25501.49,0.00444
2012-06-11,24684.42,25614.6,-0.03631
2012-06-12,24520.32,24684.42,-0.00665
2012-06-13,24600.46,24520.32,0.00327
2012-06-14,24890.52,24600.46,0.01179
2012-06-15,24491.62,24890.52,-0.01603
2012-06-18,24615.38,24491.62,0.00505
2012-06-19,23536.83,24615.38,-0.04382
2012-06-20,23555.44,23536.83,0.00079
2012-06-21,23610.93,23555.44,0.00236
2012-06-22,23544.36,23610.93,-0.00282
2012-06-25,23569.65,23544.36,0.00107
2012-06-26,23510.34,23569.65,-0.00252
2012-06-27,23165.75,23510.34,-0.01466
2012-06-28,23536.96,23165.75,0.01602
2012-06-29,23652.99,23536.96,0.00493
2012-07-02,23555.97,23652.99,-0.0041
2012-07-03,23926.25,23555.97,0.01572
2012-07-04,23892.03,23926.25,-0.00143
2012-07-05,24092.62,23892.03,0.0084
2012-07-06,23698.54,24092.62,-0.01636
2012-07-09,23583.07,23698.54,-0.00487
2012-07-10,22853.82,23583.07,-0.03092
2012-07-11,23249.2,22853.82,0.0173
2012-07-12,23753.57,23249.2,0.02169
2012-07-13,24155.16,23753.57,0.01691
2012-07-16,24660.21,24155.16,0.02091
2012-07-17,24517.82,24660.21,-0.00577
2012-07-18,24187.21,24517.82,-0.01348
2012-07-19,23600.66,24187.21,-0.02425
2012-07-20,23665.27,23600.66,0.00274
2012-07-23,23642.09,23665.27,-0.00098
2012-07-24,24070.76,23642.09,0.01813
2012-07-25,24050.95,24070.76,-0.00082
2012-07-26,24513.64,24050.95,0.01924
2012-07-27,24137.73,24513.64,-0.01533
2012-07-30,24639.4,24137.73,0.02078
2012-07-31,24662.01,24639.4,0.00092
2012-08-01,25070.42,24662.01,0.01656
2012-08-02,25382.18,25070.42,0.01244
2012-08-03,25187.98,25382.18,-0.00765
2012-08-06,25479.39,25187.98,0.01157
2012-08-07,25357.73,25479.39,-0.00477
2012-08-08,25649.5,25357.73,0.01151
2012-08-09,25860.55,25649.5,0.00823
2012-08-10,26027.44,25860.55,0.00645
2012-08-13,26030.21,26027.44,0.00011
2012-08-14,26009.73,26030.21,-0.00079
2012-08-15,26076.2,26009.73,0.00256
2012-08-16,25442.27,26076.2,-0.02431
2012-08-17,25036.01,25442.27,-0.01597
2012-08-20,25061.91,25036.01,0.00103
2012-08-21,25168.53,25061.91,0.00425
2012-08-22,24960.85,25168.53,-0.00825
2012-08-23,25090.31,24960.85,0.00519
2012-08-24,25010.24,25090.31,-0.00319
2012-08-27,25489.27,25010.24,0.01915
2012-08-28,25144.57,25489.27,-0.01352
2012-08-29,25533.3,25144.57,0.01546
2012-08-30,25356.84,25533.3,-0.00691
2012-08-31,25503.96,25356.84,0.0058
2012-09-03,25479.13,25503.96,-0.00097
2012-09-04,25254.9,25479.13,-0.0088
2012-09-05,24731.35,25254.9,-0.02073
2012-09-06,24975.66,24731.35,0.00988
2012-09-07,24549.16,24975.66,-0.01708
2012-09-10,24466.63,24549.16,-0.00336
2012-09-11,24859.33,24466.63,0.01605
2012-09-12,25266.32,24859.33,0.01637
2012-09-13,25389.16,25266.32,0.00486
2012-09-14,24980.84,25389.16,-0.01608
2012-09-17,24986.61,24980.84,0.00023
2012-09-18,25047.28,24986.61,0.00243
2012-09-19,24867.21,25047.28,-0.00719
2012-09-20,25272.7,24867.21,0.01631
2012-09-21,25378.71,25272.7,0.00419
2012-09-24,25507.01,25378.71,0.00506
2012-09-25,25517.94,25507.01,0.00043
2012-09-26,25176.85,25517.94,-0.01337
2012-09-27,24959.28,25176.85,-0.00864
2012-09-28,24730.49,24959.28,-0.00917
2012-10-01,25098.51,24730.49,0.01488
2012-10-02,25148.41,25098.51,0.00199
2012-10-03,25312.44,25148.41,0.00652
2012-10-04,25466.66,25312.44,0.00609
2012-10-05,25619.17,25466.66,0.00599
2012-10-08,26128.92,25619.17,0.0199
2012-10-09,26413.28,26128.92,0.01088
2012-10-10,26541.87,26413.28,0.00487
2012-10-11,26627.71,26541.87,0.00323
2012-10-12,27095.97,26627.71,0.01759
2012-10-15,26603.43,27095.97,-0.01818
2012-10-16,27036.99,26603.43,0.0163
2012-10-17,26925.43,27036.99,-0.00413
2012-10-18,27112.97,26925.43,0.00697
2012-10-19,27075.81,27112.97,-0.00137
2012-10-22,27129.07,27075.81,0.00197
2012-10-23,27098.93,27129.07,-0.00111
2012-10-24,26062.0,27098.93,-0.03826
2012-10-25,25775.15,26062.0,-0.01101
2012-10-26,25577.07,25775.15,-0.00768
2012-10-29,25234.69,25577.07,-0.01339
2012-10-30,24743.87,25234.69,-0.01945
2012-10-31,24911.33,24743.87,0.00677
2012-11-01,24655.22,24911.33,-0.01028
2012-11-02,24706.98,24655.22,0.0021
2012-11-05,25054.4,24706.98,0.01406
2012-11-06,24778.96,25054.4,-0.01099
2012-11-07,24751.51,24778.96,-0.00111
2012-11-08,25081.93,24751.51,0.01335
2012-11-09,25017.11,25081.93,-0.00258
2012-11-12,24933.9,25017.11,-0.00333
2012-11-13,24369.52,24933.9,-0.02264
2012-11-14,24747.68,24369.52,0.01552
2012-11-15,24696.51,24747.68,-0.00207
2012-11-16,24346.42,24696.51,-0.01418
2012-11-19,24586.19,24346.42,0.00985
2012-11-20,24484.54,24586.19,-0.00413
2012-11-21,24135.21,24484.54,-0.01427
2012-11-22,23972.11,24135.21,-0.00676
2012-11-23,24176.24,23972.11,0.00852
2012-11-26,24364.54,24176.24,0.00779
2012-11-27,24249.98,24364.54,-0.0047
2012-11-28,24265.41,24249.98,0.00064
2012-11-29,24688.46,24265.41,0.01743
2012-11-30,24740.54,24688.46,0.00211
2012-12-03,23774.5,24740.54,-0.03905
2012-12-04,24151.25,23774.5,0.01585
2012-12-05,23988.98,24151.25,-0.00672
2012-12-06,24018.19,23988.98,0.00122
2012-12-07,23708.47,24018.19,-0.0129
2012-12-10,23489.36,23708.47,-0.00924
2012-12-11,23355.17,23489.36,-0.00571
2012-12-12,23506.41,23355.17,0.00648
2012-12-13,23784.03,23506.41,0.01181
2012-12-14,23677.61,23784.03,-0.00447
2012-12-17,23882.46,23677.61,0.00865
2012-12-18,23867.76,23882.46,-0.00062
2012-12-19,24061.67,23867.76,0.00812
2012-12-20,23863.46,24061.67,-0.00824
2012-12-21,23945.06,23863.46,0.00342
2012-12-24,23915.19,23945.06,-0.00125
2012-12-25,23961.1,23915.19,0.00192
2012-12-26,24629.68,23961.1,0.0279
2012-12-27,24720.87,24629.68,0.0037
2012-12-28,25115.97,24720.87,0.01598
2012-12-31,25427.0,25115.97,0.01238
2013-01-01,25015.19,25427.0,-0.0162
2013-01-02,25142.79,25015.19,0.0051
2013-01-03,25455.18,25142.79,0.01242
2013-01-04,25037.52,25455.18,-0.01641
2013-01-07,24832.62,25037.52,-0.00818
2013-01-08,25788.29,24832.62,0.03848
2013-01-09,25832.77,25788.29,0.00172
2013-01-10,25727.8,25832.77,-0.00406
2013-01-11,25757.69,25727.8,0.00116
2013-01-14,25536.85,25757.69,-0.00857
2013-01-15,25587.52,25536.85,0.00198
2013-01-16,25671.53,25587.52,0.00328
2013-01-17,25611.94,25671.53,-0.00232
2013-01-18,26031.91,25611.94,0.0164
2013-01-21,26542.55,26031.91,0.01962
2013-01-22,26868.17,26542.55,0.01227
2013-01-23,26662.61,26868.17,-0.00765
2013-01-24,26532.27,26662.61,-0.00489
2013-01-25,25651.96,26532.27,-0.03318
2013-01-28,25784.29,25651.96,0.00516
2013-01-29,25670.86,25784.29,-0.0044
2013-01-30,25533.59,25670.86,-0.00535
2013-01-31,25361.86,25533.59,-0.00673
2013-02-01,25447.18,25361.86,0.00336
2013-02-04,25509.58,25447.18,0.00245
2013-02-05,25205.25,25509.58,-0.01193
2013-02-06,25645.82,25205.25,0.01748
2013-02-07,25713.5,25645.82,0.00264
2013-02-08,25346.7,25713.5,-0.01426
2013-02-11,25602.34,25346.7,0.01009
2013-02-12,25379.44,25602.34,-0.00871
2013-02-13,25906.22,25379.44,0.02076
2013-02-14,26308.43,25906.22,0.01553
2013-02-15,26486.06,26308.43,0.00675
2013-02-18,27188.3,26486.06,0.02651
2013-02-19,26942.53,27188.3,-0.00904
2013-02-20,27054.44,26942.53,0.00415
2013-02-21,26997.51,27054.44,-0.0021
2013-02-22,26752.38,26997.51,-0.00908
2013-02-25,26394.91,26752.38,-0.01336
2013-02-26,26740.23,26394.91,0.01308
2013-02-27,26690.08,26740.23,-0.00188
2013-02-28,26429.82,26690.08,-0.00975
2013-03-01,26296.71,26429.82,-0.00504
2013-03-04,27215.89,26296.71,0.03495
2013-03-05,27244.94,27215.89,0.00107
2013-03-06,27054.53,27244.94,-0.00699
2013-03-07,27007.79,27054.53,-0.00173
2013-03-08,27380.93,27007.79,0.01382
2013-03-11,27366.89,27380.93,-0.00051
2013-03-12,27329.3,27366.89,-0.00137
2013-03-13,27327.38,27329.3,-7e-05
2013-03-14,27188.21,27327.38,-0.00509
2013-03-15,27129.03,27188.21,-0.00218
2013-03-18,27559.42,27129.03,0.01586
2013-03-19,27510.28,27559.42,-0.00178
2013-03-20,27502.11,27510.28,-0.0003
2013-03-21,26641.45,27502.11,-0.03129
2013-03-22,26862.22,26641.45,0.00829
2013-03-25,27244.53,26862.22,0.01423
2013-03-26,27055.45,27244.53,-0.00694
2013-03-27,27212.39,27055.45,0.0058
2013-03-28,26902.09,27212.39,-0.0114
2013-03-29,27011.33,26902.09,0.00406
2013-04-01,27132.73,27011.33,0.00449
2013-04-02,26479.54,27132.73,-0.02407
2013-04-03,26810.86,26479.54,0.01251
2013-04-04,27213.49,26810.86,0.01502
2013-04-05,27183.83,27213.49,-0.00109
2013-04-08,26870.04,27183.83,-0.01154
2013-04-09,26881.15,26870.04,0.00041
2013-04-10,26850.82,26881.15,-0.00113
2013-04-11,27140.27,26850.82,0.01078
2013-04-12,27137.62,27140.27,-0.0001
2013-04-15,27113.49,27137.62,-0.00089
2013-04-16,27427.85,27113.49,0.01159
2013-04-17,27642.89,27427.85,0.00784
2013-04-18,27689.26,27642.89,0.00168
2013-04-19,27497.78,27689.26,-0.00692
2013-04-22,27286.98,27497.78,-0.00767
2013-04-23,27102.62,27286.98,-0.00676
2013-04-24,26881.59,27102.62,-0.00816
2013-04-25,26790.21,26881.59,-0.0034
2013-04-26,27158.34,26790.21,0.01374
2013-04-29,27077.02,27158.34,-0.00299
2013-04-30,27023.25,27077.02,-0.00199
2013-05-01,26168.33,27023.25,-0.03164
2013-05-02,26489.09,26168.33,0.01226
2013-05-03,26401.72,26489.09,-0.0033
2013-05-06,26609.12,26401.72,0.00786
2013-05-07,26778.31,26609.12,0.00636
2013-05-08,26608.13,26778.31,-0.00636
2013-05-09,26177.85,26608.13,-0.01617
2013-05-10,25771.03,26177.85,-0.01554
2013-05-13,25595.67,25771.03,-0.0068
2013-05-14,26041.62,25595.67,0.01742
2013-05-15,25795.38,26041.62,-0.00946
2013-05-16,25940.82,25795.38,0.00564
2013-05-17,25969.33,25940.82,0.0011
2013-05-20,25764.69,25969.33,-0.00788
2013-05-21,25982.42,25764.69,0.00845
2013-05-22,25968.44,25982.42,-0.00054
2013-05-23,26209.22,25968.44,0.00927
2013-05-24,26830.77,26209.22,0.02371
2013-05-27,26408.58,26830.77,-0.01574
2013-05-28,26404.35,26408.58,-0.00016
2013-05-29,26692.67,26404.35,0.01092
2013-05-30,26684.29,26692.67,-0.00031
2013-05-31,27050.81,26684.29,0.01374
2013-06-03,27260.54,27050.81,0.00775
2013-06-04,27349.24,27260.54,0.00325
2013-06-05,27513.29,27349.24,0.006
2013-06-06,27289.15,27513.29,-0.00815
2013-06-07,26836.98,27289.15,-0.01657
2013-06-10,26311.44,26836.98,-0.01958
2013-06-11,26407.82,26311.44,0.00366
2013-06-12,26129.29,26407.82,-0.01055
2013-06-13,26535.4,26129.29,0.01554
2013-06-14,26193.88,26535.4,-0.01287
2013-06-17,25699.47,26193.88,-0.01888
2013-06-18,25137.15,25699.47,-0.02188
2013-06-19,25540.77,25137.15,0.01606
2013-06-20,25567.75,25540.77,0.00106
2013-06-21,25738.09,25567.75,0.00666
2013-06-24,25397.29,25738.09,-0.01324
2013-06-25,25843.84,25397.29,0.01758
2013-06-26,25425.1,25843.84,-0.0162
2013-06-27,25424.08,25425.1,-4e-05
2013-06-28,25307.36,25424.08,-0.00459
2013-07-01,25609.02,25307.36,0.01192
2013-07-02,25294.19,25609.02,-0.01229
2013-07-03,25186.39,25294.19,-0.00426
2013-07-04,25107.44,25186.39,-0.00313
2013-07-05,25096.8,25107.44,-0.00042
2013-07-08,25109.11,25096.8,0.00049
2013-07-09,25321.42,25109.11,0.00846
2013-07-10,25597.55,25321.42,0.0109
2013-07-11,25516.53,25597.55,-0.00317
2013-07-12,25487.56,25516.53,-0.00114
2013-07-15,25547.98,25487.56,0.00237
2013-07-16,25672.19,25547.98,0.00486
2013-07-17,25656.37,25672.19,-0.00062
2013-07-18,25824.08,25656.37,0.00654
2013-07-19,25924.24,25824.08,0.00388
2013-07-22,26172.31,25924.24,0.00957
2013-07-23,26007.49,26172.31,-0.0063
2013-07-24,26084.99,26007.49,0.00298
2013-07-25,25936.56,26084.99,-0.00569
2013-07-26,25441.68,25936.56,-0.01908
2013-07-29,25259.37,25441.68,-0.00717
2013-07-30,25319.41,25259.37,0.00238
2013-07-31,25192.33,25319.41,-0.00502
2013-08-01,24931.8,25192.33,-0.01034
2013-08-02,25133.24,24931.8,0.00808
2013-08-05,25489.18,25133.24,0.01416
2013-08-06,25695.75,25489.18,0.0081
2013-08-07,25908.43,25695.75,0.00828
2013-08-08,25546.34,25908.43,-0.01398
2013-08-09,25716.17,25546.34,0.00665
2013-08-12,26200.75,25716.17,0.01884
2013-08-13,26598.96,26200.75,0.0152
2013-08-14,26644.67,26598.96,0.00172
2013-08-15,27009.15,26644.67,0.01368
2013-08-16,26956.67,27009.15,-0.00194
2013-08-19,26876.87,26956.67,-0.00296
2013-08-20,27035.84,26876.87,0.00591
2013-08-21,27185.51,27035.84,0.00554
2013-08-22,27021.72,27185.51,-0.00602
2013-08-23,25501.15,27021.72,-0.05627
2013-08-26,25822.85,25501.15,0.01262
2013-08-27,25703.49,25822.85,-0.00462
2013-08-28,25768.4,25703.49,0.00253
2013-08-29,25881.34,25768.4,0.00438
2013-08-30,26181.1,25881.34,0.01158
2013-09-02,26180.79,26181.1,-1e-05
2013-09-03,26286.06,26180.79,0.00402
2013-09-04,26654.87,26286.06,0.01403
2013-09-05,26537.86,26654.87,-0.00439
2013-09-06,26372.04,26537.86,-0.00625
2013-09-09,25986.31,26372.04,-0.01463
2013-09-10,26218.65,25986.31,0.00894
2013-09-11,26103.68,26218.65,-0.00439
2013-09-12,25966.7,26103.68,-0.00525
2013-09-13,25474.48,25966.7,-0.01896
2013-09-16,25369.56,25474.48,-0.00412
2013-09-17,25119.25,25369.56,-0.00987
2013-09-18,25050.66,25119.25,-0.00273
2013-09-19,24973.3,25050.66,-0.00309
2013-09-20,24998.1,24973.3,0.00099
2013-09-23,25461.08,24998.1,0.01852
2013-09-24,25173.07,25461.08,-0.01131
2013-09-25,25167.77,25173.07,-0.00021
2013-09-26,25029.7,25167.77,-0.00549
2013-09-27,24966.64,25029.7,-0.00252
2013-09-30,25030.76,24966.64,0.00257
2013-10-01,25293.15,25030.76,0.01048
2013-10-02,25345.11,25293.15,0.00205
2013-10-03,25428.07,25345.11,0.00327
2013-10-04,25636.64,25428.07,0.0082
2013-10-07,25704.62,25636.64,0.00265
2013-10-08,25612.31,25704.62,-0.00359
2013-10-09,25638.46,25612.31,0.00102
2013-10-10,25705.39,25638.46,0.00261
2013-10-11,24850.83,25705.39,-0.03324
2013-10-14,25090.93,24850.83,0.00966
2013-10-15,25172.61,25090.93,0.00326
2013-10-16,25402.08,25172.61,0.00912
2013-10-17,25500.79,25402.08,0.00389
2013-10-18,25197.75,25500.79,-0.01188
2013-10-21,25055.7,25197.75,-0.00564
2013-10-22,25090.46,25055.7,0.00139
2013-10-23,24797.32,25090.46,-0.01168
2013-10-24,25154.39,24797.32,0.0144
2013-10-25,24867.61,25154.39,-0.0114
2013-10-28,25347.46,24867.61,0.0193
2013-10-29,25465.73,25347.46,0.00467
2013-10-30,25662.17,25465.73,0.00771
2013-10-31,25374.75,25662.17,-0.0112
2013-11-01,25336.76,25374.75,-0.0015
2013-11-04,25278.22,25336.76,-0.00231
2013-11-05,25699.23,25278.22,0.01666
2013-11-06,26296.62,25699.23,0.02325
2013-11-07,26858.99,26296.62,0.02139
2013-11-08,26207.92,26858.99,-0.02424
2013-11-11,26276.78,26207.92,0.00263
2013-11-12,25976.21,26276.78,-0.01144
2013-11-13,26010.99,25976.21,0.00134
2013-11-14,25945.15,26010.99,-0.00253
2013-11-15,25542.83,25945.15,-0.01551
2013-11-18,25273.03,25542.83,-0.01056
2013-11-19,25502.12,25273.03,0.00906
2013-11-20,25519.56,25502.12,0.00068
2013-11-21,25403.4,25519.56,-0.00455
2013-11-22,25488.03,25403.4,0.00333
2013-11-25,25251.09,25488.03,-0.0093
2013-11-26,25471.44,25251.09,0.00873
2013-11-27,25426.65,25471.44,-0.00176
2013-11-28,25768.15,25426.65,0.01343
2013-11-29,25274.55,25768.15,-0.01916
2013-12-02,25419.3,25274.55,0.00573
2013-12-03,25357.64,25419.3,-0.00243
2013-12-04,25038.45,25357.64,-0.01259
2013-12-05,24828.48,25038.45,-0.00839
2013-12-06,24896.1,24828.48,0.00272
2013-12-09,25107.23,24896.1,0.00848
2013-12-10,25042.36,25107.23,-0.00258
2013-12-11,25043.64,25042.36,5e-05
2013-12-12,24966.25,25043.64,-0.00309
2013-12-13,24879.53,24966.25,-0.00347
2013-12-16,25437.24,24879.53,0.02242
2013-12-17,25683.79,25437.24,0.00969
2013-12-18,26164.54,25683.79,0.01872
2013-12-19,26107.44,26164.54,-0.00218
2013-12-20,26273.33,26107.44,0.00635
2013-12-23,26292.49,26273.33,0.00073
2013-12-24,26639.72,26292.49,0.01321
2013-12-25,26769.16,26639.72,0.00486
2013-12-26,27284.46,26769.16,0.01925
2013-12-27,27393.97,27284.46,0.00401
2013-12-30,27339.04,27393.97,-0.00201
2013-12-31,27108.04,27339.04,-0.00845
2014-01-01,26990.27,27108.04,-0.00434
2014-01-02,27262.22,26990.27,0.01008
2014-01-03,27169.2,27262.22,-0.00341
2014-01-06,27243.63,27169.2,0.00274
2014-01-07,27519.83,27243.63,0.01014
2014-01-08,27938.4,27519.83,0.01521
2014-01-09,27665.61,27938.4,-0.00976
2014-01-10,27631.73,27665.61,-0.00122
2014-01-13,27310.15,27631.73,-0.01164
2014-01-14,27398.87,27310.15,0.00325
2014-01-15,27421.36,27398.87,0.00082
2014-01-16,27515.2,27421.36,0.00342
2014-01-17,27181.69,27515.2,-0.01212
2014-01-20,27087.69,27181.69,-0.00346
2014-01-21,26632.45,27087.69,-0.01681
2014-01-22,26839.32,26632.45,0.00777
2014-01-23,26723.67,26839.32,-0.00431
2014-01-24,26565.08,26723.67,-0.00593
2014-01-27,26673.14,26565.08,0.00407
2014-01-28,26891.21,26673.14,0.00818
2014-01-29,26763.19,26891.21,-0.00476
2014-01-30,26795.88,26763.19,0.00122
2014-01-31,26898.55,26795.88,0.00383
2014-02-03,26834.0,26898.55,-0.0024
2014-02-04,26586.62,26834.0,-0.00922
2014-02-05,26408.15,26586.62,-0.00671
2014-02-06,26633.65,26408.15,0.00854
2014-02-07,26705.9,26633.65,0.00271
2014-02-10,26398.21,26705.9,-0.01152
2014-02-11,26273.21,26398.21,-0.00474
2014-02-12,26472.06,26273.21,0.00757
2014-02-13,26485.77,26472.06,0.00052
2014-02-14,26273.07,26485.77,-0.00803
2014-02-17,25955.73,26273.07,-0.01208
2014-02-18,25683.23,25955.73,-0.0105
2014-02-19,26142.74,25683.23,0.01789
2014-02-20,26102.01,26142.74,-0.00156
2014-02-21,25872.95,26102.01,-0.00878
2014-02-24,25637.5,25872.95,-0.0091
2014-02-25,25908.93,25637.5,0.01059
2014-02-26,25369.95,25908.93,-0.0208
2014-02-27,25235.07,25369.95,-0.00532
2014-02-28,25209.91,25235.07,-0.001
2014-03-03,25039.63,25209.91,-0.00675
2014-03-04,25578.29,25039.63,0.02151
2014-03-05,25630.1,25578.29,0.00203
2014-03-06,25664.62,25630.1,0.00135
2014-03-07,25940.53,25664.62,0.01075
2014-03-10,25923.38,25940.53,-0.00066
2014-03-11,25454.72,25923.38,-0.01808
2014-03-12,25515.68,25454.72,0.00239
2014-03-13,25380.38,25515.68,-0.0053
2014-03-14,25221.98,25380.38,-0.00624
2014-03-17,25550.02,25221.98,0.01301
2014-03-18,25312.33,25550.02,-0.0093
2014-03-19,25317.09,25312.33,0.00019
2014-03-20,25314.54,25317.09,-0.0001
2014-03-21,25391.87,25314.54,0.00305
2014-03-24,25943.17,25391.87,0.02171
2014-03-25,25699.13,25943.17,-0.00941
2014-03-26,25682.96,25699.13,-0.00063
2014-03-27,25978.77,25682.96,0.01152
2014-03-28,25991.34,25978.77,0.00048
2014-03-31,25793.74,25991.34,-0.0076
2014-04-01,25665.1,25793.74,-0.00499
2014-04-02,25974.97,25665.1,0.01207
2014-04-03,25628.01,25974.97,-0.01336
2014-04-04,26089.63,25628.01,0.01801
2014-04-07,26588.72,26089.63,0.01913
2014-04-08,26620.22,26588.72,0.00118
2014-04-09,26732.0,26620.22,0.0042
2014-04-10,26868.31,26732.0,0.0051
2014-04-11,26783.09,26868.31,-0.00317
2014-04-14,26888.95,26783.09,0.00395
2014-04-15,26306.2,26888.95,-0.02167
2014-04-16,25850.9,26306.2,-0.01731
2014-04-17,25604.91,25850.9,-0.00952
2014-04-18,25416.11,25604.91,-0.00737
2014-04-21,25550.91,25416.11,0.0053
2014-04-22,25605.21,25550.91,0.00213
2014-04-23,25819.22,25605.21,0.00836
2014-04-24,25165.04,25819.22,-0.02534
2014-04-25,25169.36,25165.04,0.00017
2014-04-28,25291.48,25169.36,0.00485
2014-04-29,25076.42,25291.48,-0.0085
2014-04-30,24843.26,25076.42,-0.0093
2014-05-01,24683.94,24843.26,-0.00641
2014-05-02,24321.87,24683.94,-0.01467
2014-05-05,24187.5,24321.87,-0.00552
2014-05-06,24124.83,24187.5,-0.00259
2014-05-07,23858.64,24124.83,-0.01103
2014-05-08,23639.8,23858.64,-0.00917
2014-05-09,23487.08,23639.8,-0.00646
2014-05-12,23755.7,23487.08,0.01144
2014-05-13,24082.09,23755.7,0.01374
2014-05-14,23874.0,24082.09,-0.00864
2014-05-15,24136.79,23874.0,0.01101
2014-05-16,24115.99,24136.79,-0.00086
2014-05-19,23853.37,24115.99,-0.01089
2014-05-20,23785.88,23853.37,-0.00283
2014-05-21,23602.42,23785.88,-0.00771
2014-05-22,23408.67,23602.42,-0.00821
2014-05-23,23060.47,23408.67,-0.01487
2014-05-26,23082.11,23060.47,0.00094
2014-05-27,22694.95,23082.11,-0.01677
2014-05-28,22525.5,22694.95,-0.00747
2014-05-29,22634.4,22525.5,0.00483
2014-05-30,23029.83,22634.4,0.01747
2014-06-02,22980.84,23029.83,-0.00213
2014-06-03,22983.65,22980.84,0.00012
2014-06-04,23138.65,22983.65,0.00674
2014-06-05,23075.32,23138.65,-0.00274
2014-06-06,23365.87,23075.32,0.01259
2014-06-09,22789.91,23365.87,-0.02465
2014-06-10,22842.88,22789.91,0.00232
2014-06-11,22612.45,22842.88,-0.01009
2014-06-12,22619.4,22612.45,0.00031
2014-06-13,22894.6,22619.4,0.01217
2014-06-16,22872.77,22894.6,-0.00095
2014-06-17,22738.99,22872.77,-0.00585
2014-06-18,22728.49,22738.99,-0.00046
2014-06-19,22590.1,22728.49,-0.00609
2014-06-20,22577.94,22590.1,-0.00054
2014-06-23,22726.26,22577.94,0.00657
2014-06-24,22512.95,22726.26,-0.00939
2014-06-25,22154.78,22512.95,-0.01591
2014-06-26,22251.88,22154.78,0.00438
2014-06-27,22139.65,22251.88,-0.00504
2014-06-30,21804.02,22139.65,-0.01516
2014-07-01,21488.82,21804.02,-0.01446
2014-07-02,21464.19,21488.82,-0.00115
2014-07-03,21228.24,21464.19,-0.01099
2014-07-04,21227.18,21228.24,-5e-05
2014-07-07,21426.03,21227.18,0.00937
2014-07-08,22087.89,21426.03,0.03089
2014-07-09,22126.12,22087.89,0.00173
2014-07-10,22445.52,22126.12,0.01444
2014-07-11,21184.58,22445.52,-0.05618
2014-07-14,21006.16,21184.58,-0.00842
2014-07-15,21009.18,21006.16,0.00014
2014-07-16,21068.47,21009.18,0.00282
2014-07-17,20196.2,21068.47,-0.0414
2014-07-18,20377.03,20196.2,0.00895
2014-07-21,20459.16,20377.03,0.00403
2014-07-22,20500.44,20459.16,0.00202
2014-07-23,20566.04,20500.44,0.0032
2014-07-24,20424.69,20566.04,-0.00687
2014-07-25,20599.45,20424.69,0.00856
2014-07-28,20607.58,20599.45,0.00039
2014-07-29,20500.26,20607.58,-0.00521
2014-07-30,20580.8,20500.26,0.00393
2014-07-31,20324.16,20580.8,-0.01247
2014-08-01,20204.4,20324.16,-0.00589
2014-08-04,20082.89,20204.4,-0.00601
2014-08-05,20097.07,20082.89,0.00071
2014-08-06,19991.88,20097.07,-0.00523
2014-08-07,20002.04,19991.88,0.00051
2014-08-08,19694.68,20002.04,-0.01537
2014-08-11,19418.27,19694.68,-0.01403
2014-08-12,19177.43,19418.27,-0.0124
2014-08-13,19141.58,19177.43,-0.00187
2014-08-14,18965.15,19141.58,-0.00922
2014-08-15,18929.27,18965.15,-0.00189
2014-08-18,18965.9,18929.27,0.00194
2014-08-19,19135.69,18965.9,0.00895
2014-08-20,19195.62,19135.69,0.00313
2014-08-21,19026.75,19195.62,-0.0088
2014-08-22,19018.09,19026.75,-0.00046
2014-08-25,19203.36,19018.09,0.00974
2014-08-26,19299.17,19203.36,0.00499
2014-08-27,19156.4,19299.17,-0.0074
2014-08-28,19371.56,19156.4,0.01123
2014-08-29,19211.14,19371.56,-0.00828
2014-09-01,19154.46,19211.14,-0.00295
2014-09-02,18780.28,19154.46,-0.01953
2014-09-03,18777.32,18780.28,-0.00016
2014-09-04,18818.86,18777.32,0.00221
2014-09-05,18758.65,18818.86,-0.0032
2014-09-08,18737.1,18758.65,-0.00115
2014-09-09,18579.22,18737.1,-0.00843
2014-09-10,18657.51,18579.22,0.00421
2014-09-11,18537.37,18657.51,-0.00644
2014-09-12,18627.4,18537.37,0.00486
2014-09-15,18690.08,18627.4,0.00336
2014-09-16,18689.29,18690.08,-4e-05
2014-09-17,18736.54,18689.29,0.00253
2014-09-18,18779.51,18736.54,0.00229
2014-09-19,18737.77,18779.51,-0.00222
2014-09-22,17584.63,18737.77,-0.06154
2014-09-23,17870.47,17584.63,0.01626
2014-09-24,18280.58,17870.47,0.02295
2014-09-25,18329.23,18280.58,0.00266
2014-09-26,18188.55,18329.23,-0.00768
2014-09-29,18234.93,18188.55,0.00255
2014-09-30,17986.56,18234.93,-0.01362
2014-10-01,18093.0,17986.56,0.00592
2014-10-02,18400.18,18093.0,0.01698
2014-10-03,18499.69,18400.18,0.00541
2014-10-06,18610.13,18499.69,0.00597
2014-10-07,18246.4,18610.13,-0.01954
2014-10-08,18192.69,18246.4,-0.00294
2014-10-09,17961.88,18192.69,-0.01269
2014-10-10,18281.02,17961.88,0.01777
2014-10-13,18274.47,18281.02,-0.00036
2014-10-14,18228.55,18274.47,-0.00251
2014-10-15,18343.03,18228.55,0.00628
2014-10-16,18557.33,18343.03,0.01168
2014-10-17,18694.21,18557.33,0.00738
2014-10-20,18570.5,18694.21,-0.00662
2014-10-21,18657.85,18570.5,0.0047
2014-10-22,18780.97,18657.85,0.0066
2014-10-23,18742.44,18780.97,-0.00205
2014-10-24,18900.22,18742.44,0.00842
2014-10-27,18779.2,18900.22,-0.0064
2014-10-28,18911.37,18779.2,0.00704
2014-10-29,19156.72,18911.37,0.01297
2014-10-30,19269.01,19156.72,0.00586
2014-10-31,19120.49,19269.01,-0.00771
2014-11-03,19242.27,19120.49,0.00637
2014-11-04,19442.15,19242.27,0.01039
2014-11-05,19616.79,19442.15,0.00898
2014-11-06,19460.68,19616.79,-0.00796
2014-11-07,19486.05,19460.68,0.0013
2014-11-10,19535.05,19486.05,0.00251
2014-11-11,20190.98,19535.05,0.03358
2014-11-12,20374.98,20190.98,0.00911
2014-11-13,20366.57,20374.98,-0.00041
2014-11-14,20655.33,20366.57,0.01418
2014-11-17,20650.93,20655.33,-0.00021
2014-11-18,20693.56,20650.93,0.00206
2014-11-19,21087.25,20693.56,0.01902
2014-11-20,21415.93,21087.25,0.01559
2014-11-21,21535.0,21415.93,0.00556
2014-11-24,21415.32,21535.0,-0.00556
2014-11-25,20796.94,21415.32,-0.02888
2014-11-26,20868.7,20796.94,0.00345
2014-11-27,20600.09,20868.7,-0.01287
2014-11-28,20875.04,20600.09,0.01335
2014-12-01,21169.54,20875.04,0.01411
2014-12-02,20933.33,21169.54,-0.01116
2014-12-03,20691.22,20933.33,-0.01157
2014-12-04,20639.73,20691.22,-0.00249
2014-12-05,20702.72,20639.73,0.00305
2014-12-08,20943.95,20702.72,0.01165
2014-12-09,20693.27,20943.95,-0.01197
2014-12-10,20267.04,20693.27,-0.0206
2014-12-11,20226.99,20267.04,-0.00198
2014-12-12,20140.39,20226.99,-0.00428
2014-12-15,20133.04,20140.39,-0.00036
2014-12-16,20451.55,20133.04,0.01582
2014-12-17,20354.95,20451.55,-0.00472
2014-12-18,20588.22,20354.95,0.01146
2014-12-19,20554.66,20588.22,-0.00163
2014-12-22,20673.15,20554.66,0.00576
2014-12-23,20875.4,20673.15,0.00978
2014-12-24,20865.6,20875.4,-0.00047
2014-12-25,20524.44,20865.6,-0.01635
2014-12-26,20316.82,20524.44,-0.01012
2014-12-29,20286.62,20316.82,-0.00149
2014-12-30,19967.28,20286.62,-0.01574
2014-12-31,19686.33,19967.28,-0.01407
2015-01-01,19580.09,19686.33,-0.0054
2015-01-02,19373.51,19580.09,-0.01055
2015-01-05,19527.34,19373.51,0.00794
2015-01-06,19676.2,19527.34,0.00762
2015-01-07,19146.7,19676.2,-0.02691
2015-01-08,19267.3,19146.7,0.0063
2015-01-09,19116.93,19267.3,-0.0078
2015-01-12,19076.64,19116.93,-0.00211
2015-01-13,19360.85,19076.64,0.0149
2015-01-14,19392.55,19360.85,0.00164
2015-01-15,19340.22,19392.55,-0.0027
2015-01-16,19169.34,19340.22,-0.00884
2015-01-19,19203.82,19169.34,0.0018
2015-01-20,19327.77,19203.82,0.00645
2015-01-21,19034.42,19327.77,-0.01518
2015-01-22,18946.65,19034.42,-0.00461
2015-01-23,19354.13,18946.65,0.02151
2015-01-26,19348.03,19354.13,-0.00032
2015-01-27,19736.62,19348.03,0.02008
2015-01-28,19774.95,19736.62,0.00194
2015-01-29,20151.15,19774.95,0.01902
2015-01-30,20523.61,20151.15,0.01848
2015-02-02,20371.2,20523.61,-0.00743
2015-02-03,20360.99,20371.2,-0.0005
2015-02-04,20347.39,20360.99,-0.00067
2015-02-05,20531.61,20347.39,0.00905
2015-02-06,20364.95,20531.61,-0.00812
2015-02-09,20139.83,20364.95,-0.01105
2015-02-10,20818.14,20139.83,0.03368
2015-02-11,21013.68,20818.14,0.00939
2015-02-12,21310.57,21013.68,0.01413
2015-02-13,21391.38,21310.57,0.00379
2015-02-16,21507.62,21391.38,0.00543
2015-02-17,21720.73,21507.62,0.00991
2015-02-18,21829.72,21720.73,0.00502
2015-02-19,21817.62,21829.72,-0.00055
2015-02-20,21787.59,21817.62,-0.00138
2015-02-23,22157.83,21787.59,0.01699
2015-02-24,22031.96,22157.83,-0.00568
2015-02-25,22229.99,22031.96,0.00899
2015-02-26,22291.1,22229.99,0.00275
2015-02-27,22274.74,22291.1,-0.00073
2015-03-02,22515.89,22274.74,0.01083
2015-03-03,22448.34,22515.89,-0.003
2015-03-04,21970.2,22448.34,-0.0213
2015-03-05,22210.44,21970.2,0.01093
2015-03-06,22284.63,22210.44,0.00334
2015-03-09,22407.02,22284.63,0.00549
2015-03-10,22708.09,22407.02,0.01344
2015-03-11,22713.9,22708.09,0.00026
2015-03-12,23060.4,22713.9,0.01525
2015-03-13,23023.65,23060.4,-0.00159
2015-03-16,23600.06,23023.65,0.02504
2015-03-17,23314.37,23600.06,-0.01211
2015-03-18,23327.57,23314.37,0.00057
2015-03-19,23269.0,23327.57,-0.00251
2015-03-20,22961.59,23269.0,-0.01321
2015-03-23,22720.99,22961.59,-0.01048
2015-03-24,22725.36,22720.99,0.00019
2015-03-25,22295.26,22725.36,-0.01893
2015-03-26,22284.49,22295.26,-0.00048
2015-03-27,22457.64,22284.49,0.00777
2015-03-30,22173.19,22457.64,-0.01267
2015-03-31,21968.21,22173.19,-0.00924
2015-04-01,21605.03,21968.21,-0.01653
2015-04-02,21477.03,21605.03,-0.00592
2015-04-03,21416.3,21477.03,-0.00283
2015-04-06,21205.93,21416.3,-0.00982
2015-04-07,21018.5,21205.93,-0.00884
2015-04-08,21035.24,21018.5,0.0008
2015-04-09,21099.95,21035.24,0.00308
2015-04-10,20805.31,21099.95,-0.01396
2015-04-13,20668.12,20805.31,-0.00659
2015-04-14,20489.69,20668.12,-0.00863
2015-04-15,20111.49,20489.69,-0.01846
2015-04-16,20080.4,20111.49,-0.00155
2015-04-17,20153.53,20080.4,0.00364
2015-04-20,20187.61,20153.53,0.00169
2015-04-21,19978.15,20187.61,-0.01038
2015-04-22,20197.71,19978.15,0.01099
2015-04-23,20362.48,20197.71,0.00816
2015-04-24,20190.92,20362.48,-0.00843
2015-04-27,20101.69,20190.92,-0.00442
2015-04-28,20276.46,20101.69,0.00869
2015-04-29,20152.27,20276.46,-0.00612
2015-04-30,20385.61,20152.27,0.01158
2015-05-01,20707.57,20385.61,0.01579
2015-05-04,20678.95,20707.57,-0.00138
2015-05-05,20679.01,20678.95,0.0
2015-05-06,20675.63,20679.01,-0.00016
2015-05-07,20959.12,20675.63,0.01371
2015-05-08,21144.53,20959.12,0.00885
2015-05-11,20902.04,21144.53,-0.01147
2015-05-12,20585.22,20902.04,-0.01516
2015-05-13,20435.35,20585.22,-0.00728
2015-05-14,20351.26,20435.35,-0.00411
2015-05-15,20118.98,20351.26,-0.01141
2015-05-18,20300.26,20118.98,0.00901
2015-05-19,20309.17,20300.26,0.00044
2015-05-20,20499.6,20309.17,0.00938
2015-05-21,20712.87,20499.6,0.0104
2015-05-22,20502.63,20712.87,-0.01015
2015-05-25,20945.09,20502.63,0.02158
2015-05-26,21303.07,20945.09,0.01709
2015-05-27,21248.54,21303.07,-0.00256
2015-05-28,21043.43,21248.54,-0.00965
2015-05-29,20848.74,21043.43,-0.00925
2015-06-01,20958.07,20848.74,0.00524
2015-06-02,20827.18,20958.07,-0.00625
2015-06-03,20885.8,20827.18,0.00281
2015-06-04,21281.06,20885.8,0.01892
2015-06-05,21253.2,21281.06,-0.00131
2015-06-08,20687.82,21253.2,-0.0266
2015-06-09,20774.38,20687.82,0.00418
2015-06-10,20833.94,20774.38,0.00287
2015-06-11,20592.96,20833.94,-0.01157
2015-06-12,20185.38,20592.96,-0.01979
2015-06-15,20130.76,20185.38,-0.00271
2015-06-16,20026.22,20130.76,-0.00519
2015-06-17,19904.39,20026.22,-0.00608
2015-06-18,19898.97,19904.39,-0.00027
2015-06-19,19986.45,19898.97,0.0044
2015-06-22,19789.82,19986.45,-0.00984
2015-06-23,19936.29,19789.82,0.0074
2015-06-24,19741.37,19936.29,-0.00978
2015-06-25,19694.22,19741.37,-0.00239
2015-06-26,19728.28,19694.22,0.00173
2015-06-29,19877.58,19728.28,0.00757
2015-06-30,20137.46,19877.58,0.01307
2015-07-01,20224.52,20137.46,0.00432
2015-07-02,20204.72,20224.52,-0.00098
2015-07-03,20288.22,20204.72,0.00413
2015-07-06,20368.07,20288.22,0.00394
2015-07-07,20218.15,20368.07,-0.00736
2015-07-08,20212.99,20218.15,-0.00026
2015-07-09,20138.27,20212.99,-0.0037
2015-07-10,20194.17,20138.27,0.00278
2015-07-13,19821.64,20194.17,-0.01845
2015-07-14,19509.58,19821.64,-0.01574
2015-07-15,19036.49,19509.58,-0.02425
2015-07-16,19195.38,19036.49,0.00835
2015-07-17,19103.09,19195.38,-0.00481
2015-07-20,19093.79,19103.09,-0.00049
2015-07-21,18683.66,19093.79,-0.02148
2015-07-22,18788.62,18683.66,0.00562
2015-07-23,18831.01,18788.62,0.00226
2015-07-24,19098.91,18831.01,0.01423
2015-07-27,19408.14,19098.91,0.01619
2015-07-28,19488.39,19408.14,0.00413
2015-07-29,19510.59,19488.39,0.00114
2015-07-30,19576.49,19510.59,0.00338
2015-07-31,19552.51,19576.49,-0.00122
2015-08-03,19487.39,19552.51,-0.00333
2015-08-04,19482.66,19487.39,-0.00024
2015-08-05,19523.24,19482.66,0.00208
2015-08-06,19356.02,19523.24,-0.00857
2015-08-07,19283.11,19356.02,-0.00377
2015-08-10,19669.09,19283.11,0.02002
2015-08-11,19553.99,19669.09,-0.00585
2015-08-12,19461.92,19553.99,-0.00471
2015-08-13,19552.25,19461.92,0.00464
2015-08-14,19351.69,19552.25,-0.01026
2015-08-17,19264.54,19351.69,-0.0045
2015-08-18,18952.76,19264.54,-0.01618
2015-08-19,18930.67,18952.76,-0.00117
2015-08-20,18729.6,18930.67,-0.01062
2015-08-21,18300.7,18729.6,-0.0229
2015-08-24,18370.98,18300.7,0.00384
2015-08-25,18511.68,18370.98,0.00766
2015-08-26,18458.82,18511.68,-0.00286
2015-08-27,18826.27,18458.82,0.01991
2015-08-28,18467.04,18826.27,-0.01908
2015-08-31,18145.85,18467.04,-0.01739
2015-09-01,18154.62,18145.85,0.00048
2015-09-02,18334.71,18154.62,0.00992
2015-09-03,18299.35,18334.71,-0.00193
2015-09-04,18204.57,18299.35,-0.00518
2015-09-07,17981.45,18204.57,-0.01226
2015-09-08,18336.81,17981.45,0.01976
2015-09-09,18213.66,18336.81,-0.00672
2015-09-10,18334.7,18213.66,0.00665
2015-09-11,18374.53,18334.7,0.00217
2015-09-14,18078.54,18374.53,-0.01611
2015-09-15,18240.0,18078.54,0.00893
2015-09-16,18133.68,18240.0,-0.00583
2015-09-17,18209.38,18133.68,0.00417
2015-09-18,18310.07,18209.38,0.00553
2015-09-21,18265.82,18310.07,-0.00242
2015-09-22,18606.11,18265.82,0.01863
2015-09-23,18886.94,18606.11,0.01509
2015-09-24,18868.43,18886.94,-0.00098
2015-09-25,19039.93,18868.43,0.00909
2015-09-28,19303.4,19039.93,0.01384
2015-09-29,19685.07,19303.4,0.01977
2015-09-30,19617.81,19685.07,-0.00342
2015-10-01,20063.23,19617.81,0.0227
2015-10-02,19863.54,20063.23,-0.00995
2015-10-05,19599.38,19863.54,-0.0133
2015-10-06,19742.88,19599.38,0.00732
2015-10-07,19531.11,19742.88,-0.01073
2015-10-08,19899.45,19531.11,0.01886
2015-10-09,19481.97,19899.45,-0.02098
2015-10-12,19479.42,19481.97,-0.00013
2015-10-13,19614.45,19479.42,0.00693
2015-10-14,19246.99,19614.45,-0.01873
2015-10-15,19468.68,19246.99,0.01152
2015-10-16,19151.05,19468.68,-0.01631
2015-10-19,19218.25,19151.05,0.00351
2015-10-20,19261.2,19218.25,0.00223
2015-10-21,19306.77,19261.2,0.00237
2015-10-22,19483.38,19306.77,0.00915
2015-10-23,19656.75,19483.38,0.0089
2015-10-26,19473.94,19656.75,-0.0093
2015-10-27,19268.36,19473.94,-0.01056
2015-10-28,19284.65,19268.36,0.00085
2015-10-29,18923.84,19284.65,-0.01871
2015-10-30,19197.97,18923.84,0.01449
2015-11-02,19154.6,19197.97,-0.00226
2015-11-03,19649.03,19154.6,0.02581
2015-11-04,19768.68,19649.03,0.00609
2015-11-05,19630.43,19768.68,-0.00699
2015-11-06,19404.82,19630.43,-0.01149
2015-11-09,19009.16,19404.82,-0.02039
2015-11-10,18322.58,19009.16,-0.03612
2015-11-11,18228.93,18322.58,-0.00511
2015-11-12,18652.16,18228.93,0.02322
2015-11-13,18634.53,18652.16,-0.00095
2015-11-16,18771.36,18634.53,0.00734
2015-11-17,18765.95,18771.36,-0.00029
2015-11-18,18878.78,18765.95,0.00601
2015-11-19,18702.68,18878.78,-0.00933
2015-11-20,18716.91,18702.68,0.00076
2015-11-23,18972.63,18716.91,0.01366
2015-11-24,18969.29,18972.63,-0.00018
2015-11-25,18994.57,18969.29,0.00133
2015-11-26,19249.62,18994.57,0.01343
2015-11-27,19472.93,19249.62,0.0116
2015-11-30,19515.05,19472.93,0.00216
2015-12-01,19340.04,19515.05,-0.00897
2015-12-02,19106.02,19340.04,-0.0121
2015-12-03,19150.53,19106.02,0.00233
2015-12-04,19155.48,19150.53,0.00026
2015-12-07,19524.14,19155.48,0.01925
2015-12-08,20209.33,19524.14,0.03509
2015-12-09,20579.48,20209.33,0.01832
2015-12-10,20467.99,20579.48,-0.00542
2015-12-11,20404.46,20467.99,-0.0031
2015-12-14,20042.85,20404.46,-0.01772
2015-12-15,20105.04,20042.85,0.0031
2015-12-16,20165.36,20105.04,0.003
2015-12-17,20377.03,20165.36,0.0105
2015-12-18,20165.59,20377.03,-0.01038
2015-12-21,20234.29,20165.59,0.00341
2015-12-22,20233.95,20234.29,-2e-05
2015-12-23,20454.62,20233.95,0.01091
2015-12-24,20128.79,20454.62,-0.01593
2015-12-25,20419.81,20128.79,0.01446
2015-12-28,20425.46,20419.81,0.00028
2015-12-29,20411.24,20425.46,-0.0007
2015-12-30,20131.22,20411.24,-0.01372
2015-12-31,20080.14,20131.22,-0.00254
2016-01-01,20140.1,20080.14,0.00299
2016-01-04,20074.29,20140.1,-0.00327
2016-01-05,20107.02,20074.29,0.00163
2016-01-06,19839.58,20107.02,-0.0133
2016-01-07,19826.73,19839.58,-0.00065
2016-01-08,19611.49,19826.73,-0.01086
2016-01-11,19194.87,19611.49,-0.02124
2016-01-12,18888.62,19194.87,-0.01595
2016-01-13,18818.55,18888.62,-0.00371
2016-01-14,18357.83,18818.55,-0.02448
2016-01-15,17577.39,18357.83,-0.04251
2016-01-18,17836.44,17577.39,0.01474
2016-01-19,17897.04,17836.44,0.0034
2016-01-20,17904.13,17897.04,0.0004
2016-01-21,17798.25,17904.13,-0.00591
2016-01-22,17899.25,17798.25,0.00567
2016-01-25,17879.47,17899.25,-0.00111
2016-01-26,17501.64,17879.47,-0.02113
2016-01-27,17485.52,17501.64,-0.00092
2016-01-28,17476.14,17485.52,-0.00054
2016-01-29,17447.56,17476.14,-0.00164
2016-02-01,17977.77,17447.56,0.03039
2016-02-02,18100.01,17977.77,0.0068
2016-02-03,18268.58,18100.01,0.00931
2016-02-04,18396.19,18268.58,0.00699
2016-02-05,18302.62,18396.19,-0.00509
2016-02-08,18352.51,18302.62,0.00273
2016-02-09,18406.55,18352.51,0.00294
2016-02-10,18465.72,18406.55,0.00321
2016-02-11,18316.6,18465.72,-0.00808
2016-02-12,18384.53,18316.6,0.00371
2016-02-15,18318.23,18384.53,-0.00361
2016-02-16,18073.05,18318.23,-0.01338
2016-02-17,17865.31,18073.05,-0.01149
2016-02-18,17781.82,17865.31,-0.00467
2016-02-19,17763.85,17781.82,-0.00101
2016-02-22,17502.55,17763.85,-0.01471
2016-02-23,17193.31,17502.55,-0.01767
2016-02-24,16997.91,17193.31,-0.01136
2016-02-25,16890.04,16997.91,-0.00635
2016-02-26,17169.85,16890.04,0.01657
2016-02-29,17256.08,17169.85,0.00502
2016-03-01,16817.99,17256.08,-0.02539
2016-03-02,16711.76,16817.99,-0.00632
2016-03-03,16730.58,16711.76,0.00113
2016-03-04,16918.79,16730.58,0.01125
2016-03-07,16892.14,16918.79,-0.00158
2016-03-08,17220.97,16892.14,0.01947
2016-03-09,17081.21,17220.97,-0.00812
2016-03-10,17469.98,17081.21,0.02276
2016-03-11,17399.01,17469.98,-0.00406
2016-03-14,17383.66,17399.01,-0.00088
2016-03-15,17455.0,17383.66,0.0041
2016-03-16,17351.8,17455.0,-0.00591
2016-03-17,17141.01,17351.8,-0.01215
2016-03-18,17070.7,17141.01,-0.0041
2016-03-21,17113.83,17070.7,0.00253
2016-03-22,17414.33,17113.83,0.01756
2016-03-23,17584.73,17414.33,0.00979
2016-03-24,17467.45,17584.73,-0.00667
2016-03-25,17578.85,17467.45,0.00638
2016-03-28,17422.65,17578.85,-0.00889
2016-03-29,17105.29,17422.65,-0.01822
2016-03-30,17055.48,17105.29,-0.00291
2016-03-31,16938.55,17055.48,-0.00686
2016-04-01,15902.45,16938.55,-0.06117
2016-04-04,16061.96,15902.45,0.01003
2016-04-05,16041.96,16061.96,-0.00125
2016-04-06,15864.45,16041.96,-0.01107
2016-04-07,15764.21,15864.45,-0.00632
2016-04-08,15794.38,15764.21,0.00191
2016-04-11,15416.83,15794.38,-0.0239
2016-04-12,15481.93,15416.83,0.00422
2016-04-13,15504.61,15481.93,0.00146
2016-04-14,15569.61,15504.61,0.00419
2016-04-15,15782.19,15569.61,0.01365
2016-04-18,15989.98,15782.19,0.01317
2016-04-19,15893.59,15989.98,-0.00603
2016-04-20,16074.17,15893.59,0.01136
2016-04-21,16095.07,16074.17,0.0013
2016-04-22,15870.44,16095.07,-0.01396
2016-04-25,15851.82,15870.44,-0.00117
2016-04-26,15810.53,15851.82,-0.0026
2016-04-27,15881.25,15810.53,0.00447
2016-04-28,15727.95,15881.25,-0.00965
2016-04-29,15571.0,15727.95,-0.00998
2016-05-02,15612.91,15571.0,0.00269
2016-05-03,15476.42,15612.91,-0.00874
2016-05-04,15386.01,15476.42,-0.00584
2016-05-05,15258.59,15386.01,-0.00828
2016-05-06,15306.31,15258.59,0.00313
2016-05-09,14868.6,15306.31,-0.0286
2016-05-10,14785.74,14868.6,-0.00557
2016-05-11,14305.53,14785.74,-0.03248
2016-05-12,14400.64,14305.53,0.00665
2016-05-13,14240.01,14400.64,-0.01115
2016-05-16,14247.4,14240.01,0.00052
2016-05-17,14155.81,14247.4,-0.00643
2016-05-18,13837.09,14155.81,-0.02252
2016-05-19,13903.39,13837.09,0.00479
2016-05-20,13808.78,13903.39,-0.0068
2016-05-23,13780.82,13808.78,-0.00202
2016-05-24,13783.81,13780.82,0.00022
2016-05-25,14120.48,13783.81,0.02443
2016-05-26,14027.81,14120.48,-0.00656
2016-05-27,13964.86,14027.81,-0.00449
2016-05-30,13847.99,13964.86,-0.00837
2016-05-31,13787.53,13847.99,-0.00437
2016-06-01,13815.35,13787.53,0.00202
2016-06-02,13760.56,13815.35,-0.00397
2016-06-03,13772.11,13760.56,0.00084
2016-06-06,13752.94,13772.11,-0.00139
2016-06-07,13721.26,13752.94,-0.0023
2016-06-08,13681.58,13721.26,-0.00289
2016-06-09,14041.2,13681.58,0.02628
2016-06-10,13905.79,14041.2,-0.00964
2016-06-13,13898.52,13905.79,-0.00052
2016-06-14,13740.58,13898.52,-0.01136
2016-06-15,13830.34,13740.58,0.00653
2016-06-16,13921.77,13830.34,0.00661
2016-06-17,13890.52,13921.77,-0.00224
2016-06-20,13730.9,13890.52,-0.01149
2016-06-21,13831.38,13730.9,0.00732
2016-06-22,14013.12,13831.38,0.01314
2016-06-23,13655.34,14013.12,-0.02553
2016-06-24,13528.96,13655.34,-0.00925
2016-06-27,13501.07,13528.96,-0.00206
2016-06-28,13486.22,13501.07,-0.0011
2016-06-29,13483.24,13486.22,-0.00022
2016-06-30,13575.59,13483.24,0.00685
2016-07-01,13521.72,13575.59,-0.00397
2016-07-04,13509.32,13521.72,-0.00092
2016-07-05,13604.35,13509.32,0.00703
2016-07-06,13554.81,13604.35,-0.00364
2016-07-07,13771.76,13554.81,0.01601
2016-07-08,13799.4,13771.76,0.00201
2016-07-11,13959.62,13799.4,0.01161
2016-07-12,14016.91,13959.62,0.0041
2016-07-13,14151.96,14016.91,0.00963
2016-07-14,14179.65,14151.96,0.00196
2016-07-15,14226.78,14179.65,0.00332
2016-07-18,14322.29,14226.78,0.00671
2016-07-19,14280.36,14322.29,-0.00293
2016-07-20,14554.95,14280.36,0.01923
2016-07-21,14476.67,14554.95,-0.00538
2016-07-22,14700.63,14476.67,0.01547
2016-07-25,14679.66,14700.63,-0.00143
2016-07-26,14860.01,14679.66,0.01229
2016-07-27,14977.05,14860.01,0.00788
2016-07-28,15220.72,14977.05,0.01627
2016-07-29,15749.96,15220.72,0.03477
2016-08-01,16224.7,15749.96,0.03014
2016-08-02,16201.55,16224.7,-0.00143
2016-08-03,16265.0,16201.55,0.00392
2016-08-04,16178.53,16265.0,-0.00532
2016-08-05,16262.62,16178.53,0.0052
2016-08-08,16086.8,16262.62,-0.01081
2016-08-09,16201.66,16086.8,0.00714
2016-08-10,15988.47,16201.66,-0.01316
2016-08-11,16294.67,15988.47,0.01915
2016-08-12,16268.15,16294.67,-0.00163
2016-08-15,16085.5,16268.15,-0.01123
2016-08-16,16028.77,16085.5,-0.00353
2016-08-17,16081.18,16028.77,0.00327
2016-08-18,15909.33,16081.18,-0.01069
2016-08-19,16220.55,15909.33,0.01956
2016-08-22,16320.69,16220.55,0.00617
2016-08-23,16245.83,16320.69,-0.00459
2016-08-24,16046.33,16245.83,-0.01228
2016-08-25,16105.76,16046.33,0.0037
2016-08-26,16199.35,16105.76,0.00581
2016-08-29,16351.25,16199.35,0.00938
2016-08-30,16351.53,16351.25,2e-05
2016-08-31,16211.92,16351.53,-0.00854
2016-09-01,16376.61,16211.92,0.01016
2016-09-02,16369.34,16376.61,-0.00044
2016-09-05,15854.41,16369.34,-0.03146
2016-09-06,15868.95,15854.41,0.00092
2016-09-07,15848.2,15868.95,-0.00131
2016-09-08,15779.28,15848.2,-0.00435
2016-09-09,15913.05,15779.28,0.00848
2016-09-12,15153.0,15913.05,-0.04776
2016-09-13,15287.56,15153.0,0.00888
2016-09-14,15221.55,15287.56,-0.00432
2016-09-15,15139.51,15221.55,-0.00539
2016-09-16,15078.96,15139.51,-0.004
2016-09-19,15133.64,15078.96,0.00363
2016-09-20,14934.36,15133.64,-0.01317
2016-09-21,14920.3,14934.36,-0.00094
2016-09-22,15085.56,14920.3,0.01108
2016-09-23,15217.91,15085.56,0.00877
2016-09-26,15043.19,15217.91,-0.01148
2016-09-27,14912.25,15043.19,-0.0087
2016-09-28,14674.02,14912.25,-0.01598
2016-09-29,14446.73,14674.02,-0.01549
2016-09-30,14582.44,14446.73,0.00939
2016-10-03,14734.14,14582.44,0.0104
2016-10-04,14536.67,14734.14,-0.0134
2016-10-05,14841.67,14536.67,0.02098
2016-10-06,15065.5,14841.67,0.01508
2016-10-07,15167.82,15065.5,0.00679
2016-10-10,15101.82,15167.82,-0.00435
2016-10-11,15019.92,15101.82,-0.00542
2016-10-12,15159.12,15019.92,0.00927
2016-10-13,15254.49,15159.12,0.00629
2016-10-14,15012.74,15254.49,-0.01585
2016-10-17,15056.71,15012.74,0.00293
2016-10-18,15097.15,15056.71,0.00269
2016-10-19,15333.49,15097.15,0.01565
2016-10-20,15196.02,15333.49,-0.00897
2016-10-21,15146.08,15196.02,-0.00329
2016-10-24,15121.24,15146.08,-0.00164
2016-10-25,15095.48,15121.24,-0.0017
2016-10-26,15001.77,15095.48,-0.00621
2016-10-27,15230.33,15001.77,0.01524
2016-10-28,15090.12,15230.33,-0.00921
2016-10-31,15008.82,15090.12,-0.00539
2016-11-01,14853.71,15008.82,-0.01033
2016-11-02,14813.52,14853.71,-0.00271
2016-11-03,14988.99,14813.52,0.01185
2016-11-04,15024.46,14988.99,0.00237
2016-11-07,15152.97,15024.46,0.00855
2016-11-08,15256.63,15152.97,0.00684
2016-11-09,15232.05,15256.63,-0.00161
2016-11-10,14935.13,15232.05,-0.01949
2016-11-11,14973.07,14935.13,0.00254
2016-11-14,14972.25,14973.07,-5e-05
2016-11-15,14936.74,14972.25,-0.00237
2016-11-16,14866.99,14936.74,-0.00467
2016-11-17,14835.63,14866.99,-0.00211
2016-11-18,14724.72,14835.63,-0.00748
2016-11-21,14601.4,14724.72,-0.00838
2016-11-22,14503.71,14601.4,-0.00669
2016-11-23,14543.7,14503.71,0.00276
2016-11-24,14821.04,14543.7,0.01907
2016-11-25,14928.19,14821.04,0.00723
2016-11-28,14622.73,14928.19,-0.02046
2016-11-29,14652.14,14622.73,0.00201
2016-11-30,14742.87,14652.14,0.00619
2016-12-01,14886.07,14742.87,0.00971
2016-12-02,14799.47,14886.07,-0.00582
2016-12-05,14553.07,14799.47,-0.01665
2016-12-06,14694.78,14553.07,0.00974
2016-12-07,14630.43,14694.78,-0.00438
2016-12-08,14937.0,14630.43,0.02095
2016-12-09,14755.49,14937.0,-0.01215
2016-12-12,15086.94,14755.49,0.02246
2016-12-13,14897.96,15086.94,-0.01253
2016-12-14,15225.53,14897.96,0.02199
2016-12-15,15273.36,15225.53,0.00314
2016-12-16,15450.34,15273.36,0.01159
2016-12-19,15566.66,15450.34,0.00753
2016-12-20,15773.08,15566.66,0.01326
2016-12-21,15851.85,15773.08,0.00499
2016-12-22,16021.79,15851.85,0.01072
2016-12-23,15844.23,16021.79,-0.01108
2016-12-26,15852.75,15844.23,0.00054
2016-12-27,15659.53,15852.75,-0.01219
2016-12-28,15672.61,15659.53,0.00084
2016-12-29,15735.77,15672.61,0.00403
2016-12-30,15743.09,15735.77,0.00047
2017-01-02,15954.79,15743.09,0.01345
2017-01-03,16127.52,15954.79,0.01083
2017-01-04,16265.64,16127.52,0.00856
2017-01-05,16464.65,16265.64,0.01223
2017-01-06,16760.98,16464.65,0.018
2017-01-09,16643.6,16760.98,-0.007
2017-01-10,16603.22,16643.6,-0.00243
2017-01-11,16639.88,16603.22,0.00221
2017-01-12,16489.17,16639.88,-0.00906
2017-01-13,16423.44,16489.17,-0.00399
2017-01-16,16167.75,16423.44,-0.01557
2017-01-17,15975.69,16167.75,-0.01188
2017-01-18,16234.95,15975.69,0.01623
2017-01-19,16209.13,16234.95,-0.00159
2017-01-20,15887.19,16209.13,-0.01986
2017-01-23,15946.85,15887.19,0.00376
2017-01-24,15894.61,15946.85,-0.00328
2017-01-25,15569.28,15894.61,-0.02047
2017-01-26,15449.61,15569.28,-0.00769
2017-01-27,15410.88,15449.61,-0.00251
2017-01-30,15459.57,15410.88,0.00316
2017-01-31,15367.98,15459.57,-0.00592
2017-02-01,15568.46,15367.98,0.01305
2017-02-02,15538.7,15568.46,-0.00191
2017-02-03,15950.0,15538.7,0.02647
2017-02-06,16132.59,15950.0,0.01145
2017-02-07,16410.34,16132.59,0.01722
2017-02-08,16659.08,16410.34,0.01516
2017-02-09,16449.46,16659.08,-0.01258
2017-02-10,16696.03,16449.46,0.01499
2017-02-13,17198.61,16696.03,0.0301
2017-02-14,17546.85,17198.61,0.02025
2017-02-15,17634.36,17546.85,0.00499
2017-02-16,17451.33,17634.36,-0.01038
2017-02-17,17687.86,17451.33,0.01355
2017-02-20,17615.28,17687.86,-0.0041
2017-02-21,17685.2,17615.28,0.00397
2017-02-22,18130.79,17685.2,0.0252
2017-02-23,17916.5,18130.79,-0.01182
2017-02-24,17774.02,17916.5,-0.00795
2017-02-27,17981.45,17774.02,0.01167
2017-02-28,18104.34,17981.45,0.00683
2017-03-01,18068.56,18104.34,-0.00198
2017-03-02,18025.29,18068.56,-0.00239
2017-03-03,18121.44,18025.29,0.00533
2017-03-06,18481.75,18121.44,0.01988
2017-03-07,18423.9,18481.75,-0.00313
2017-03-08,18627.86,18423.9,0.01107
2017-03-09,18477.99,18627.86,-0.00805
2017-03-10,18389.86,18477.99,-0.00477
2017-03-13,18400.87,18389.86,0.0006
2017-03-14,18394.21,18400.87,-0.00036
2017-03-15,18383.17,18394.21,-0.0006
2017-03-16,18247.22,18383.17,-0.0074
2017-03-17,18137.31,18247.22,-0.00602
2017-03-20,18067.9,18137.31,-0.00383
2017-03-21,18212.76,18067.9,0.00802
2017-03-22,18296.72,18212.76,0.00461
2017-03-23,18466.35,18296.72,0.00927
2017-03-24,18712.09,18466.35,0.01331
2017-03-27,18711.78,18712.09,-2e-05
2017-03-28,18590.82,18711.78,-0.00646
2017-03-29,18453.31,18590.82,-0.0074
2017-03-30,18795.44,18453.31,0.01854
2017-03-31,18990.85,18795.44,0.0104
2017-04-03,19322.13,18990.85,0.01744
2017-04-04,19583.37,19322.13,0.01352
2017-04-05,19569.06,19583.37,-0.00073
2017-04-06,19695.44,19569.06,0.00646
2017-04-07,19739.33,19695.44,0.00223
2017-04-10,20234.2,19739.33,0.02507
2017-04-11,20379.05,20234.2,0.00716
2017-04-12,20752.38,20379.05,0.01832
2017-04-13,20799.83,20752.38,0.00229
2017-04-14,21120.43,20799.83,0.01541
2017-04-17,21202.04,21120.43,0.00386
2017-04-18,20708.52,21202.04,-0.02328
2017-04-19,21030.43,20708.52,0.01554
2017-04-20,20892.18,21030.43,-0.00657
2017-04-21,20851.6,20892.18,-0.00194
2017-04-24,21052.45,20851.6,0.00963
2017-04-25,21168.85,21052.45,0.00553
2017-04-26,21097.95,21168.85,-0.00335
2017-04-27,21134.35,21097.95,0.00173
2017-04-28,21466.06,21134.35,0.0157
2017-05-01,21324.3,21466.06,-0.0066
2017-05-02,20751.69,21324.3,-0.02685
2017-05-03,19834.22,20751.69,-0.04421
2017-05-04,19742.86,19834.22,-0.00461
2017-05-05,19233.99,19742.86,-0.02577
2017-05-08,19416.25,19233.99,0.00948
2017-05-09,19340.25,19416.25,-0.00391
2017-05-10,19310.69,19340.25,-0.00153
2017-05-11,19172.45,19310.69,-0.00716
2017-05-12,19325.69,19172.45,0.00799
2017-05-15,19331.5,19325.69,0.0003
2017-05-16,19172.33,19331.5,-0.00823
2017-05-17,18986.56,19172.33,-0.00969
2017-05-18,19194.76,18986.56,0.01097
2017-05-19,19331.93,19194.76,0.00715
2017-05-22,19145.11,19331.93,-0.00966
2017-05-23,19212.62,19145.11,0.00353
2017-05-24,18782.94,19212.62,-0.02236
2017-05-25,18933.19,18782.94,0.008
2017-05-26,19004.73,18933.19,0.00378
2017-05-29,18863.93,19004.73,-0.00741
2017-05-30,19108.52,18863.93,0.01297
2017-05-31,19198.29,19108.52,0.0047
2017-06-01,19138.06,19198.29,-0.00314
2017-06-02,19075.64,19138.06,-0.00326
2017-06-05,19023.14,19075.64,-0.00275
2017-06-06,19203.96,19023.14,0.00951
2017-06-07,19343.29,19203.96,0.00726
2017-06-08,19257.22,19343.29,-0.00445
2017-06-09,19006.35,19257.22,-0.01303
2017-06-12,18966.24,19006.35,-0.00211
2017-06-13,19049.45,18966.24,0.00439
2017-06-14,18883.37,19049.45,-0.00872
2017-06-15,18726.44,18883.37,-0.00831
2017-06-16,18695.99,18726.44,-0.00163
2017-06-19,18763.79,18695.99,0.00363
2017-06-20,18899.44,18763.79,0.00723
2017-06-21,19127.08,18899.44,0.01204
2017-06-22,18746.56,19127.08,-0.01989
2017-06-23,18961.25,18746.56,0.01145
2017-06-26,19041.17,18961.25,0.00421
2017-06-27,18929.32,19041.17,-0.00587
2017-06-28,19103.49,18929.32,0.0092
2017-06-29,18128.13,19103.49,-0.05106
2017-06-30,17758.88,18128.13,-0.02037
2017-07-03,18144.58,17758.88,0.02172
2017-07-04,17881.75,18144.58,-0.01449
2017-07-05,17925.34,17881.75,0.00244
2017-07-06,17706.42,17925.34,-0.01221
2017-07-07,17613.6,17706.42,-0.00524
2017-07-10,17412.16,17613.6,-0.01144
2017-07-11,17603.95,17412.16,0.01101
2017-07-12,17210.6,17603.95,-0.02234
2017-07-13,17204.0,17210.6,-0.00038
2017-07-14,17006.65,17204.0,-0.01147
2017-07-17,16803.13,17006.65,-0.01197
2017-07-18,16947.21,16803.13,0.00857
2017-07-19,16770.35,16947.21,-0.01044
2017-07-20,16743.8,16770.35,-0.00158
2017-07-21,16825.42,16743.8,0.00487
2017-07-24,16835.21,16825.42,0.00058
2017-07-25,16951.57,16835.21,0.00691
2017-07-26,17145.24,16951.57,0.01142
2017-07-27,17189.81,17145.24,0.0026
2017-07-28,17125.58,17189.81,-0.00374
2017-07-31,17110.89,17125.58,-0.00086
2017-08-01,17028.91,17110.89,-0.00479
2017-08-02,17208.17,17028.91,0.01053
2017-08-03,17071.69,17208.17,-0.00793
2017-08-04,17134.11,17071.69,0.00366
2017-08-07,17255.51,17134.11,0.00709
2017-08-08,17118.76,17255.51,-0.00793
2017-08-09,16825.79,17118.76,-0.01711
2017-08-10,16979.66,16825.79,0.00914
2017-08-11,16995.67,16979.66,0.00094
2017-08-14,16975.02,16995.67,-0.00122
2017-08-15,16969.7,16975.02,-0.00031
2017-08-16,17000.73,16969.7,0.00183
2017-08-17,17071.43,17000.73,0.00416
2017-08-18,17050.22,17071.43,-0.00124
2017-08-21,16929.97,17050.22,-0.00705
2017-08-22,17021.62,16929.97,0.00541
2017-08-23,17151.71,17021.62,0.00764
2017-08-24,17028.47,17151.71,-0.00719
2017-08-25,16665.89,17028.47,-0.02129
2017-08-28,16855.18,16665.89,0.01136
2017-08-29,17015.13,16855.18,0.00949
2017-08-30,17159.24,17015.13,0.00847
2017-08-31,17074.84,17159.24,-0.00492
2017-09-01,17293.5,17074.84,0.01281
2017-09-04,17379.0,17293.5,0.00494
2017-09-05,17320.14,17379.0,-0.00339
2017-09-06,17180.84,17320.14,-0.00804
2017-09-07,17497.54,17180.84,0.01843
2017-09-08,17532.79,17497.54,0.00201
2017-09-11,17532.73,17532.79,-0.0
2017-09-12,17352.42,17532.73,-0.01028
2017-09-13,17498.62,17352.42,0.00843
2017-09-14,17461.12,17498.62,-0.00214
2017-09-15,17798.95,17461.12,0.01935
2017-09-18,17835.83,17798.95,0.00207
2017-09-19,17938.93,17835.83,0.00578
2017-09-20,17778.72,17938.93,-0.00893
2017-09-21,17546.81,17778.72,-0.01304
2017-09-22,17369.86,17546.81,-0.01008
2017-09-25,17274.67,17369.86,-0.00548
2017-09-26,17025.9,17274.67,-0.0144
2017-09-27,16821.95,17025.9,-0.01198
2017-09-28,16578.59,16821.95,-0.01447
2017-09-29,16653.28,16578.59,0.00451
2017-10-02,16800.22,16653.28,0.00882
2017-10-03,16654.51,16800.22,-0.00867
2017-10-04,16924.59,16654.51,0.01622
2017-10-05,17003.43,16924.59,0.00466
2017-10-06,17015.94,17003.43,0.00074
2017-10-09,17067.77,17015.94,0.00305
2017-10-10,17397.07,17067.77,0.01929
2017-10-11,17529.69,17397.07,0.00762
2017-10-12,17748.18,17529.69,0.01246
2017-10-13,18340.91,17748.18,0.0334
2017-10-16,18296.09,18340.91,-0.00244
2017-10-17,18258.55,18296.09,-0.00205
2017-10-18,18355.79,18258.55,0.00533
2017-10-19,18165.44,18355.79,-0.01037
2017-10-20,18039.1,18165.44,-0.00695
2017-10-23,17879.81,18039.1,-0.00883
2017-10-24,18234.23,17879.81,0.01982
2017-10-25,18343.45,18234.23,0.00599
2017-10-26,18259.21,18343.45,-0.00459
2017-10-27,18094.84,18259.21,-0.009
2017-10-30,18239.03,18094.84,0.00797
2017-10-31,18433.05,18239.03,0.01064
2017-11-01,18360.14,18433.05,-0.00396
2017-11-02,18555.19,18360.14,0.01062
2017-11-03,18437.64,18555.19,-0.00634
2017-11-06,18688.11,18437.64,0.01358
2017-11-07,18801.96,18688.11,0.00609
2017-11-08,18754.34,18801.96,-0.00253
2017-11-09,18480.91,18754.34,-0.01458
2017-11-10,18502.7,18480.91,0.00118
2017-11-13,18608.12,18502.7,0.0057
2017-11-14,18995.82,18608.12,0.02083
2017-11-15,18907.29,18995.82,-0.00466
2017-11-16,18881.43,18907.29,-0.00137
2017-11-17,18708.48,18881.43,-0.00916
2017-11-20,18813.73,18708.48,0.00563
2017-11-21,18769.31,18813.73,-0.00236
2017-11-22,18568.37,18769.31,-0.01071
2017-11-23,18505.9,18568.37,-0.00336
2017-11-24,18450.11,18505.9,-0.00301
2017-11-27,18277.07,18450.11,-0.00938
2017-11-28,18332.53,18277.07,0.00303
2017-11-29,18206.12,18332.53,-0.0069
2017-11-30,18106.52,18206.12,-0.00547
2017-12-01,18095.4,18106.52,-0.00061
2017-12-04,17767.09,18095.4,-0.01814
2017-12-05,17797.48,17767.09,0.00171
2017-12-06,17720.9,17797.48,-0.0043
2017-12-07,17565.43,17720.9,-0.00877
2017-12-08,17917.28,17565.43,0.02003
2017-12-11,18000.78,17917.28,0.00466
2017-12-12,17841.55,18000.78,-0.00885
2017-12-13,17545.23,17841.55,-0.01661
2017-12-14,17253.55,17545.23,-0.01662
2017-12-15,17500.67,17253.55,0.01432
2017-12-18,17075.99,17500.67,-0.02427
2017-12-19,17151.29,17075.99,0.00441
2017-12-20,16937.85,17151.29,-0.01244
2017-12-21,16974.25,16937.85,0.00215
2017-12-22,17390.2,16974.25,0.0245
2017-12-25,17607.9,17390.2,0.01252
2017-12-26,17675.65,17607.9,0.00385
2017-12-27,17621.97,17675.65,-0.00304
2017-12-28,17767.8,17621.97,0.00828
2017-12-29,17595.0,17767.8,-0.00973
2018-01-01,17394.36,17595.0,-0.0114
2018-01-02,17404.26,17394.36,0.00057
2018-01-03,17747.88,17404.26,0.01974
2018-01-04,17804.07,17747.88,0.00317
2018-01-05,18031.67,17804.07,0.01278
2018-01-08,17911.43,18031.67,-0.00667
2018-01-09,17935.22,17911.43,0.00133
2018-01-10,17649.56,17935.22,-0.01593
2018-01-11,17680.95,17649.56,0.00178
2018-01-12,17555.63,17680.95,-0.00709
2018-01-15,17789.71,17555.63,0.01333
2018-01-16,17921.23,17789.71,0.00739
2018-01-17,18042.46,17921.23,0.00676
2018-01-18,18283.46,18042.46,0.01336
2018-01-19,18206.68,18283.46,-0.0042
2018-01-22,17745.0,18206.68,-0.02536
2018-01-23,17396.87,17745.0,-0.01962
2018-01-24,17388.5,17396.87,-0.00048
2018-01-25,17132.63,17388.5,-0.01471
2018-01-26,16974.25,17132.63,-0.00924
2018-01-29,16843.98,16974.25,-0.00767
2018-01-30,16875.92,16843.98,0.0019
2018-01-31,16345.65,16875.92,-0.03142
2018-02-01,16445.74,16345.65,0.00612
2018-02-02,16532.51,16445.74,0.00528
2018-02-05,16499.8,16532.51,-0.00198
2018-02-06,16457.93,16499.8,-0.00254
2018-02-07,16770.85,16457.93,0.01901
2018-02-08,16761.71,16770.85,-0.00054
2018-02-09,16285.85,16761.71,-0.02839
2018-02-12,16500.79,16285.85,0.0132
2018-02-13,16270.93,16500.79,-0.01393
2018-02-14,16260.95,16270.93,-0.00061
2018-02-15,16533.92,16260.95,0.01679
2018-02-16,16336.94,16533.92,-0.01191
2018-02-19,16264.81,16336.94,-0.00442
2018-02-20,16365.19,16264.81,0.00617
2018-02-21,16310.83,16365.19,-0.00332
2018-02-22,16427.5,16310.83,0.00715
2018-02-23,16318.94,16427.5,-0.00661
2018-02-26,16222.93,16318.94,-0.00588
2018-02-27,16197.25,16222.93,-0.00158
2018-02-28,16157.85,16197.25,-0.00243
2018-03-01,16221.68,16157.85,0.00395
2018-03-02,16377.35,16221.68,0.0096
2018-03-05,16606.82,16377.35,0.01401
2018-03-06,16356.77,16606.82,-0.01506
2018-03-07,16280.76,16356.77,-0.00465
2018-03-08,16279.61,16280.76,-7e-05
2018-03-09,16456.71,16279.61,0.01088
2018-03-12,16607.57,16456.71,0.00917
2018-03-13,16420.55,16607.57,-0.01126
2018-03-14,16778.26,16420.55,0.02178
2018-03-15,16743.93,16778.26,-0.00205
2018-03-16,17176.44,16743.93,0.02583
2018-03-19,17023.1,17176.44,-0.00893
2018-03-20,16912.24,17023.1,-0.00651
2018-03-21,17200.49,16912.24,0.01704
2018-03-22,17117.81,17200.49,-0.00481
2018-03-23,17132.93,17117.81,0.00088
2018-03-26,17351.78,17132.93,0.01277
2018-03-27,17461.18,17351.78,0.0063
2018-03-28,17860.21,17461.18,0.02285
2018-03-29,17737.37,17860.21,-0.00688
2018-03-30,17784.22,17737.37,0.00264
2018-04-02,17651.95,17784.22,-0.00744
2018-04-03,17802.72,17651.95,0.00854
2018-04-04,17996.88,17802.72,0.01091
2018-04-05,18105.96,17996.88,0.00606
2018-04-06,17897.9,18105.96,-0.01149
2018-04-09,18003.19,17897.9,0.00588
2018-04-10,17813.64,18003.19,-0.01053
2018-04-11,17674.46,17813.64,-0.00781
2018-04-12,17593.02,17674.46,-0.00461
2018-04-13,17619.95,17593.02,0.00153
2018-04-16,17712.92,17619.95,0.00528
2018-04-17,17570.36,17712.92,-0.00805
2018-04-18,17524.29,17570.36,-0.00262
2018-04-19,17891.46,17524.29,0.02095
2018-04-20,17857.3,17891.46,-0.00191
2018-04-23,17933.99,17857.3,0.00429
2018-04-24,17801.18,17933.99,-0.00741
2018-04-25,18239.51,17801.18,0.02462
2018-04-26,18097.64,18239.51,-0.00778
2018-04-27,18055.21,18097.64,-0.00234
2018-04-30,17992.05,18055.21,-0.0035
2018-05-01,17933.16,17992.05,-0.00327
2018-05-02,18086.97,17933.16,0.00858
2018-05-03,18021.16,18086.97,-0.00364
2018-05-04,18135.23,18021.16,0.00633
2018-05-07,18507.95,18135.23,0.02055
2018-05-08,18273.44,18507.95,-0.01267
2018-05-09,18168.49,18273.44,-0.00574
2018-05-10,17957.59,18168.49,-0.01161
2018-05-11,17948.81,17957.59,-0.00049
2018-05-14,17106.11,17948.81,-0.04695
2018-05-15,17185.98,17106.11,0.00467
2018-05-16,16539.54,17185.98,-0.03761
2018-05-17,16691.58,16539.54,0.00919
2018-05-18,15948.76,16691.58,-0.0445
2018-05-21,15968.54,15948.76,0.00124
2018-05-22,15582.03,15968.54,-0.0242
2018-05-23,15761.94,15582.03,0.01155
2018-05-24,15377.08,15761.94,-0.02442
2018-05-25,15123.49,15377.08,-0.01649
2018-05-28,15127.03,15123.49,0.00023
2018-05-29,14923.73,15127.03,-0.01344
2018-05-30,14767.09,14923.73,-0.0105
2018-05-31,15067.12,14767.09,0.02032
2018-06-01,15105.17,15067.12,0.00253
2018-06-04,15001.93,15105.17,-0.00683
2018-06-05,14868.56,15001.93,-0.00889
2018-06-06,14951.07,14868.56,0.00555
2018-06-07,15033.32,14951.07,0.0055
2018-06-08,14938.73,15033.32,-0.00629
2018-06-11,14571.76,14938.73,-0.02457
2018-06-12,14419.54,14571.76,-0.01045
2018-06-13,13980.19,14419.54,-0.03047
2018-06-14,13774.08,13980.19,-0.01474
2018-06-15,13815.95,13774.08,0.00304
2018-06-18,13987.01,13815.95,0.01238
2018-06-19,14139.51,13987.01,0.0109
2018-06-20,14185.06,14139.51,0.00322
2018-06-21,14295.22,14185.06,0.00777
2018-06-22,14017.79,14295.22,-0.01941
2018-06-25,14071.34,14017.79,0.00382
2018-06-26,13755.35,14071.34,-0.02246
2018-06-27,13563.3,13755.35,-0.01396
2018-06-28,13555.05,13563.3,-0.00061
2018-06-29,13838.96,13555.05,0.02094
2018-07-02,13720.15,13838.96,-0.00859
2018-07-03,13549.99,13720.15,-0.0124
2018-07-04,13609.68,13549.99,0.00441
2018-07-05,13696.56,13609.68,0.00638
2018-07-06,13495.92,13696.56,-0.01465
2018-07-09,13495.92,13495.92,0.0
2018-07-10,13361.06,13495.92,-0.00999
2018-07-11,13444.12,13361.06,0.00622
2018-07-12,13484.27,13444.12,0.00299
2018-07-13,13483.63,13484.27,-5e-05
2018-07-16,13447.27,13483.63,-0.0027
2018-07-17,13492.64,13447.27,0.00337
2018-07-18,13460.5,13492.64,-0.00238
2018-07-19,13696.01,13460.5,0.0175
2018-07-20,13996.26,13696.01,0.02192
2018-07-23,13882.4,13996.26,-0.00814
2018-07-24,13713.14,13882.4,-0.01219
2018-07-25,13973.41,13713.14,0.01898
2018-07-26,13752.74,13973.41,-0.01579
2018-07-27,13861.44,13752.74,0.0079
2018-07-30,13979.91,13861.44,0.00855
2018-07-31,14016.54,13979.91,0.00262
2018-08-01,14172.03,14016.54,0.01109
2018-08-02,14408.65,14172.03,0.0167
2018-08-03,14221.74,14408.65,-0.01297
2018-08-06,14404.68,14221.74,0.01286
2018-08-07,14296.29,14404.68,-0.00752
2018-08-08,14297.84,14296.29,0.00011
2018-08-09,14133.54,14297.84,-0.01149
2018-08-10,14078.58,14133.54,-0.00389
2018-08-13,14084.23,14078.58,0.0004
2018-08-14,14015.48,14084.23,-0.00488
2018-08-15,14046.23,14015.48,0.00219
2018-08-16,13999.27,14046.23,-0.00334
2018-08-17,13952.94,13999.27,-0.00331
2018-08-20,13923.9,13952.94,-0.00208
2018-08-21,13843.64,13923.9,-0.00576
2018-08-22,14069.04,13843.64,0.01628
2018-08-23,13884.01,14069.04,-0.01315
2018-08-24,14141.56,13884.01,0.01855
2018-08-27,14086.6,14141.56,-0.00389
2018-08-28,13890.32,14086.6,-0.01393
2018-08-29,13660.96,13890.32,-0.01651
2018-08-30,13578.73,13660.96,-0.00602
2018-08-31,13559.75,13578.73,-0.0014
2018-09-03,13610.42,13559.75,0.00374
2018-09-04,13875.4,13610.42,0.01947
2018-09-05,13674.09,13875.4,-0.01451
2018-09-06,13780.91,13674.09,0.00781
2018-09-07,13899.0,13780.91,0.00857
2018-09-10,13750.81,13899.0,-0.01066
2018-09-11,13823.77,13750.81,0.00531
2018-09-12,14063.76,13823.77,0.01736
2018-09-13,14251.41,14063.76,0.01334
2018-09-14,14151.51,14251.41,-0.00701
2018-09-17,14376.68,14151.51,0.01591
2018-09-18,14407.58,14376.68,0.00215
2018-09-19,14383.67,14407.58,-0.00166
2018-09-20,14326.57,14383.67,-0.00397
2018-09-21,14457.21,14326.57,0.00912
2018-09-24,14461.84,14457.21,0.00032
2018-09-25,14555.89,14461.84,0.0065
2018-09-26,14512.77,14555.89,-0.00296
2018-09-27,14501.79,14512.77,-0.00076
2018-09-28,14568.83,14501.79,0.00462
2018-10-01,14630.59,14568.83,0.00424
2018-10-02,14579.09,14630.59,-0.00352
2018-10-03,14584.26,14579.09,0.00035
2018-10-04,14524.45,14584.26,-0.0041
2018-10-05,14544.35,14524.45,0.00137
2018-10-08,14326.84,14544.35,-0.01495
2018-10-09,14235.1,14326.84,-0.0064
2018-10-10,14408.84,14235.1,0.01221
2018-10-11,14449.54,14408.84,0.00282
2018-10-12,14451.88,14449.54,0.00016
2018-10-15,14265.97,14451.88,-0.01286
2018-10-16,14288.98,14265.97,0.00161
2018-10-17,14252.45,14288.98,-0.00256
2018-10-18,14171.91,14252.45,-0.00565
2018-10-19,14404.69,14171.91,0.01643
2018-10-22,14112.45,14404.69,-0.02029
2018-10-23,14138.95,14112.45,0.00188
2018-10-24,14310.55,14138.95,0.01214
2018-10-25,14484.04,14310.55,0.01212
2018-10-26,14578.1,14484.04,0.00649
2018-10-29,14126.12,14578.1,-0.031
2018-10-30,14101.66,14126.12,-0.00173
2018-10-31,14156.53,14101.66,0.00389
2018-11-01,14162.69,14156.53,0.00044
2018-11-02,14157.99,14162.69,-0.00033
2018-11-05,14172.39,14157.99,0.00102
2018-11-06,14350.62,14172.39,0.01258
2018-11-07,14355.29,14350.62,0.00033
2018-11-08,14249.53,14355.29,-0.00737
2018-11-09,14080.01,14249.53,-0.0119
2018-11-12,13743.93,14080.01,-0.02387
2018-11-13,13460.67,13743.93,-0.02061
2018-11-14,13626.12,13460.67,0.01229
2018-11-15,13174.34,13626.12,-0.03316
2018-11-16,13238.13,13174.34,0.00484
2018-11-19,13441.66,13238.13,0.01537
2018-11-20,13567.9,13441.66,0.00939
2018-11-21,13420.13,13567.9,-0.01089
2018-11-22,13785.73,13420.13,0.02724
2018-11-23,13922.91,13785.73,0.00995
2018-11-26,13751.18,13922.91,-0.01233
2018-11-27,13984.47,13751.18,0.01697
2018-11-28,14059.08,13984.47,0.00534
2018-11-29,14254.42,14059.08,0.01389
2018-11-30,14434.4,14254.42,0.01263
2018-12-03,14270.23,14434.4,-0.01137
2018-12-04,14477.39,14270.23,0.01452
2018-12-05,14333.99,14477.39,-0.00991
2018-12-06,14292.67,14333.99,-0.00288
2018-12-07,14061.76,14292.67,-0.01616
2018-12-10,14288.17,14061.76,0.0161
2018-12-11,14251.3,14288.17,-0.00258
2018-12-12,14306.56,14251.3,0.00388
2018-12-13,13731.09,14306.56,-0.04022
2018-12-14,13593.69,13731.09,-0.01001
2018-12-17,13696.96,13593.69,0.0076
2018-12-18,13879.88,13696.96,0.01335
2018-12-19,13857.0,13879.88,-0.00165
2018-12-20,13713.88,13857.0,-0.01033
2018-12-21,13679.68,13713.88,-0.00249
2018-12-24,13684.2,13679.68,0.00033
2018-12-25,13725.43,13684.2,0.00301
2018-12-26,13700.23,13725.43,-0.00184
2018-12-27,13891.01,13700.23,0.01393
2018-12-28,13758.9,13891.01,-0.00951
2018-12-31,13835.4,13758.9,0.00556
2019-01-01,13879.47,13835.4,0.00319
2019-01-02,14020.15,13879.47,0.01014
2019-01-03,13803.83,14020.15,-0.01543
2019-01-04,13765.65,13803.83,-0.00277
2019-01-07,13808.91,13765.65,0.00314
2019-01-08,13942.41,13808.91,0.00967
2019-01-09,13964.73,13942.41,0.0016
2019-01-10,14098.29,13964.73,0.00956
2019-01-11,14090.85,14098.29,-0.00053
2019-01-14,14030.31,14090.85,-0.0043
2019-01-15,13824.74,14030.31,-0.01465
2019-01-16,13973.89,13824.74,0.01079
2019-01-17,14474.86,13973.89,0.03585
2019-01-18,14217.45,14474.86,-0.01778
2019-01-21,14151.24,14217.45,-0.00466
2019-01-22,14001.79,14151.24,-0.01056
2019-01-23,14035.86,14001.79,0.00243
2019-01-24,14339.44,14035.86,0.02163
2019-01-25,14279.58,14339.44,-0.00417
2019-01-28,14473.01,14279.58,0.01355
2019-01-29,14489.5,14473.01,0.00114
2019-01-30,14322.39,14489.5,-0.01153
2019-01-31,14168.96,14322.39,-0.01071
2019-02-01,14333.7,14168.96,0.01163
2019-02-04,14287.19,14333.7,-0.00324
2019-02-05,14516.19,14287.19,0.01603
2019-02-06,14586.78,14516.19,0.00486
2019-02-07,14647.54,14586.78,0.00417
2019-02-08,14464.06,14647.54,-0.01253
2019-02-11,14408.05,14464.06,-0.00387
2019-02-12,14116.8,14408.05,-0.02021
2019-02-13,14198.87,14116.8,0.00581
2019-02-14,14177.83,14198.87,-0.00148
2019-02-15,14405.34,14177.83,0.01605
2019-02-18,14311.59,14405.34,-0.00651
2019-02-19,14354.9,14311.59,0.00303
2019-02-20,14278.29,14354.9,-0.00534
2019-02-21,14426.43,14278.29,0.01038
2019-02-22,13843.43,14426.43,-0.04041
2019-02-25,13852.21,13843.43,0.00063
2019-02-26,13787.46,13852.21,-0.00467
2019-02-27,13453.35,13787.46,-0.02423
2019-02-28,13320.23,13453.35,-0.00989
2019-03-01,13514.64,13320.23,0.0146
2019-03-04,13675.93,13514.64,0.01193
2019-03-05,13657.27,13675.93,-0.00136
2019-03-06,13886.08,13657.27,0.01675
2019-03-07,13957.82,13886.08,0.00517
2019-03-08,14072.01,13957.82,0.00818
2019-03-11,14075.69,14072.01,0.00026
2019-03-12,13956.29,14075.69,-0.00848
2019-03-13,13943.82,13956.29,-0.00089
2019-03-14,13845.04,13943.82,-0.00708
2019-03-15,13806.7,13845.04,-0.00277
2019-03-18,13349.1,13806.7,-0.03314
2019-03-19,13402.91,13349.1,0.00403
2019-03-20,12687.72,13402.91,-0.05336
2019-03-21,12325.86,12687.72,-0.02852
2019-03-22,12286.51,12325.86,-0.00319
2019-03-25,12246.18,12286.51,-0.00328
2019-03-26,12236.74,12246.18,-0.00077
2019-03-27,12301.72,12236.74,0.00531
2019-03-28,12258.17,12301.72,-0.00354
2019-03-29,11910.51,12258.17,-0.02836
2019-04-01,11794.07,11910.51,-0.00978
2019-04-02,11642.87,11794.07,-0.01282
2019-04-03,11646.44,11642.87,0.00031
2019-04-04,11579.22,11646.44,-0.00577
2019-04-05,11500.74,11579.22,-0.00678
2019-04-08,11384.83,11500.74,-0.01008
2019-04-09,11381.42,11384.83,-0.0003
2019-04-10,11198.69,11381.42,-0.01606
2019-04-11,11105.23,11198.69,-0.00835
2019-04-12,10993.63,11105.23,-0.01005
2019-04-15,11171.68,10993.63,0.0162
2019-04-16,11224.59,11171.68,0.00474
2019-04-17,11237.76,11224.59,0.00117
2019-04-18,11451.97,11237.76,0.01906
2019-04-19,11268.28,11451.97,-0.01604
2019-04-22,11316.07,11268.28,0.00424
2019-04-23,11459.15,11316.07,0.01264
2019-04-24,11437.85,11459.15,-0.00186
2019-04-25,11383.47,11437.85,-0.00475
2019-04-26,11330.66,11383.47,-0.00464
2019-04-29,11368.78,11330.66,0.00336
2019-04-30,11396.9,11368.78,0.00247
2019-05-01,11346.02,11396.9,-0.00446
2019-05-02,11490.22,11346.02,0.01271
2019-05-03,11641.99,11490.22,0.01321
2019-05-06,11728.21,11641.99,0.00741
2019-05-07,11497.45,11728.21,-0.01968
2019-05-08,11507.84,11497.45,0.0009
2019-05-09,11486.99,11507.84,-0.00181
2019-05-10,11336.06,11486.99,-0.01314
2019-05-13,11390.63,11336.06,0.00481
2019-05-14,11249.64,11390.63,-0.01238
2019-05-15,11349.19,11249.64,0.00885
2019-05-16,11467.24,11349.19,0.0104
2019-05-17,11453.89,11467.24,-0.00116
2019-05-20,11656.78,11453.89,0.01771
2019-05-21,11499.98,11656.78,-0.01345
2019-05-22,11709.02,11499.98,0.01818
2019-05-23,11740.86,11709.02,0.00272
2019-05-24,11718.9,11740.86,-0.00187
2019-05-27,11694.09,11718.9,-0.00212
2019-05-28,11902.64,11694.09,0.01783
2019-05-29,11914.02,11902.64,0.00096
2019-05-30,11875.74,11914.02,-0.00321
2019-05-31,12178.89,11875.74,0.02553
2019-06-03,12204.22,12178.89,0.00208
2019-06-04,12513.6,12204.22,0.02535
2019-06-05,12496.03,12513.6,-0.0014
2019-06-06,12571.5,12496.03,0.00604
2019-06-07,12443.62,12571.5,-0.01017
2019-06-10,12339.92,12443.62,-0.00833
2019-06-11,12322.93,12339.92,-0.00138
2019-06-12,12112.85,12322.93,-0.01705
2019-06-13,12041.8,12112.85,-0.00587
2019-06-14,11913.06,12041.8,-0.01069
2019-06-17,11849.07,11913.06,-0.00537
2019-06-18,11984.17,11849.07,0.0114
2019-06-19,11955.98,11984.17,-0.00235
2019-06-20,11909.2,11955.98,-0.00391
2019-06-21,11787.4,11909.2,-0.01023
2019-06-24,11848.24,11787.4,0.00516
2019-06-25,11879.21,11848.24,0.00261
2019-06-26,12070.32,11879.21,0.01609
2019-06-27,12129.93,12070.32,0.00494
2019-06-28,12252.98,12129.93,0.01014
2019-07-01,12295.33,12252.98,0.00346
2019-07-02,12504.33,12295.33,0.017
2019-07-03,12312.67,12504.33,-0.01533
2019-07-04,12371.14,12312.67,0.00475
2019-07-05,12241.18,12371.14,-0.01051
2019-07-08,12035.82,12241.18,-0.01678
2019-07-09,12019.04,12035.82,-0.00139
2019-07-10,11889.74,12019.04,-0.01076
2019-07-11,11998.65,11889.74,0.00916
2019-07-12,12026.88,11998.65,0.00235
2019-07-15,11926.79,12026.88,-0.00832
2019-07-16,11829.91,11926.79,-0.00812
2019-07-17,11926.34,11829.91,0.00815
2019-07-18,11944.21,11926.34,0.0015
2019-07-19,12108.77,11944.21,0.01378
2019-07-22,12018.89,12108.77,-0.00742
2019-07-23,12325.08,12018.89,0.02548
2019-07-24,12234.09,12325.08,-0.00738
2019-07-25,11944.89,12234.09,-0.02364
2019-07-26,11964.69,11944.89,0.00166
2019-07-29,12186.77,11964.69,0.01856
2019-07-30,12091.82,12186.77,-0.00779
2019-07-31,11916.9,12091.82,-0.01447
2019-08-01,11621.29,11916.9,-0.02481
2019-08-02,11470.35,11621.29,-0.01299
2019-08-05,11439.61,11470.35,-0.00268
2019-08-06,11439.06,11439.61,-5e-05
2019-08-07,11480.86,11439.06,0.00365
2019-08-08,11657.9,11480.86,0.01542
2019-08-09,11533.74,11657.9,-0.01065
2019-08-12,11633.59,11533.74,0.00866
2019-08-13,11616.27,11633.59,-0.00149
2019-08-14,11810.16,11616.27,0.01669
2019-08-15,11850.29,11810.16,0.0034
2019-08-16,11900.84,11850.29,0.00427
2019-08-19,11948.19,11900.84,0.00398
2019-08-20,11577.21,11948.19,-0.03105
2019-08-21,11457.04,11577.21,-0.01038
2019-08-22,11455.81,11457.04,-0.00011
2019-08-23,11328.78,11455.81,-0.01109
2019-08-26,11520.01,11328.78,0.01688
2019-08-27,11346.17,11520.01,-0.01509
2019-08-28,11373.56,11346.17,0.00241
2019-08-29,11406.31,11373.56,0.00288
2019-08-30,11342.33,11406.31,-0.00561
2019-09-02,11299.41,11342.33,-0.00378
2019-09-03,11323.65,11299.41,0.00215
2019-09-04,11438.74,11323.65,0.01016
2019-09-05,11459.86,11438.74,0.00185
2019-09-06,11505.23,11459.86,0.00396
2019-09-09,11513.28,11505.23,0.0007
2019-09-10,11854.34,11513.28,0.02962
2019-09-11,11701.46,11854.34,-0.0129
2019-09-12,11123.16,11701.46,-0.04942
2019-09-13,11296.86,11123.16,0.01562
2019-09-16,11450.8,11296.86,0.01363
2019-09-17,11495.55,11450.8,0.00391
2019-09-18,11322.86,11495.55,-0.01502
2019-09-19,11495.88,11322.86,0.01528
2019-09-20,11607.05,11495.88,0.00967
2019-09-23,11701.39,11607.05,0.00813
2019-09-24,11874.87,11701.39,0.01483
2019-09-25,11805.52,11874.87,-0.00584
2019-09-26,11669.56,11805.52,-0.01152
2019-09-27,11692.26,11669.56,0.00195
2019-09-30,11680.0,11692.26,-0.00105
2019-10-01,11597.55,11680.0,-0.00706
2019-10-02,11612.93,11597.55,0.00133
2019-10-03,11460.77,11612.93,-0.0131
2019-10-04,11445.36,11460.77,-0.00134
2019-10-07,11564.52,11445.36,0.01041
2019-10-08,11384.9,11564.52,-0.01553
2019-10-09,11278.28,11384.9,-0.00937
2019-10-10,11152.73,11278.28,-0.01113
2019-10-11,10941.2,11152.73,-0.01897
2019-10-14,10968.47,10941.2,0.00249
2019-10-15,10943.97,10968.47,-0.00223
2019-10-16,10817.59,10943.97,-0.01155
2019-10-17,10874.48,10817.59,0.00526
2019-10-18,10800.53,10874.48,-0.0068
2019-10-21,10808.53,10800.53,0.00074
2019-10-22,10741.54,10808.53,-0.0062
2019-10-23,10773.47,10741.54,0.00297
2019-10-24,10888.93,10773.47,0.01072
2019-10-25,10730.44,10888.93,-0.01456
2019-10-28,10734.22,10730.44,0.00035
2019-10-29,10689.14,10734.22,-0.0042
2019-10-30,10619.66,10689.14,-0.0065
2019-10-31,10594.91,10619.66,-0.00233
2019-11-01,10525.91,10594.91,-0.00651
2019-11-04,10650.36,10525.91,0.01182
2019-11-05,10620.91,10650.36,-0.00277
2019-11-06,10584.89,10620.91,-0.00339
2019-11-07,10766.98,10584.89,0.0172
2019-11-08,10838.54,10766.98,0.00665
2019-11-11,10765.1,10838.54,-0.00678
2019-11-12,10719.7,10765.1,-0.00422
2019-11-13,10733.84,10719.7,0.00132
2019-11-14,10696.76,10733.84,-0.00345
2019-11-15,10621.85,10696.76,-0.007
2019-11-18,10598.94,10621.85,-0.00216
2019-11-19,10498.96,10598.94,-0.00943
2019-11-20,10664.43,10498.96,0.01576
2019-11-21,10803.32,10664.43,0.01302
2019-11-22,10704.71,10803.32,-0.00913
2019-11-25,10799.44,10704.71,0.00885
2019-11-26,10753.88,10799.44,-0.00422
2019-11-27,10617.81,10753.88,-0.01265
2019-11-28,10768.66,10617.81,0.01421
2019-11-29,10853.61,10768.66,0.00789
2019-12-02,11000.77,10853.61,0.01356
2019-12-03,10981.1,11000.77,-0.00179
2019-12-04,10966.53,10981.1,-0.00133
2019-12-05,11059.17,10966.53,0.00845
2019-12-06,11184.1,11059.17,0.0113
2019-12-09,10980.8,11184.1,-0.01818
2019-12-10,10848.55,10980.8,-0.01204
2019-12-11,10714.88,10848.55,-0.01232
2019-12-12,10836.78,10714.88,0.01138
2019-12-13,11013.93,10836.78,0.01635
2019-12-16,11021.32,11013.93,0.00067
2019-12-17,10932.86,11021.32,-0.00803
2019-12-18,10894.56,10932.86,-0.0035
2019-12-19,11031.33,10894.56,0.01255
2019-12-20,10932.92,11031.33,-0.00892
2019-12-23,10730.02,10932.92,-0.01856
2019-12-24,10785.52,10730.02,0.00517
2019-12-25,10784.31,10785.52,-0.00011
2019-12-26,10708.89,10784.31,-0.00699
2019-12-27,10815.62,10708.89,0.00997
2019-12-30,10674.69,10815.62,-0.01303
2019-12-31,10683.17,10674.69,0.00079
2020-01-01,10660.9,10683.17,-0.00208
2020-01-02,10574.43,10660.9,-0.00811
2020-01-03,10554.04,10574.43,-0.00193
2020-01-06,10297.6,10554.04,-0.0243
2020-01-07,9862.07,10297.6,-0.04229
2020-01-08,9781.15,9862.07,-0.00821
2020-01-09,9819.51,9781.15,0.00392
2020-01-10,9591.03,9819.51,-0.02327
2020-01-13,9551.39,9591.03,-0.00413
2020-01-14,9632.24,9551.39,0.00846
2020-01-15,9627.86,9632.24,-0.00045
2020-01-16,9538.91,9627.86,-0.00924
2020-01-17,9662.1,9538.91,0.01291
2020-01-20,9763.13,9662.1,0.01046
2020-01-21,9881.85,9763.13,0.01216
2020-01-22,9869.22,9881.85,-0.00128
2020-01-23,9810.88,9869.22,-0.00591
2020-01-24,9673.61,9810.88,-0.01399
2020-01-27,9624.23,9673.61,-0.0051
2020-01-28,9592.53,9624.23,-0.00329
2020-01-29,9591.19,9592.53,-0.00014
2020-01-30,9707.05,9591.19,0.01208
2020-01-31,9726.95,9707.05,0.00205
2020-02-03,9735.04,9726.95,0.00083
2020-02-04,9625.96,9735.04,-0.0112
2020-02-05,9529.23,9625.96,-0.01005
2020-02-06,9515.31,9529.23,-0.00146
2020-02-07,9560.78,9515.31,0.00478
2020-02-10,9605.46,9560.78,0.00467
2020-02-11,9570.8,9605.46,-0.00361
2020-02-12,9536.0,9570.8,-0.00364
2020-02-13,9313.7,9536.0,-0.02331
2020-02-14,9523.63,9313.7,0.02254
2020-02-17,9510.4,9523.63,-0.00139
2020-02-18,9383.92,9510.4,-0.0133
2020-02-19,9263.81,9383.92,-0.0128
2020-02-20,9261.93,9263.81,-0.0002
2020-02-21,9199.54,9261.93,-0.00674
2020-02-24,9210.09,9199.54,0.00115
2020-02-25,8777.91,9210.09,-0.04692
2020-02-26,8763.63,8777.91,-0.00163
2020-02-27,8829.6,8763.63,0.00753
2020-02-28,8769.21,8829.6,-0.00684
2020-03-02,8672.75,8769.21,-0.011
2020-03-03,8571.08,8672.75,-0.01172
2020-03-04,8493.68,8571.08,-0.00903
2020-03-05,8463.15,8493.68,-0.00359
2020-03-06,8570.16,8463.15,0.01264
2020-03-09,8666.1,8570.16,0.01119
2020-03-10,8516.69,8666.1,-0.01724
2020-03-11,8493.74,8516.69,-0.00269
2020-03-12,8380.68,8493.74,-0.01331
2020-03-13,8358.09,8380.68,-0.0027
2020-03-16,8281.65,8358.09,-0.00915
2020-03-17,8332.47,8281.65,0.00614
2020-03-18,8316.72,8332.47,-0.00189
2020-03-19,8427.05,8316.72,0.01327
2020-03-20,8444.78,8427.05,0.0021
2020-03-23,8591.81,8444.78,0.01741
2020-03-24,8601.46,8591.81,0.00112
2020-03-25,8519.18,8601.46,-0.00957
2020-03-26,8662.52,8519.18,0.01683
2020-03-27,8643.46,8662.52,-0.0022
2020-03-30,8458.84,8643.46,-0.02136
2020-03-31,8498.61,8458.84,0.0047
2020-04-01,8605.78,8498.61,0.01261
2020-04-02,8529.0,8605.78,-0.00892
2020-04-03,8505.93,8529.0,-0.0027
2020-04-06,8566.22,8505.93,0.00709
2020-04-07,8569.51,8566.22,0.00038
2020-04-08,8570.47,8569.51,0.00011
2020-04-09,8419.29,8570.47,-0.01764
2020-04-10,8313.08,8419.29,-0.01262
2020-04-13,8186.19,8313.08,-0.01526
2020-04-14,8264.81,8186.19,0.0096
2020-04-15,8287.88,8264.81,0.00279
2020-04-16,8276.89,8287.88,-0.00133
2020-04-17,8368.05,8276.89,0.01101
2020-04-20,8518.34,8368.05,0.01796
2020-04-21,8536.06,8518.34,0.00208
2020-04-22,8423.78,8536.06,-0.01315
2020-04-23,8408.77,8423.78,-0.00178
2020-04-24,8208.48,8408.77,-0.02382
2020-04-27,8147.43,8208.48,-0.00744
2020-04-28,8138.54,8147.43,-0.00109
2020-04-29,7990.49,8138.54,-0.01819
2020-04-30,8008.08,7990.49,0.0022
2020-05-01,8077.74,8008.08,0.0087
2020-05-04,8020.61,8077.74,-0.00707
2020-05-05,7968.46,8020.61,-0.0065
2020-05-06,8041.44,7968.46,0.00916
2020-05-07,8084.15,8041.44,0.00531
2020-05-08,8199.15,8084.15,0.01423
2020-05-11,8303.91,8199.15,0.01278
2020-05-12,8181.48,8303.91,-0.01474
2020-05-13,8124.99,8181.48,-0.0069
2020-05-14,8029.55,8124.99,-0.01175
2020-05-15,7859.5,8029.55,-0.02118
2020-05-18,7721.94,7859.5,-0.0175
2020-05-19,7710.41,7721.94,-0.00149
2020-05-20,7686.37,7710.41,-0.00312
2020-05-21,7743.29,7686.37,0.00741
2020-05-22,7871.44,7743.29,0.01655
2020-05-25,8015.39,7871.44,0.01829
2020-05-26,7817.96,8015.39,-0.02463
2020-05-27,7839.17,7817.96,0.00271
2020-05-28,7841.34,7839.17,0.00028
2020-05-29,7719.15,7841.34,-0.01558
2020-06-01,7850.34,7719.15,0.017
2020-06-02,7815.28,7850.34,-0.00447
2020-06-03,7868.98,7815.28,0.00687
2020-06-04,7962.9,7868.98,0.01194
2020-06-05,7946.63,7962.9,-0.00204
2020-06-08,8093.19,7946.63,0.01844
2020-06-09,7913.6,8093.19,-0.02219
2020-06-10,8021.19,7913.6,0.0136
2020-06-11,7908.83,8021.19,-0.01401
2020-06-12,7988.05,7908.83,0.01002
2020-06-15,7904.64,7988.05,-0.01044
2020-06-16,7877.37,7904.64,-0.00345
2020-06-17,7951.38,7877.37,0.0094
2020-06-18,8032.86,7951.38,0.01025
2020-06-19,8197.02,8032.86,0.02044
2020-06-22,8343.77,8197.02,0.0179
2020-06-23,8260.98,8343.77,-0.00992
2020-06-24,8238.82,8260.98,-0.00268
2020-06-25,8319.69,8238.82,0.00982
2020-06-26,8341.04,8319.69,0.00257
2020-06-29,8284.05,8341.04,-0.00683
2020-06-30,8019.63,8284.05,-0.03192
2020-07-01,8092.83,8019.63,0.00913
2020-07-02,8178.33,8092.83,0.01056
2020-07-03,8319.24,8178.33,0.01723
2020-07-06,8252.0,8319.24,-0.00808
2020-07-07,8253.82,8252.0,0.00022
2020-07-08,8302.36,8253.82,0.00588
2020-07-09,8182.85,8302.36,-0.01439
2020-07-10,8132.5,8182.85,-0.00615
2020-07-13,8103.99,8132.5,-0.00351
2020-07-14,8002.44,8103.99,-0.01253
2020-07-15,7882.56,8002.44,-0.01498
2020-07-16,7995.95,7882.56,0.01438
2020-07-17,7867.75,7995.95,-0.01603
2020-07-20,7962.57,7867.75,0.01205
2020-07-21,8024.43,7962.57,0.00777
2020-07-22,7955.61,8024.43,-0.00858
2020-07-23,8026.75,7955.61,0.00894
2020-07-24,7969.16,8026.75,-0.00717
2020-07-27,7941.21,7969.16,-0.00351
2020-07-28,7896.86,7941.21,-0.00558
2020-07-29,7842.87,7896.86,-0.00684
2020-07-30,7934.21,7842.87,0.01165
2020-07-31,7953.07,7934.21,0.00238
2020-08-03,8009.64,7953.07,0.00711
2020-08-04,8040.12,8009.64,0.00381
2020-08-05,8319.3,8040.12,0.03472
2020-08-06,8227.77,8319.3,-0.011
2020-08-07,8283.01,8227.77,0.00671
2020-08-10,8436.23,8283.01,0.0185
2020-08-11,8381.36,8436.23,-0.0065
2020-08-12,8386.88,8381.36,0.00066
2020-08-13,8547.13,8386.88,0.01911
2020-08-14,8752.18,8547.13,0.02399
2020-08-17,8908.74,8752.18,0.01789
2020-08-18,9144.6,8908.74,0.02648
2020-08-19,9202.45,9144.6,0.00633
2020-08-20,9234.37,9202.45,0.00347
2020-08-21,9371.93,9234.37,0.0149
2020-08-24,9565.89,9371.93,0.0207
2020-08-25,9507.86,9565.89,-0.00607
2020-08-26,9744.3,9507.86,0.02487
2020-08-27,9791.96,9744.3,0.00489
2020-08-28,9706.01,9791.96,-0.00878
2020-08-31,9896.52,9706.01,0.01963
2020-09-01,9892.94,9896.52,-0.00036
2020-09-02,9818.12,9892.94,-0.00756
2020-09-03,9926.08,9818.12,0.011
2020-09-04,9887.93,9926.08,-0.00384
2020-09-07,9798.13,9887.93,-0.00908
2020-09-08,9966.61,9798.13,0.0172
2020-09-09,9835.64,9966.61,-0.01314
2020-09-10,9848.89,9835.64,0.00135
2020-09-11,9990.33,9848.89,0.01436
2020-09-14,10052.6,9990.33,0.00623
2020-09-15,9941.7,10052.6,-0.01103
2020-09-16,9896.21,9941.7,-0.00458
2020-09-17,9834.27,9896.21,-0.00626
2020-09-18,9937.57,9834.27,0.0105
2020-09-21,9814.84,9937.57,-0.01235
2020-09-22,10076.91,9814.84,0.0267
2020-09-23,10052.97,10076.91,-0.00238
2020-09-24,10049.82,10052.97,-0.00031
2020-09-25,9911.85,10049.82,-0.01373
2020-09-28,9950.54,9911.85,0.0039
2020-09-29,9909.71,9950.54,-0.0041
2020-09-30,9852.1,9909.71,-0.00581
2020-10-01,9675.73,9852.1,-0.0179
2020-10-02,9838.59,9675.73,0.01683
2020-10-05,9853.69,9838.59,0.00153
2020-10-06,9728.78,9853.69,-0.01268
2020-10-07,9664.26,9728.78,-0.00663
2020-10-08,9754.88,9664.26,0.00938
2020-10-09,9752.19,9754.88,-0.00028
2020-10-12,9805.05,9752.19,0.00542
2020-10-13,9687.56,9805.05,-0.01198
2020-10-14,9802.08,9687.56,0.01182
2020-10-15,9634.27,9802.08,-0.01712
2020-10-16,9625.29,9634.27,-0.00093
2020-10-19,9429.68,9625.29,-0.02032
2020-10-20,9475.73,9429.68,0.00488
2020-10-21,9528.32,9475.73,0.00555
2020-10-22,9528.59,9528.32,3e-05
2020-10-23,9586.84,9528.59,0.00611
2020-10-26,9683.13,9586.84,0.01004
2020-10-27,9570.23,9683.13,-0.01166
2020-10-28,9526.82,9570.23,-0.00454
2020-10-29,9423.93,9526.82,-0.0108
2020-10-30,9544.49,9423.93,0.01279
2020-11-02,9331.16,9544.49,-0.02235
2020-11-03,9210.67,9331.16,-0.01291
2020-11-04,9135.59,9210.67,-0.00815
2020-11-05,9091.23,9135.59,-0.00486
2020-11-06,9234.57,9091.23,0.01577
2020-11-09,9128.28,9234.57,-0.01151
2020-11-10,9103.55,9128.28,-0.00271
2020-11-11,9109.2,9103.55,0.00062
2020-11-12,9178.71,9109.2,0.00763
2020-11-13,9172.52,9178.71,-0.00067
2020-11-16,9199.15,9172.52,0.0029
2020-11-17,9205.35,9199.15,0.00067
2020-11-18,9235.27,9205.35,0.00325
2020-11-19,9256.2,9235.27,0.00227
2020-11-20,9089.79,9256.2,-0.01798
2020-11-23,9114.3,9089.79,0.0027
2020-11-24,9101.81,9114.3,-0.00137
2020-11-25,9079.59,9101.81,-0.00244
2020-11-26,9134.1,9079.59,0.006
2020-11-27,9234.53,9134.1,0.011
2020-11-30,9378.79,9234.53,0.01562
2020-12-01,9405.11,9378.79,0.00281
2020-12-02,9403.91,9405.11,-0.00013
2020-12-03,9434.89,9403.91,0.00329
2020-12-04,9291.94,9434.89,-0.01515
2020-12-07,9259.37,9291.94,-0.00351
2020-12-08,9147.81,9259.37,-0.01205
2020-12-09,9362.04,9147.81,0.02342
2020-12-10,9463.54,9362.04,0.01084
2020-12-11,9504.19,9463.54,0.0043
2020-12-14,9653.2,9504.19,0.01568
2020-12-15,9794.76,9653.2,0.01466
2020-12-16,9837.55,9794.76,0.00437
2020-12-17,9958.08,9837.55,0.01225
2020-12-18,10009.39,9958.08,0.00515
2020-12-21,10152.11,10009.39,0.01426
2020-12-22,10126.44,10152.11,-0.00253
2020-12-23,10148.88,10126.44,0.00222
2020-12-24,10201.56,10148.88,0.00519
2020-12-25,10304.41,10201.56,0.01008
2020-12-28,10231.14,10304.41,-0.00711
2020-12-29,10275.26,10231.14,0.00431
2020-12-30,10198.93,10275.26,-0.00743
2020-12-31,10212.21,10198.93,0.0013
2021-01-01,10010.5,10212.21,-0.01975
2021-01-04,9768.83,10010.5,-0.02414
2021-01-05,9720.75,9768.83,-0.00492
2021-01-06,9727.36,9720.75,0.00068
2021-01-07,9612.72,9727.36,-0.01179
2021-01-08,9850.74,9612.72,0.02476
2021-01-11,9737.27,9850.74,-0.01152
2021-01-12,9624.39,9737.27,-0.01159
2021-01-13,9696.51,9624.39,0.00749
2021-01-14,9636.85,9696.51,-0.00615
2021-01-15,9671.76,9636.85,0.00362
2021-01-18,9561.57,9671.76,-0.01139
2021-01-19,9643.36,9561.57,0.00855
2021-01-20,9494.53,9643.36,-0.01543
2021-01-21,9415.87,9494.53,-0.00828
2021-01-22,9382.82,9415.87,-0.00351
2021-01-25,9271.89,9382.82,-0.01182
2021-01-26,9311.37,9271.89,0.00426
2021-01-27,9310.01,9311.37,-0.00015
2021-01-28,9376.61,9310.01,0.00715
2021-01-29,9259.34,9376.61,-0.01251
2021-02-01,9223.28,9259.34,-0.00389
2021-02-02,9205.89,9223.28,-0.00189
2021-02-03,9283.65,9205.89,0.00845
2021-02-04,9291.34,9283.65,0.00083
2021-02-05,9210.51,9291.34,-0.0087
2021-02-08,9268.26,9210.51,0.00627
2021-02-09,9394.98,9268.26,0.01367
2021-02-10,9417.86,9394.98,0.00244
2021-02-11,9234.34,9417.86,-0.01949
2021-02-12,9017.16,9234.34,-0.02352
2021-02-15,9185.13,9017.16,0.01863
2021-02-16,9149.87,9185.13,-0.00384
2021-02-17,9219.45,9149.87,0.0076
2021-02-18,9413.67,9219.45,0.02107
2021-02-19,9391.4,9413.67,-0.00237
2021-02-22,9381.37,9391.4,-0.00107
2021-02-23,9332.19,9381.37,-0.00524
2021-02-24,9462.78,9332.19,0.01399
2021-02-25,9478.19,9462.78,0.00163
2021-02-26,9394.84,9478.19,-0.00879
2021-03-01,9349.36,9394.84,-0.00484
2021-03-02,9282.27,9349.36,-0.00718
2021-03-03,9147.09,9282.27,-0.01456
2021-03-04,8940.29,9147.09,-0.02261
2021-03-05,9053.65,8940.29,0.01268
2021-03-08,9130.74,9053.65,0.00851
2021-03-09,9091.0,9130.74,-0.00435
2021-03-10,9198.69,9091.0,0.01185
2021-03-11,9454.87,9198.69,0.02785
2021-03-12,9246.22,9454.87,-0.02207
2021-03-15,9146.62,9246.22,-0.01077
2021-03-16,9058.24,9146.62,-0.00966
2021-03-17,9266.0,9058.24,0.02294
2021-03-18,9322.77,9266.0,0.00613
2021-03-19,9331.73,9322.77,0.00096
2021-03-22,9316.27,9331.73,-0.00166
2021-03-23,9265.84,9316.27,-0.00541
2021-03-24,9160.62,9265.84,-0.01136
2021-03-25,9134.66,9160.62,-0.00283
2021-03-26,9010.17,9134.66,-0.01363
2021-03-29,9079.12,9010.17,0.00765
2021-03-30,9103.36,9079.12,0.00267
2021-03-31,8888.56,9103.36,-0.0236
2021-04-01,9081.95,8888.56,0.02176
2021-04-02,9208.58,9081.95,0.01394
2021-04-05,9292.83,9208.58,0.00915
2021-04-06,9370.32,9292.83,0.00834
2021-04-07,9360.9,9370.32,-0.00101
2021-04-08,9494.21,9360.9,0.01424
2021-04-09,9541.25,9494.21,0.00495
2021-04-12,9518.62,9541.25,-0.00237
2021-04-13,9525.14,9518.62,0.00068
2021-04-14,9574.15,9525.14,0.00515
2021-04-15,9520.43,9574.15,-0.00561
2021-04-16,9626.26,9520.43,0.01112
2021-04-19,9923.96,9626.26,0.03093
2021-04-20,9810.67,9923.96,-0.01142
2021-04-21,9752.53,9810.67,-0.00593
2021-04-22,9736.67,9752.53,-0.00163
2021-04-23,9761.32,9736.67,0.00253
2021-04-26,9692.35,9761.32,-0.00707
2021-04-27,9821.75,9692.35,0.01335
2021-04-28,9814.12,9821.75,-0.00078
2021-04-29,9936.99,9814.12,0.01252
2021-04-30,10034.44,9936.99,0.00981
2021-05-03,10003.61,10034.44,-0.00307
2021-05-04,10071.09,10003.61,0.00675
2021-05-05,10343.52,10071.09,0.02705
2021-05-06,10311.41,10343.52,-0.0031
2021-05-07,10236.99,10311.41,-0.00722
2021-05-10,10492.78,10236.99,0.02499
2021-05-11,10480.37,10492.78,-0.00118
2021-05-12,10378.53,10480.37,-0.00972
2021-05-13,10156.06,10378.53,-0.02144
2021-05-14,10231.45,10156.06,0.00742
2021-05-17,10266.41,10231.45,0.00342
2021-05-18,10072.78,10266.41,-0.01886
2021-05-19,10102.6,10072.78,0.00296
2021-05-20,9903.45,10102.6,-0.01971
2021-05-21,9978.15,9903.45,0.00754
2021-05-24,10122.14,9978.15,0.01443
2021-05-25,10142.53,10122.14,0.00201
2021-05-26,10311.5,10142.53,0.01666
2021-05-27,10124.33,10311.5,-0.01815
2021-05-28,9897.98,10124.33,-0.02236
2021-05-31,10009.42,9897.98,0.01126
2021-06-01,9844.24,10009.42,-0.0165
2021-06-02,9828.58,9844.24,-0.00159
2021-06-03,10026.28,9828.58,0.02011
2021-06-04,10102.19,10026.28,0.00757
2021-06-07,10078.94,10102.19,-0.0023
2021-06-08,10059.72,10078.94,-0.00191
2021-06-09,10188.6,10059.72,0.01281
2021-06-10,10094.83,10188.6,-0.0092
2021-06-11,10132.6,10094.83,0.00374
2021-06-14,10150.9,10132.6,0.00181
2021-06-15,10181.57,10150.9,0.00302
2021-06-16,10160.36,10181.57,-0.00208
2021-06-17,10074.21,10160.36,-0.00848
2021-06-18,9910.71,10074.21,-0.01623
2021-06-21,10024.59,9910.71,0.01149
2021-06-22,9991.89,10024.59,-0.00326
2021-06-23,10111.7,9991.89,0.01199
2021-06-24,10179.68,10111.7,0.00672
2021-06-25,9935.32,10179.68,-0.024
2021-06-28,10001.53,9935.32,0.00666
2021-06-29,9969.65,10001.53,-0.00319
2021-06-30,10058.65,9969.65,0.00893
2021-07-01,9946.31,10058.65,-0.01117
2021-07-02,10042.35,9946.31,0.00966
2021-07-05,10249.65,10042.35,0.02064
2021-07-06,10033.35,10249.65,-0.0211
2021-07-07,10013.69,10033.35,-0.00196
2021-07-08,10034.51,10013.69,0.00208
2021-07-09,10129.84,10034.51,0.0095
2021-07-12,10223.35,10129.84,0.00923
2021-07-13,10145.46,10223.35,-0.00762
2021-07-14,10167.31,10145.46,0.00215
2021-07-15,10269.37,10167.31,0.01004
2021-07-16,10182.24,10269.37,-0.00848
2021-07-19,10193.87,10182.24,0.00114
2021-07-20,10167.24,10193.87,-0.00261
2021-07-21,10170.98,10167.24,0.00037
2021-07-22,9954.37,10170.98,-0.0213
2021-07-23,10031.67,9954.37,0.00777
2021-07-26,10021.68,10031.67,-0.001
2021-07-27,10112.87,10021.68,0.0091
2021-07-28,10221.54,10112.87,0.01075
2021-07-29,10318.2,10221.54,0.00946
2021-07-30,10419.49,10318.2,0.00982
2021-08-02,10524.63,10419.49,0.01009
2021-08-03,10706.59,10524.63,0.01729
2021-08-04,10665.23,10706.59,-0.00386
2021-08-05,10458.08,10665.23,-0.01942
2021-08-06,10461.09,10458.08,0.00029
2021-08-09,10477.43,10461.09,0.00156
2021-08-10,10606.97,10477.43,0.01236
2021-08-11,10648.06,10606.97,0.00387
2021-08-12,10619.33,10648.06,-0.0027
2021-08-13,10749.16,10619.33,0.01223
2021-08-16,10735.72,10749.16,-0.00125
2021-08-17,10581.98,10735.72,-0.01432
2021-08-18,10345.75,10581.98,-0.02232
2021-08-19,10284.5,10345.75,-0.00592
2021-08-20,10535.87,10284.5,0.02444
2021-08-23,10536.83,10535.87,9e-05
2021-08-24,10482.11,10536.83,-0.00519
2021-08-25,10499.26,10482.11,0.00164
2021-08-26,9947.61,10499.26,-0.05254
2021-08-27,10132.13,9947.61,0.01855
2021-08-30,10006.66,10132.13,-0.01238
2021-08-31,9897.58,10006.66,-0.0109
2021-09-01,9849.91,9897.58,-0.00482
2021-09-02,9999.67,9849.91,0.0152
2021-09-03,10123.39,9999.67,0.01237
2021-09-06,10203.52,10123.39,0.00792
2021-09-07,10269.37,10203.52,0.00645
2021-09-08,10055.53,10269.37,-0.02082
2021-09-09,10228.36,10055.53,0.01719
2021-09-10,10284.43,10228.36,0.00548
2021-09-13,10232.07,10284.43,-0.00509
2021-09-14,10122.61,10232.07,-0.0107
2021-09-15,10186.64,10122.61,0.00633
2021-09-16,10060.43,10186.64,-0.01239
2021-09-17,10021.05,10060.43,-0.00391
2021-09-20,10238.91,10021.05,0.02174
2021-09-21,10187.54,10238.91,-0.00502
2021-09-22,10162.77,10187.54,-0.00243
2021-09-23,10157.78,10162.77,-0.00049
2021-09-24,10314.04,10157.78,0.01538
2021-09-27,10257.66,10314.04,-0.00547
2021-09-28,10377.96,10257.66,0.01173
2021-09-29,10514.72,10377.96,0.01318
2021-09-30,10594.84,10514.72,0.00762
2021-10-01,10575.9,10594.84,-0.00179
2021-10-04,10685.91,10575.9,0.0104
2021-10-05,10606.53,10685.91,-0.00743
2021-10-06,10353.08,10606.53,-0.0239
2021-10-07,10435.61,10353.08,0.00797
2021-10-08,10340.45,10435.61,-0.00912
2021-10-11,10345.75,10340.45,0.00051
2021-10-12,10385.83,10345.75,0.00387
2021-10-13,10557.35,10385.83,0.01651
2021-10-14,10415.97,10557.35,-0.01339
2021-10-15,10564.3,10415.97,0.01424
2021-10-18,10614.33,10564.3,0.00474
2021-10-19,10578.89,10614.33,-0.00334
2021-10-20,10553.72,10578.89,-0.00238
2021-10-21,10569.49,10553.72,0.00149
2021-10-22,10433.43,10569.49,-0.01287
2021-10-25,10489.41,10433.43,0.00537
2021-10-26,10394.9,10489.41,-0.00901
2021-10-27,10299.92,10394.9,-0.00914
2021-10-28,10305.33,10299.92,0.00053
2021-10-29,10159.39,10305.33,-0.01416
2021-11-01,10394.26,10159.39,0.02312
2021-11-02,10605.71,10394.26,0.02034
2021-11-03,10324.18,10605.71,-0.02655
2021-11-04,10416.52,10324.18,0.00894
2021-11-05,10217.28,10416.52,-0.01913
2021-11-08,10537.45,10217.28,0.03134
2021-11-09,10414.69,10537.45,-0.01165
2021-11-10,10269.7,10414.69,-0.01392
2021-11-11,10607.14,10269.7,0.03286
2021-11-12,10583.83,10607.14,-0.0022
2021-11-15,10699.03,10583.83,0.01088
2021-11-16,10600.36,10699.03,-0.00922
2021-11-17,10626.84,10600.36,0.0025
2021-11-18,10731.4,10626.84,0.00984
2021-11-19,10812.07,10731.4,0.00752
2021-11-22,10847.41,10812.07,0.00327
2021-11-23,10886.63,10847.41,0.00362
2021-11-24,10945.62,10886.63,0.00542
2021-11-25,11050.14,10945.62,0.00955
2021-11-26,11262.19,11050.14,0.01919
2021-11-29,11227.44,11262.19,-0.00309
2021-11-30,11221.8,11227.44,-0.0005
2021-12-01,11165.8,11221.8,-0.00499
2021-12-02,11156.24,11165.8,-0.00086
2021-12-03,11153.01,11156.24,-0.00029
2021-12-06,11215.9,11153.01,0.00564
2021-12-07,11195.08,11215.9,-0.00186
2021-12-08,11473.55,11195.08,0.02487
2021-12-09,11583.18,11473.55,0.00956
2021-12-10,11659.99,11583.18,0.00663
2021-12-13,11792.22,11659.99,0.01134
2021-12-14,11794.76,11792.22,0.00022
2021-12-15,12020.55,11794.76,0.01914
2021-12-16,11909.11,12020.55,-0.00927
2021-12-17,11790.96,11909.11,-0.00992
2021-12-20,11875.12,11790.96,0.00714
2021-12-21,11921.25,11875.12,0.00388
2021-12-22,11902.03,11921.25,-0.00161
2021-12-23,11823.51,11902.03,-0.0066
2021-12-24,11760.52,11823.51,-0.00533
2021-12-27,12050.26,11760.52,0.02464
2021-12-28,12171.15,12050.26,0.01003
2021-12-29,11856.35,12171.15,-0.02586
2021-12-30,11960.83,11856.35,0.00881
2021-12-31,12098.56,11960.83,0.01152
2022-01-03,12237.96,12098.56,0.01152
2022-01-04,12177.86,12237.96,-0.00491
2022-01-05,12252.04,12177.86,0.00609
2022-01-06,12443.37,12252.04,0.01562
2022-01-07,12492.19,12443.37,0.00392
2022-01-10,12446.3,12492.19,-0.00367
2022-01-11,12034.79,12446.3,-0.03306
2022-01-12,12158.08,12034.79,0.01024
2022-01-13,12030.88,12158.08,-0.01046
2022-01-14,12151.52,12030.88,0.01003
2022-01-17,12049.13,12151.52,-0.00843
2022-01-18,12069.82,12049.13,0.00172
2022-01-19,12010.37,12069.82,-0.00493
2022-01-20,12037.59,12010.37,0.00227
2022-01-21,11908.55,12037.59,-0.01072
2022-01-24,11859.53,11908.55,-0.00412
2022-01-25,11863.73,11859.53,0.00035
2022-01-26,11722.29,11863.73,-0.01192
2022-01-27,11595.26,11722.29,-0.01084
2022-01-28,11779.66,11595.26,0.0159
2022-01-31,11858.19,11779.66,0.00667
2022-02-01,11867.92,11858.19,0.00082
2022-02-02,11895.0,11867.92,0.00228
2022-02-03,11851.98,11895.0,-0.00362
2022-02-04,11940.59,11851.98,0.00748
2022-02-07,11988.26,11940.59,0.00399
2022-02-08,11895.35,11988.26,-0.00775
2022-02-09,11879.05,11895.35,-0.00137
2022-02-10,11888.36,11879.05,0.00078
2022-02-11,11921.69,11888.36,0.0028
2022-02-14,11748.4,11921.69,-0.01454
2022-02-15,11846.52,11748.4,0.00835
2022-02-16,11834.32,11846.52,-0.00103
2022-02-17,11916.75,11834.32,0.00697
2022-02-18,11864.6,11916.75,-0.00438
2022-02-21,11706.16,11864.6,-0.01335
2022-02-22,11509.29,11706.16,-0.01682
2022-02-23,11024.07,11509.29,-0.04216
2022-02-24,10923.95,11024.07,-0.00908
2022-02-25,10979.32,10923.95,0.00507
2022-02-28,11182.74,10979.32,0.01853
2022-03-01,11170.07,11182.74,-0.00113
2022-03-02,11018.85,11170.07,-0.01354
2022-03-03,11048.08,11018.85,0.00265
2022-03-04,11039.14,11048.08,-0.00081
2022-03-07,11104.62,11039.14,0.00593
2022-03-08,10962.91,11104.62,-0.01276
2022-03-09,10990.35,10962.91,0.0025
2022-03-10,10914.27,10990.35,-0.00692
2022-03-11,11028.94,10914.27,0.01051
2022-03-14,10958.56,11028.94,-0.00638
2022-03-15,10996.96,10958.56,0.0035
2022-03-16,11053.58,10996.96,0.00515
2022-03-17,11225.41,11053.58,0.01555
2022-03-18,11196.87,11225.41,-0.00254
2022-03-21,11148.78,11196.87,-0.00429
2022-03-22,11027.11,11148.78,-0.01091
2022-03-23,10828.44,11027.11,-0.01802
2022-03-24,10862.6,10828.44,0.00315
2022-03-25,10947.72,10862.6,0.00784
2022-03-28,11075.64,10947.72,0.01168
2022-03-29,11137.28,11075.64,0.00557
2022-03-30,11475.38,11137.28,0.03036
2022-03-31,11681.24,11475.38,0.01794
2022-04-01,11783.96,11681.24,0.00879
2022-04-04,11865.14,11783.96,0.00689
2022-04-05,11978.55,11865.14,0.00956
2022-04-06,11838.35,11978.55,-0.0117
2022-04-07,11885.73,11838.35,0.004
2022-04-08,11849.18,11885.73,-0.00308
2022-04-11,11838.06,11849.18,-0.00094
2022-04-12,11841.16,11838.06,0.00026
2022-04-13,11889.8,11841.16,0.00411
2022-04-14,11794.47,11889.8,-0.00802
2022-04-15,11685.3,11794.47,-0.00926
2022-04-18,11584.52,11685.3,-0.00862
2022-04-19,11720.63,11584.52,0.01175
2022-04-20,11680.6,11720.63,-0.00342
2022-04-21,11569.78,11680.6,-0.00949
2022-04-22,11712.93,11569.78,0.01237
2022-04-25,11756.43,11712.93,0.00371
2022-04-26,11780.47,11756.43,0.00204
2022-04-27,11805.1,11780.47,0.00209
2022-04-28,11591.12,11805.1,-0.01813
2022-04-29,11497.14,11591.12,-0.00811
2022-05-02,11350.56,11497.14,-0.01275
2022-05-03,11232.94,11350.56,-0.01036
2022-05-04,11265.12,11232.94,0.00286
2022-05-05,11297.99,11265.12,0.00292
2022-05-06,11464.4,11297.99,0.01473
2022-05-09,11659.36,11464.4,0.01701
2022-05-10,11514.17,11659.36,-0.01245
2022-05-11,11656.0,11514.17,0.01232
2022-05-12,11665.47,11656.0,0.00081
2022-05-13,11540.17,11665.47,-0.01074
2022-05-16,11464.42,11540.17,-0.00656
2022-05-17,11564.2,11464.42,0.0087
2022-05-18,11974.2,11564.2,0.03545
2022-05-19,11979.62,11974.2,0.00045
2022-05-20,11971.43,11979.62,-0.00068
2022-05-23,12120.01,11971.43,0.01241
2022-05-24,12038.97,12120.01,-0.00669
2022-05-25,12176.31,12038.97,0.01141
2022-05-26,12337.07,12176.31,0.0132
2022-05-27,12158.97,12337.07,-0.01444
2022-05-30,12185.32,12158.97,0.00217
2022-05-31,12144.14,12185.32,-0.00338
2022-06-01,11959.13,12144.14,-0.01523
2022-06-02,12221.9,11959.13,0.02197
2022-06-03,11908.52,12221.9,-0.02564
2022-06-06,11959.51,11908.52,0.00428
2022-06-07,12011.14,11959.51,0.00432
2022-06-08,12001.17,12011.14,-0.00083
2022-06-09,12173.74,12001.17,0.01438
2022-06-10,12496.07,12173.74,0.02648
2022-06-13,12522.27,12496.07,0.0021
2022-06-14,12658.12,12522.27,0.01085
2022-06-15,12797.26,12658.12,0.01099
2022-06-16,12800.67,12797.26,0.00027
2022-06-17,12843.74,12800.67,0.00336
2022-06-20,12892.86,12843.74,0.00382
2022-06-21,12816.07,12892.86,-0.00596
2022-06-22,12937.0,12816.07,0.00944
2022-06-23,13071.91,12937.0,0.01043
2022-06-24,13065.06,13071.91,-0.00052
2022-06-27,13262.26,13065.06,0.01509
2022-06-28,13072.65,13262.26,-0.0143
2022-06-29,12904.41,13072.65,-0.01287
2022-06-30,13147.89,12904.41,0.01887
2022-07-01,12997.19,13147.89,-0.01146
2022-07-04,13168.35,12997.19,0.01317
2022-07-05,13035.63,13168.35,-0.01008
2022-07-06,13137.04,13035.63,0.00778
2022-07-07,13192.19,13137.04,0.0042
2022-07-08,13173.93,13192.19,-0.00138
2022-07-11,13189.81,13173.93,0.00121
2022-07-12,13168.02,13189.81,-0.00165
2022-07-13,12935.53,13168.02,-0.01766
2022-07-14,13039.51,12935.53,0.00804
2022-07-15,12915.94,13039.51,-0.00948
2022-07-18,13122.48,12915.94,0.01599
2022-07-19,13268.36,13122.48,0.01112
2022-07-20,13143.59,13268.36,-0.0094
2022-07-21,13315.7,13143.59,0.01309
2022-07-22,13314.31,13315.7,-0.0001
2022-07-25,13005.9,13314.31,-0.02316
2022-07-26,13120.44,13005.9,0.00881
2022-07-27,13070.6,13120.44,-0.0038
2022-07-28,12992.27,13070.6,-0.00599
2022-07-29,13058.8,12992.27,0.00512
2022-08-01,13204.74,13058.8,0.01118
2022-08-02,12760.37,13204.74,-0.03365
2022-08-03,12794.15,12760.37,0.00265
2022-08-04,12536.96,12794.15,-0.0201
2022-08-05,12525.97,12536.96,-0.00088
2022-08-08,12466.61,12525.97,-0.00474
2022-08-09,12450.29,12466.61,-0.00131
2022-08-10,12584.64,12450.29,0.01079
2022-08-11,12671.05,12584.64,0.00687
2022-08-12,12767.69,12671.05,0.00763
2022-08-15,12229.26,12767.69,-0.04217
2022-08-16,12089.44,12229.26,-0.01143
2022-08-17,12189.91,12089.44,0.00831
2022-08-18,12099.71,12189.91,-0.0074
2022-08-19,12264.41,12099.71,0.01361
2022-08-22,12100.01,12264.41,-0.0134
2022-08-23,12063.26,12100.01,-0.00304
2022-08-24,12100.1,12063.26,0.00305
2022-08-25,11751.67,12100.1,-0.0288
2022-08-26,11764.67,11751.67,0.00111
2022-08-29,11922.68,11764.67,0.01343
2022-08-30,11948.81,11922.68,0.00219
2022-08-31,11993.79,11948.81,0.00376
2022-09-01,12038.06,11993.79,0.00369
2022-09-02,12029.3,12038.06,-0.00073
2022-09-05,12058.9,12029.3,0.00246
2022-09-06,11947.68,12058.9,-0.00922
2022-09-07,12041.91,11947.68,0.00789
2022-09-08,12059.26,12041.91,0.00144
2022-09-09,11986.3,12059.26,-0.00605
2022-09-12,11890.59,11986.3,-0.00798
2022-09-13,11874.05,11890.59,-0.00139
2022-09-14,11878.31,11874.05,0.00036
2022-09-15,11718.22,11878.31,-0.01348
2022-09-16,11644.69,11718.22,-0.00627
2022-09-19,11993.95,11644.69,0.02999
2022-09-20,12076.24,11993.95,0.00686
2022-09-21,12010.44,12076.24,-0.00545
2022-09-22,11926.39,12010.44,-0.007
2022-09-23,11804.18,11926.39,-0.01025
2022-09-26,11765.12,11804.18,-0.00331
2022-09-27,11781.98,11765.12,0.00143
2022-09-28,11853.18,11781.98,0.00604
2022-09-29,12066.86,11853.18,0.01803
2022-09-30,12164.16,12066.86,0.00806
2022-10-03,11888.18,12164.16,-0.02269
2022-10-04,11685.19,11888.18,-0.01707
2022-10-05,11442.79,11685.19,-0.02074
2022-10-06,11371.1,11442.79,-0.00627
2022-10-07,11400.77,11371.1,0.00261
2022-10-10,11414.23,11400.77,0.00118
2022-10-11,11148.03,11414.23,-0.02332
2022-10-12,11174.07,11148.03,0.00234
2022-10-13,10907.18,11174.07,-0.02388
2022-10-14,10916.65,10907.18,0.00087
2022-10-17,10993.97,10916.65,0.00708
2022-10-18,11025.62,10993.97,0.00288
2022-10-19,11139.39,11025.62,0.01032
2022-10-20,11047.54,11139.39,-0.00825
2022-10-21,10982.19,11047.54,-0.00592
2022-10-24,10918.2,10982.19,-0.00583
2022-10-25,10903.29,10918.2,-0.00137
2022-10-26,10713.8,10903.29,-0.01738
2022-10-27,10784.44,10713.8,0.00659
2022-10-28,10964.39,10784.44,0.01669
2022-10-31,10980.53,10964.39,0.00147
2022-11-01,10875.44,10980.53,-0.00957
2022-11-02,10847.52,10875.44,-0.00257
2022-11-03,10712.62,10847.52,-0.01244
2022-11-04,10711.54,10712.62,-0.0001
2022-11-07,10558.3,10711.54,-0.01431
2022-11-08,10530.7,10558.3,-0.00261
2022-11-09,10497.04,10530.7,-0.0032
2022-11-10,10204.79,10497.04,-0.02784
2022-11-11,10391.55,10204.79,0.0183
2022-11-14,10593.56,10391.55,0.01944
2022-11-15,10560.96,10593.56,-0.00308
2022-11-16,10723.81,10560.96,0.01542
2022-11-17,10765.75,10723.81,0.00391
2022-11-18,10842.06,10765.75,0.00709
2022-11-21,10927.99,10842.06,0.00793
2022-11-22,10736.92,10927.99,-0.01748
2022-11-23,10798.62,10736.92,0.00575
2022-11-24,10802.67,10798.62,0.00038
2022-11-25,10929.62,10802.67,0.01175
2022-11-28,11110.25,10929.62,0.01653
2022-11-29,11045.91,11110.25,-0.00579
2022-11-30,10820.75,11045.91,-0.02038
2022-12-01,10776.57,10820.75,-0.00408
2022-12-02,10553.59,10776.57,-0.02069
2022-12-05,10645.74,10553.59,0.00873
2022-12-06,10611.11,10645.74,-0.00325
2022-12-07,10764.07,10611.11,0.01442
2022-12-08,10717.08,10764.07,-0.00437
2022-12-09,10936.62,10717.08,0.02049
2022-12-12,10682.18,10936.62,-0.02326
2022-12-13,10727.87,10682.18,0.00428
2022-12-14,10648.06,10727.87,-0.00744
2022-12-15,10625.38,10648.06,-0.00213
2022-12-16,10838.52,10625.38,0.02006
2022-12-19,10757.24,10838.52,-0.0075
2022-12-20,10770.91,10757.24,0.00127
2022-12-21,10775.07,10770.91,0.00039
2022-12-22,10903.0,10775.07,0.01187
2022-12-23,10841.35,10903.0,-0.00565
2022-12-26,10553.99,10841.35,-0.02651
2022-12-27,10405.0,10553.99,-0.01412
2022-12-28,10463.98,10405.0,0.00567
2022-12-29,10535.72,10463.98,0.00686
2022-12-30,10236.66,10535.72,-0.02839
2023-01-02,10170.67,10236.66,-0.00645
2023-01-03,10214.42,10170.67,0.0043
2023-01-04,10175.74,10214.42,-0.00379
2023-01-05,10153.82,10175.74,-0.00215
2023-01-06,10058.28,10153.82,-0.00941
2023-01-09,9981.28,10058.28,-0.00766
2023-01-10,10319.01,9981.28,0.03384
2023-01-11,10238.47,10319.01,-0.00781
2023-01-12,10112.7,10238.47,-0.01228
2023-01-13,10085.6,10112.7,-0.00268
2023-01-16,10203.14,10085.6,0.01165
2023-01-17,10166.44,10203.14,-0.0036
2023-01-18,10206.24,10166.44,0.00391
2023-01-19,10229.74,10206.24,0.0023
2023-01-20,10357.97,10229.74,0.01254
2023-01-23,10281.03,10357.97,-0.00743
2023-01-24,10363.11,10281.03,0.00798
2023-01-25,10255.37,10363.11,-0.0104
2023-01-26,10236.85,10255.37,-0.00181
2023-01-27,10379.64,10236.85,0.01395
2023-01-30,10302.72,10379.64,-0.00741
2023-01-31,10255.17,10302.72,-0.00462
2023-02-01,10113.83,10255.17,-0.01378
2023-02-02,9922.86,10113.83,-0.01888
2023-02-03,10012.51,9922.86,0.00903
2023-02-06,9933.15,10012.51,-0.00793
2023-02-07,9994.71,9933.15,0.0062
2023-02-08,9963.1,9994.71,-0.00316
2023-02-09,9894.5,9963.1,-0.00689
2023-02-10,10032.18,9894.5,0.01391
2023-02-13,9936.33,10032.18,-0.00955
2023-02-14,9998.8,9936.33,0.00629
2023-02-15,9845.71,9998.8,-0.01531
2023-02-16,9831.22,9845.71,-0.00147
2023-02-17,9848.97,9831.22,0.00181
2023-02-20,9977.26,9848.97,0.01303
2023-02-21,9971.07,9977.26,-0.00062
2023-02-22,9984.18,9971.07,0.00131
2023-02-23,10137.89,9984.18,0.0154
2023-02-24,10094.56,10137.89,-0.00427
2023-02-27,10221.1,10094.56,0.01254
2023-02-28,10396.2,10221.1,0.01713
2023-03-01,10475.56,10396.2,0.00763
2023-03-02,10519.81,10475.56,0.00422
2023-03-03,10546.26,10519.81,0.00251
2023-03-06,10652.15,10546.26,0.01004
2023-03-07,10569.06,10652.15,-0.0078
2023-03-08,10350.79,10569.06,-0.02065
2023-03-09,10226.25,10350.79,-0.01203
2023-03-10,10150.74,10226.25,-0.00738
2023-03-13,10105.68,10150.74,-0.00444
2023-03-14,10304.27,10105.68,0.01965
2023-03-15,10368.81,10304.27,0.00626
2023-03-16,10426.11,10368.81,0.00553
2023-03-17,10357.6,10426.11,-0.00657
2023-03-20,10477.89,10357.6,0.01161
2023-03-21,10544.95,10477.89,0.0064
2023-03-22,10566.41,10544.95,0.00204
2023-03-23,10519.83,10566.41,-0.00441
2023-03-24,10406.41,10519.83,-0.01078
2023-03-27,10440.75,10406.41,0.0033
2023-03-28,10440.13,10440.75,-6e-05
2023-03-29,10259.04,10440.13,-0.01735
2023-03-30,10265.93,10259.04,0.00067
2023-03-31,10252.67,10265.93,-0.00129
2023-04-03,10361.68,10252.67,0.01063
2023-04-04,10267.39,10361.68,-0.0091
2023-04-05,10210.7,10267.39,-0.00552
2023-04-06,10138.61,10210.7,-0.00706
2023-04-07,10193.95,10138.61,0.00546
2023-04-10,10326.55,10193.95,0.01301
2023-04-11,10184.94,10326.55,-0.01371
2023-04-12,10169.8,10184.94,-0.00149
2023-04-13,10133.68,10169.8,-0.00355
2023-04-14,10173.69,10133.68,0.00395
2023-04-17,10061.97,10173.69,-0.01098
2023-04-18,10111.52,10061.97,0.00492
2023-04-19,10159.45,10111.52,0.00474
2023-04-20,10071.76,10159.45,-0.00863
2023-04-21,10265.04,10071.76,0.01919
2023-04-24,10177.73,10265.04,-0.00851
2023-04-25,10173.72,10177.73,-0.00039
2023-04-26,10257.18,10173.72,0.0082
2023-04-27,10314.37,10257.18,0.00558
2023-04-28,10186.68,10314.37,-0.01238
2023-05-01,10203.96,10186.68,0.0017
2023-05-02,9944.96,10203.96,-0.02538
2023-05-03,9925.18,9944.96,-0.00199
2023-05-04,9771.26,9925.18,-0.01551
2023-05-05,9978.42,9771.26,0.0212
2023-05-08,10164.32,9978.42,0.01863
2023-05-09,10210.42,10164.32,0.00454
2023-05-10,10090.99,10210.42,-0.0117
2023-05-11,10019.82,10090.99,-0.00705
2023-05-12,10327.34,10019.82,0.03069
2023-05-15,10294.74,10327.34,-0.00316
2023-05-16,10235.14,10294.74,-0.00579
2023-05-17,10382.21,10235.14,0.01437
2023-05-18,10193.1,10382.21,-0.01821
2023-05-19,9960.78,10193.1,-0.02279
2023-05-22,10037.51,9960.78,0.0077
2023-05-23,9868.83,10037.51,-0.0168
2023-05-24,9920.39,9868.83,0.00522
2023-05-25,10042.7,9920.39,0.01233
2023-05-26,10015.3,10042.7,-0.00273
2023-05-29,10195.9,10015.3,0.01803
2023-05-30,10122.21,10195.9,-0.00723
2023-05-31,9975.0,10122.21,-0.01454
2023-06-01,9961.19,9975.0,-0.00138
2023-06-02,9969.98,9961.19,0.00088
2023-06-05,9869.79,9969.98,-0.01005
2023-06-06,9998.46,9869.79,0.01304
2023-06-07,9848.21,9998.46,-0.01503
2023-06-08,9884.27,9848.21,0.00366
2023-06-09,10084.63,9884.27,0.02027
2023-06-12,9816.12,10084.63,-0.02663
2023-06-13,9969.39,9816.12,0.01561
2023-06-14,10119.14,9969.39,0.01502
2023-06-15,10182.16,10119.14,0.00623
2023-06-16,10293.31,10182.16,0.01092
2023-06-19,10310.92,10293.31,0.00171
2023-06-20,9979.2,10310.92,-0.03217
2023-06-21,10003.14,9979.2,0.0024
2023-06-22,9728.33,10003.14,-0.02747
2023-06-23,9555.63,9728.33,-0.01775
2023-06-26,9549.27,9555.63,-0.00067
2023-06-27,9662.12,9549.27,0.01182
2023-06-28,9515.87,9662.12,-0.01514
2023-06-29,9274.09,9515.87,-0.02541
2023-06-30,9150.74,9274.09,-0.0133
2023-07-03,8984.83,9150.74,-0.01813
2023-07-04,9001.1,8984.83,0.00181
2023-07-05,8843.3,9001.1,-0.01753
2023-07-06,8870.24,8843.3,0.00305
2023-07-07,8988.1,8870.24,0.01329
2023-07-10,9022.12,8988.1,0.00379
2023-07-11,9024.88,9022.12,0.00031
2023-07-12,9161.98,9024.88,0.01519
2023-07-13,9208.74,9161.98,0.0051
2023-07-14,9271.33,9208.74,0.0068
2023-07-17,9322.54,9271.33,0.00552
2023-07-18,9044.84,9322.54,-0.02979
2023-07-19,8971.8,9044.84,-0.00808
2023-07-20,9130.95,8971.8,0.01774
2023-07-21,9035.66,9130.95,-0.01044
2023-07-24,9110.46,9035.66,0.00828
2023-07-25,9048.6,9110.46,-0.00679
2023-07-26,9057.13,9048.6,0.00094
2023-07-27,8893.05,9057.13,-0.01812
2023-07-28,8788.61,8893.05,-0.01174
2023-07-31,8789.8,8788.61,0.00014
2023-08-01,8811.42,8789.8,0.00246
2023-08-02,8682.05,8811.42,-0.01468
2023-08-03,8514.8,8682.05,-0.01926
2023-08-04,8582.52,8514.8,0.00795
2023-08-07,8647.32,8582.52,0.00755
2023-08-08,8720.5,8647.32,0.00846
2023-08-09,8871.31,8720.5,0.01729
2023-08-10,8984.11,8871.31,0.01272
2023-08-11,9060.84,8984.11,0.00854
2023-08-14,9144.44,9060.84,0.00923
2023-08-15,9149.79,9144.44,0.00059
2023-08-16,9159.98,9149.79,0.00111
2023-08-17,9226.89,9159.98,0.0073
2023-08-18,9328.31,9226.89,0.01099
2023-08-21,9528.72,9328.31,0.02148
2023-08-22,9578.27,9528.72,0.0052
2023-08-23,9646.69,9578.27,0.00714
2023-08-24,9783.4,9646.69,0.01417
2023-08-25,9820.96,9783.4,0.00384
2023-08-28,9754.89,9820.96,-0.00673
2023-08-29,9745.53,9754.89,-0.00096
2023-08-30,9750.81,9745.53,0.00054
2023-08-31,9702.82,9750.81,-0.00492
2023-09-01,9608.95,9702.82,-0.00967
2023-09-04,9725.43,9608.95,0.01212
2023-09-05,9893.94,9725.43,0.01733
2023-09-06,9801.11,9893.94,-0.00938
2023-09-07,10030.3,9801.11,0.02338
2023-09-08,9509.22,10030.3,-0.05195
2023-09-11,9567.73,9509.22,0.00615
2023-09-12,9626.28,9567.73,0.00612
2023-09-13,9546.37,9626.28,-0.0083
2023-09-14,9678.07,9546.37,0.0138
2023-09-15,9679.83,9678.07,0.00018
2023-09-18,9692.2,9679.83,0.00128
2023-09-19,9583.22,9692.2,-0.01124
2023-09-20,9355.31,9583.22,-0.02378
2023-09-21,9243.88,9355.31,-0.01191
2023-09-22,9362.54,9243.88,0.01284
2023-09-25,9199.39,9362.54,-0.01743
2023-09-26,9141.68,9199.39,-0.00627
2023-09-27,9088.8,9141.68,-0.00578
2023-09-28,8730.72,9088.8,-0.0394
2023-09-29,8714.61,8730.72,-0.00185
2023-10-02,8725.56,8714.61,0.00126
2023-10-03,8734.04,8725.56,0.00097
2023-10-04,8829.52,8734.04,0.01093
2023-10-05,8880.72,8829.52,0.0058
2023-10-06,9086.76,8880.72,0.0232
2023-10-09,9249.88,9086.76,0.01795
2023-10-10,9283.96,9249.88,0.00368
2023-10-11,9325.85,9283.96,0.00451
2023-10-12,9322.92,9325.85,-0.00031
2023-10-13,9396.56,9322.92,0.0079
2023-10-16,9185.07,9396.56,-0.02251
2023-10-17,9210.49,9185.07,0.00277
2023-10-18,9322.06,9210.49,0.01211
2023-10-19,9460.54,9322.06,0.01486
2023-10-20,9571.34,9460.54,0.01171
2023-10-23,9547.8,9571.34,-0.00246
2023-10-24,9572.96,9547.8,0.00264
2023-10-25,9446.92,9572.96,-0.01317
2023-10-26,9260.14,9446.92,-0.01977
2023-10-27,9280.44,9260.14,0.00219
2023-10-30,9450.61,9280.44,0.01834
2023-10-31,9200.52,9450.61,-0.02646
2023-11-01,9094.14,9200.52,-0.01156
2023-11-02,9208.89,9094.14,0.01262
2023-11-03,9273.68,9208.89,0.00704
2023-11-06,9328.01,9273.68,0.00586
2023-11-07,9361.38,9328.01,0.00358
2023-11-08,9518.81,9361.38,0.01682
2023-11-09,9491.46,9518.81,-0.00287
2023-11-10,9491.12,9491.46,-4e-05
2023-11-13,9438.28,9491.12,-0.00557
2023-11-14,9318.49,9438.28,-0.01269
2023-11-15,9540.36,9318.49,0.02381
2023-11-16,9480.5,9540.36,-0.00627
2023-11-17,9321.44,9480.5,-0.01678
2023-11-20,9392.91,9321.44,0.00767
2023-11-21,9104.55,9392.91,-0.0307
2023-11-22,9126.31,9104.55,0.00239
2023-11-23,8945.11,9126.31,-0.01985
2023-11-24,8938.18,8945.11,-0.00077
2023-11-27,8960.22,8938.18,0.00247
2023-11-28,8806.74,8960.22,-0.01713
2023-11-29,8943.3,8806.74,0.01551
2023-11-30,9025.62,8943.3,0.0092
2023-12-01,9079.07,9025.62,0.00592
2023-12-04,8939.28,9079.07,-0.0154
2023-12-05,9096.09,8939.28,0.01754
2023-12-06,9090.57,9096.09,-0.00061
2023-12-07,9251.37,9090.57,0.01769
2023-12-08,9287.21,9251.37,0.00387
2023-12-11,9442.56,9287.21,0.01673
2023-12-12,9528.46,9442.56,0.0091
2023-12-13,9431.3,9528.46,-0.0102
2023-12-14,9564.96,9431.3,0.01417
2023-12-15,9502.85,9564.96,-0.00649
2023-12-18,9434.7,9502.85,-0.00717
2023-12-19,9324.02,9434.7,-0.01173
2023-12-20,9380.43,9324.02,0.00605
2023-12-21,9421.29,9380.43,0.00436
2023-12-22,9458.82,9421.29,0.00398
2023-12-25,9256.27,9458.82,-0.02141
2023-12-26,9466.78,9256.27,0.02274
2023-12-27,9536.52,9466.78,0.00737
2023-12-28,9583.18,9536.52,0.00489
2023-12-29,9588.44,9583.18,0.00055
2024-01-01,9553.03,9588.44,-0.00369
2024-01-02,9608.8,9553.03,0.00584
2024-01-03,9765.15,9608.8,0.01627
2024-01-04,9628.85,9765.15,-0.01396
2024-01-05,9672.63,9628.85,0.00455
2024-01-08,9654.55,9672.63,-0.00187
2024-01-09,9708.68,9654.55,0.00561
2024-01-10,9573.13,9708.68,-0.01396
2024-01-11,9563.07,9573.13,-0.00105
2024-01-12,9642.57,9563.07,0.00831
2024-01-15,9504.45,9642.57,-0.01432
2024-01-16,9546.14,9504.45,0.00439
2024-01-17,9739.95,9546.14,0.0203
2024-01-18,9738.24,9739.95,-0.00018
2024-01-19,9791.37,9738.24,0.00546
2024-01-22,9673.23,9791.37,-0.01207
2024-01-23,9733.82,9673.23,0.00626
2024-01-24,9679.15,9733.82,-0.00562
2024-01-25,9810.13,9679.15,0.01353
2024-01-26,9463.91,9810.13,-0.03529
2024-01-29,9233.6,9463.91,-0.02434
2024-01-30,9042.52,9233.6,-0.02069
2024-01-31,9150.86,9042.52,0.01198
2024-02-01,9122.08,9150.86,-0.00315
2024-02-02,9142.89,9122.08,0.00228
2024-02-05,9130.84,9142.89,-0.00132
2024-02-06,9243.99,9130.84,0.01239
2024-02-07,9103.01,9243.99,-0.01525
2024-02-08,9030.76,9103.01,-0.00794
2024-02-09,9012.77,9030.76,-0.00199
2024-02-12,9100.2,9012.77,0.0097
2024-02-13,9058.14,9100.2,-0.00462
2024-02-14,9103.2,9058.14,0.00497
2024-02-15,9202.67,9103.2,0.01093
2024-02-16,9233.78,9202.67,0.00338
2024-02-19,9204.11,9233.78,-0.00321
2024-02-20,9252.8,9204.11,0.00529
2024-02-21,9237.34,9252.8,-0.00167
2024-02-22,9108.94,9237.34,-0.0139
2024-02-23,9073.55,9108.94,-0.00389
2024-02-26,8952.17,9073.55,-0.01338
2024-02-27,9071.74,8952.17,0.01336
2024-02-28,9027.27,9071.74,-0.0049
2024-02-29,8834.09,9027.27,-0.0214
2024-03-01,8881.72,8834.09,0.00539
2024-03-04,9057.99,8881.72,0.01985
2024-03-05,8962.49,9057.99,-0.01054
2024-03-06,9038.44,8962.49,0.00847
2024-03-07,8880.95,9038.44,-0.01742
2024-03-08,8844.36,8880.95,-0.00412
2024-03-11,8842.08,8844.36,-0.00026
2024-03-12,8836.45,8842.08,-0.00064
2024-03-13,8908.58,8836.45,0.00816
2024-03-14,8957.02,8908.58,0.00544
2024-03-15,9058.12,8957.02,0.01129
2024-03-18,8772.78,9058.12,-0.0315
2024-03-19,8841.66,8772.78,0.00785
2024-03-20,8783.08,8841.66,-0.00663
2024-03-21,8748.86,8783.08,-0.0039
2024-03-22,8657.17,8748.86,-0.01048
2024-03-25,8720.04,8657.17,0.00726
2024-03-26,8794.5,8720.04,0.00854
2024-03-27,8829.83,8794.5,0.00402
2024-03-28,8867.64,8829.83,0.00428
2024-03-29,8700.29,8867.64,-0.01887
2024-04-01,8767.01,8700.29,0.00767
2024-04-02,8716.88,8767.01,-0.00572
2024-04-03,8791.37,8716.88,0.00855
2024-04-04,8792.65,8791.37,0.00015
2024-04-05,8869.21,8792.65,0.00871
2024-04-08,8859.58,8869.21,-0.00109
2024-04-09,8909.57,8859.58,0.00564
2024-04-10,8870.16,8909.57,-0.00442
2024-04-11,9007.33,8870.16,0.01546
2024-04-12,8927.77,9007.33,-0.00883
2024-04-15,8853.76,8927.77,-0.00829
2024-04-16,8752.81,8853.76,-0.0114
2024-04-17,8807.03,8752.81,0.00619
2024-04-18,8790.85,8807.03,-0.00184
2024-04-19,8776.37,8790.85,-0.00165
2024-04-22,8858.24,8776.37,0.00933
2024-04-23,8877.15,8858.24,0.00213
2024-04-24,8977.87,8877.15,0.01135
2024-04-25,8957.06,8977.87,-0.00232
2024-04-26,9088.5,8957.06,0.01467
2024-04-29,9072.85,9088.5,-0.00172
2024-04-30,9069.11,9072.85,-0.00041
2024-05-01,9197.26,9069.11,0.01413
2024-05-02,9116.56,9197.26,-0.00877
2024-05-03,9154.18,9116.56,0.00413
2024-05-06,9014.82,9154.18,-0.01522
2024-05-07,9016.91,9014.82,0.00023
2024-05-08,8923.35,9016.91,-0.01038
2024-05-09,9046.76,8923.35,0.01383
2024-05-10,9073.3,9046.76,0.00293
2024-05-13,9022.22,9073.3,-0.00563
2024-05-14,9008.55,9022.22,-0.00152
2024-05-15,8944.85,9008.55,-0.00707
2024-05-16,9034.98,8944.85,0.01008
2024-05-17,9012.27,9034.98,-0.00251
2024-05-20,9057.33,9012.27,0.005
2024-05-21,9089.65,9057.33,0.00357
2024-05-22,9134.6,9089.65,0.00495
2024-05-23,9329.67,9134.6,0.02136
2024-05-24,9269.03,9329.67,-0.0065
2024-05-27,9286.81,9269.03,0.00192
2024-05-28,9128.97,9286.81,-0.017
2024-05-29,9150.64,9128.97,0.00237
2024-05-30,9128.39,9150.64,-0.00243
2024-05-31,9265.53,9128.39,0.01502
2024-06-03,9323.39,9265.53,0.00624
2024-06-04,9246.89,9323.39,-0.00821
2024-06-05,9168.82,9246.89,-0.00844
2024-06-06,9279.67,9168.82,0.01209
2024-06-07,9231.34,9279.67,-0.00521
2024-06-10,9174.46,9231.34,-0.00616
2024-06-11,9171.5,9174.46,-0.00032
2024-06-12,9225.01,9171.5,0.00583
2024-06-13,9200.98,9225.01,-0.0026
2024-06-14,9210.84,9200.98,0.00107
2024-06-17,9170.74,9210.84,-0.00435
2024-06-18,9034.05,9170.74,-0.01491
2024-06-19,8880.28,9034.05,-0.01702
2024-06-20,8727.68,8880.28,-0.01718
2024-06-21,8540.11,8727.68,-0.02149
2024-06-24,8557.57,8540.11,0.00204
2024-06-25,8596.27,8557.57,0.00452
2024-06-26,8578.37,8596.27,-0.00208
2024-06-27,8768.9,8578.37,0.02221
2024-06-28,8721.26,8768.9,-0.00543
2024-07-01,8791.38,8721.26,0.00804
2024-07-02,8716.89,8791.38,-0.00847
2024-07-03,8672.53,8716.89,-0.00509
2024-07-04,8711.87,8672.53,0.00454
2024-07-05,8644.5,8711.87,-0.00773
2024-07-08,8510.15,8644.5,-0.01554
2024-07-09,8341.98,8510.15,-0.01976
2024-07-10,8198.61,8341.98,-0.01719
2024-07-11,8276.2,8198.61,0.00946
2024-07-12,8276.73,8276.2,6e-05
2024-07-15,8223.21,8276.73,-0.00647
2024-07-16,8174.09,8223.21,-0.00597
2024-07-17,8051.34,8174.09,-0.01502
2024-07-18,8008.47,8051.34,-0.00532
2024-07-19,7989.21,8008.47,-0.0024
2024-07-22,8045.49,7989.21,0.00704
2024-07-23,8327.14,8045.49,0.03501
2024-07-24,8355.3,8327.14,0.00338
2024-07-25,8295.66,8355.3,-0.00714
2024-07-26,8344.21,8295.66,0.00585
2024-07-29,8379.24,8344.21,0.0042
2024-07-30,8284.46,8379.24,-0.01131
2024-07-31,8248.17,8284.46,-0.00438
2024-08-01,8241.39,8248.17,-0.00082
2024-08-02,8176.98,8241.39,-0.00782
2024-08-05,8168.43,8176.98,-0.00105
2024-08-06,8278.08,8168.43,0.01342
2024-08-07,8382.29,8278.08,0.01259
2024-08-08,8330.81,8382.29,-0.00614
2024-08-09,8322.84,8330.81,-0.00096
2024-08-12,8327.99,8322.84,0.00062
2024-08-13,8309.4,8327.99,-0.00223
2024-08-14,8335.03,8309.4,0.00308
2024-08-15,8201.15,8335.03,-0.01606
2024-08-16,8204.9,8201.15,0.00046
2024-08-19,8121.78,8204.9,-0.01013
2024-08-20,8170.38,8121.78,0.00598
2024-08-21,8126.31,8170.38,-0.00539
2024-08-22,7962.23,8126.31,-0.02019
2024-08-23,7996.84,7962.23,0.00435
2024-08-26,7820.01,7996.84,-0.02211
2024-08-27,7886.02,7820.01,0.00844
2024-08-28,7468.03,7886.02,-0.053
2024-08-29,7539.35,7468.03,0.00955
2024-08-30,7467.44,7539.35,-0.00954
2024-09-02,7684.12,7467.44,0.02902
2024-09-03,7726.08,7684.12,0.00546
2024-09-04,7864.78,7726.08,0.01795
2024-09-05,7939.05,7864.78,0.00944
2024-09-06,7968.31,7939.05,0.00369
2024-09-09,7834.56,7968.31,-0.01679
2024-09-10,7946.28,7834.56,0.01426
2024-09-11,7994.31,7946.28,0.00604
2024-09-12,8001.85,7994.31,0.00094
2024-09-13,8050.38,8001.85,0.00606
2024-09-16,8080.86,8050.38,0.00379
2024-09-17,8148.6,8080.86,0.00838
2024-09-18,8066.21,8148.6,-0.01011
2024-09-19,8121.06,8066.21,0.0068
2024-09-20,8063.79,8121.06,-0.00705
2024-09-23,7972.41,8063.79,-0.01133
2024-09-24,7982.07,7972.41,0.00121
2024-09-25,7860.84,7982.07,-0.01519
2024-09-26,7836.0,7860.84,-0.00316
2024-09-27,7764.13,7836.0,-0.00917
2024-09-30,7735.24,7764.13,-0.00372
2024-10-01,7816.8,7735.24,0.01054
2024-10-02,7840.54,7816.8,0.00304
2024-10-03,7841.73,7840.54,0.00015
2024-10-04,7885.33,7841.73,0.00556
2024-10-07,7823.69,7885.33,-0.00782
2024-10-08,7901.56,7823.69,0.00995
2024-10-09,7961.07,7901.56,0.00753
2024-10-10,8030.93,7961.07,0.00878
2024-10-11,7870.99,8030.93,-0.01992
2024-10-14,7874.62,7870.99,0.00046
2024-10-15,7976.78,7874.62,0.01297
2024-10-16,7999.09,7976.78,0.0028
2024-10-17,8044.16,7999.09,0.00563
2024-10-18,7985.65,8044.16,-0.00727
2024-10-21,7925.54,7985.65,-0.00753
2024-10-22,7878.93,7925.54,-0.00588
2024-10-23,7769.74,7878.93,-0.01386
2024-10-24,7805.53,7769.74,0.00461
2024-10-25,7824.2,7805.53,0.00239
2024-10-28,7788.0,7824.2,-0.00463
2024-10-29,7905.98,7788.0,0.01515
2024-10-30,7770.07,7905.98,-0.01719
2024-10-31,7904.69,7770.07,0.01733
2024-11-01,7964.32,7904.69,0.00754
2024-11-04,7960.08,7964.32,-0.00053
2024-11-05,8017.11,7960.08,0.00716
2024-11-06,8181.79,8017.11,0.02054
2024-11-07,8175.99,8181.79,-0.00071
2024-11-08,8373.57,8175.99,0.02417
2024-11-11,8307.4,8373.57,-0.0079
2024-11-12,8084.97,8307.4,-0.02677
2024-11-13,8021.77,8084.97,-0.00782
2024-11-14,8197.9,8021.77,0.02196
2024-11-15,8318.9,8197.9,0.01476
2024-11-18,8295.01,8318.9,-0.00287
2024-11-19,8158.89,8295.01,-0.01641
2024-11-20,8165.34,8158.89,0.00079
2024-11-21,8177.01,8165.34,0.00143
2024-11-22,8171.41,8177.01,-0.00068
2024-11-25,7969.04,8171.41,-0.02477
2024-11-26,7919.74,7969.04,-0.00619
2024-11-27,7949.93,7919.74,0.00381
2024-11-28,8010.6,7949.93,0.00763
2024-11-29,7908.07,8010.6,-0.0128
2024-12-02,7828.94,7908.07,-0.01001
2024-12-03,7820.85,7828.94,-0.00103
2024-12-04,7904.16,7820.85,0.01065
2024-12-05,8019.33,7904.16,0.01457
2024-12-06,7957.87,8019.33,-0.00766
2024-12-09,7930.22,7957.87,-0.00347
2024-12-10,7981.14,7930.22,0.00642
2024-12-11,8020.03,7981.14,0.00487
2024-12-12,7967.53,8020.03,-0.00655
2024-12-13,7834.91,7967.53,-0.01665
2024-12-16,7787.13,7834.91,-0.0061
2024-12-17,7732.75,7787.13,-0.00698
2024-12-18,7832.77,7732.75,0.01293
2024-12-19,7792.89,7832.77,-0.00509
2024-12-20,7687.84,7792.89,-0.01348
2024-12-23,7749.89,7687.84,0.00807
2024-12-24,7828.02,7749.89,0.01008
2024-12-25,7957.18,7828.02,0.0165
2024-12-26,7966.05,7957.18,0.00111
2024-12-27,7923.37,7966.05,-0.00536
2024-12-30,7901.74,7923.37,-0.00273
2024-12-31,7736.98,7901.74,-0.02085
2025-01-01,7739.14,7736.98,0.00028
2025-01-02,7632.82,7739.14,-0.01374
2025-01-03,7606.91,7632.82,-0.00339
2025-01-06,7578.78,7606.91,-0.0037
2025-01-07,7427.2,7578.78,-0.02
2025-01-08,7477.29,7427.2,0.00674
2025-01-09,7399.62,7477.29,-0.01039
2025-01-10,7426.72,7399.62,0.00366
2025-01-13,7396.68,7426.72,-0.00404
2025-01-14,7453.38,7396.68,0.00767
2025-01-15,7385.11,7453.38,-0.00916
2025-01-16,7501.0,7385.11,0.01569
2025-01-17,7478.68,7501.0,-0.00298
2025-01-20,7559.41,7478.68,0.01079
2025-01-21,7675.26,7559.41,0.01533
2025-01-22,7603.18,7675.26,-0.00939
2025-01-23,7671.8,7603.18,0.00903
2025-01-24,7589.01,7671.8,-0.01079
2025-01-27,7565.38,7589.01,-0.00311
2025-01-28,7593.78,7565.38,0.00375
2025-01-29,7615.45,7593.78,0.00285
2025-01-30,7584.77,7615.45,-0.00403
2025-01-31,7483.57,7584.77,-0.01334
2025-02-03,7484.64,7483.57,0.00014
2025-02-04,7405.41,7484.64,-0.01059
2025-02-05,7506.36,7405.41,0.01363
2025-02-06,7436.35,7506.36,-0.00933
2025-02-07,7407.6,7436.35,-0.00387
2025-02-10,7407.9,7407.6,4e-05
2025-02-11,7220.95,7407.9,-0.02524
2025-02-12,7165.51,7220.95,-0.00768
2025-02-13,7225.37,7165.51,0.00835
2025-02-14,7319.34,7225.37,0.01301
2025-02-17,7347.03,7319.34,0.00378
2025-02-18,7363.67,7347.03,0.00226
2025-02-19,7360.0,7363.67,-0.0005
2025-02-20,7320.17,7360.0,-0.00541
2025-02-21,7434.99,7320.17,0.01569
2025-02-24,7539.96,7434.99,0.01412
2025-02-25,7465.25,7539.96,-0.00991
2025-02-26,7459.86,7465.25,-0.00072
2025-02-27,7535.24,7459.86,0.0101
2025-02-28,7555.51,7535.24,0.00269
2025-03-03,7579.81,7555.51,0.00322
2025-03-04,7646.9,7579.81,0.00885
2025-03-05,7679.0,7646.9,0.0042
2025-03-06,7604.27,7679.0,-0.00973
2025-03-07,7652.04,7604.27,0.00628
2025-03-10,7653.1,7652.04,0.00014
2025-03-11,7671.4,7653.1,0.00239
2025-03-12,7661.42,7671.4,-0.0013
2025-03-13,7646.4,7661.42,-0.00196
2025-03-14,7549.2,7646.4,-0.01271
2025-03-17,7473.17,7549.2,-0.01007
2025-03-18,7414.43,7473.17,-0.00786
2025-03-19,7579.44,7414.43,0.02226
2025-03-20,7633.03,7579.44,0.00707
2025-03-21,7610.34,7633.03,-0.00297
2025-03-24,7685.66,7610.34,0.0099
2025-03-25,7759.12,7685.66,0.00956
2025-03-26,7745.22,7759.12,-0.00179
2025-03-27,7820.61,7745.22,0.00973
2025-03-28,7788.51,7820.61,-0.0041
2025-03-31,7647.05,7788.51,-0.01816
2025-04-01,7629.87,7647.05,-0.00225
2025-04-02,7688.92,7629.87,0.00774
2025-04-03,7845.22,7688.92,0.02033
2025-04-04,7694.57,7845.22,-0.0192
2025-04-07,7540.05,7694.57,-0.02008
2025-04-08,7423.19,7540.05,-0.0155
2025-04-09,7379.73,7423.19,-0.00585
2025-04-10,7447.75,7379.73,0.00922
2025-04-11,7613.28,7447.75,0.02223
2025-04-14,7732.92,7613.28,0.01571
2025-04-15,7591.16,7732.92,-0.01833
2025-04-16,7505.82,7591.16,-0.01124
2025-04-17,7583.08,7505.82,0.01029
2025-04-18,7569.98,7583.08,-0.00173
2025-04-21,7586.09,7569.98,0.00213
2025-04-22,7536.97,7586.09,-0.00648
2025-04-23,7645.72,7536.97,0.01443
2025-04-24,7577.83,7645.72,-0.00888
2025-04-25,7560.49,7577.83,-0.00229
2025-04-28,7487.8,7560.49,-0.00961
2025-04-29,7587.77,7487.8,0.01335
2025-04-30,7535.97,7587.77,-0.00683
2025-05-01,7585.58,7535.97,0.00658
2025-05-02,7690.7,7585.58,0.01386
2025-05-05,7708.79,7690.7,0.00235
2025-05-06,7565.56,7708.79,-0.01858
2025-05-07,7681.78,7565.56,0.01536
2025-05-08,7729.92,7681.78,0.00627
2025-05-09,7838.28,7729.92,0.01402
2025-05-12,7790.64,7838.28,-0.00608
2025-05-13,7827.6,7790.64,0.00474
2025-05-14,8035.99,7827.6,0.02662
2025-05-15,7821.35,8035.99,-0.02671
2025-05-16,7884.84,7821.35,0.00812
2025-05-19,7883.25,7884.84,-0.0002
2025-05-20,8087.8,7883.25,0.02595
2025-05-21,8227.28,8087.8,0.01725
2025-05-22,8136.75,8227.28,-0.011
2025-05-23,8131.15,8136.75,-0.00069
2025-05-26,8074.57,8131.15,-0.00696
2025-05-27,7978.39,8074.57,-0.01191
2025-05-28,7845.35,7978.39,-0.01668
2025-05-29,7785.4,7845.35,-0.00764
2025-05-30,7863.15,7785.4,0.00999
2025-06-02,7737.67,7863.15,-0.01596
2025-06-03,7838.13,7737.67,0.01298
2025-06-04,7638.95,7838.13,-0.02541
2025-06-05,7542.17,7638.95,-0.01267
2025-06-06,7651.53,7542.17,0.0145
2025-06-09,7729.0,7651.53,0.01012
2025-06-10,7567.94,7729.0,-0.02084
2025-06-11,7541.65,7567.94,-0.00347
2025-06-12,7547.04,7541.65,0.00071
2025-06-13,7780.59,7547.04,0.03095
2025-06-16,7991.05,7780.59,0.02705
2025-06-17,8076.51,7991.05,0.01069
2025-06-18,8141.85,8076.51,0.00809
2025-06-19,8095.57,8141.85,-0.00568
2025-06-20,8020.32,8095.57,-0.0093
2025-06-23,7958.98,8020.32,-0.00765
2025-06-24,7811.0,7958.98,-0.01859
2025-06-25,7844.13,7811.0,0.00424
2025-06-26,7670.42,7844.13,-0.02215
2025-06-27,7612.42,7670.42,-0.00756
2025-06-30,7472.29,7612.42,-0.01841
2025-07-01,7479.58,7472.29,0.00098
2025-07-02,7519.86,7479.58,0.00539
2025-07-03,7450.23,7519.86,-0.00926
2025-07-04,7395.28,7450.23,-0.00738
2025-07-07,7424.24,7395.28,0.00392
2025-07-08,7341.12,7424.24,-0.0112
2025-07-09,7262.62,7341.12,-0.01069
2025-07-10,7281.25,7262.62,0.00257
2025-07-11,7299.35,7281.25,0.00249
2025-07-14,7291.77,7299.35,-0.00104
2025-07-15,7334.12,7291.77,0.00581
2025-07-16,7303.48,7334.12,-0.00418
2025-07-17,7346.6,7303.48,0.0059
2025-07-18,7465.04,7346.6,0.01612
2025-07-21,7434.5,7465.04,-0.00409
2025-07-22,7529.79,7434.5,0.01282
2025-07-23,7646.69,7529.79,0.01553
2025-07-24,7535.15,7646.69,-0.01459
2025-07-25,7617.97,7535.15,0.01099
2025-07-28,7563.29,7617.97,-0.00718
2025-07-29,7680.2,7563.29,0.01546
2025-07-30,7759.68,7680.2,0.01035
2025-07-31,7718.05,7759.68,-0.00536
2025-08-01,7641.61,7718.05,-0.0099
2025-08-04,7607.34,7641.61,-0.00448
2025-08-05,7697.62,7607.34,0.01187
2025-08-06,7741.01,7697.62,0.00564
2025-08-07,7829.22,7741.01,0.0114
2025-08-08,7847.22,7829.22,0.0023
2025-08-11,7788.02,7847.22,-0.00754
2025-08-12,7779.88,7788.02,-0.00105
2025-08-13,7811.26,7779.88,0.00403
2025-08-14,7915.17,7811.26,0.0133
2025-08-15,8008.86,7915.17,0.01184
2025-08-18,7904.92,8008.86,-0.01298
2025-08-19,7939.64,7904.92,0.00439
2025-08-20,7733.85,7939.64,-0.02592
2025-08-21,7721.9,7733.85,-0.00155
2025-08-22,7721.03,7721.9,-0.00011
2025-08-25,7663.16,7721.03,-0.0075
2025-08-26,7715.51,7663.16,0.00683
2025-08-27,7617.16,7715.51,-0.01275
2025-08-28,7585.47,7617.16,-0.00416
2025-08-29,7594.2,7585.47,0.00115
2025-09-01,7673.37,7594.2,0.01043
2025-09-02,7679.79,7673.37,0.00084
2025-09-03,7830.39,7679.79,0.01961
2025-09-04,7668.22,7830.39,-0.02071
2025-09-05,7682.87,7668.22,0.00191
2025-09-08,7789.24,7682.87,0.01385
2025-09-09,7887.55,7789.24,0.01262
2025-09-10,7904.88,7887.55,0.0022
2025-09-11,7937.02,7904.88,0.00407
2025-09-12,7946.84,7937.02,0.00124
2025-09-15,7948.29,7946.84,0.00018
2025-09-16,8008.31,7948.29,0.00755
2025-09-17,8114.36,8008.31,0.01324
2025-09-18,8026.5,8114.36,-0.01083
2025-09-19,8119.27,8026.5,0.01156
2025-09-22,8025.04,8119.27,-0.01161
2025-09-23,8221.64,8025.04,0.0245
2025-09-24,8263.1,8221.64,0.00504
2025-09-25,8065.44,8263.1,-0.02392
2025-09-26,8023.92,8065.44,-0.00515
2025-09-29,7984.28,8023.92,-0.00494
2025-09-30,7980.94,7984.28,-0.00042
2025-10-01,8048.76,7980.94,0.0085
2025-10-02,8091.91,8048.76,0.00536
2025-10-03,8289.8,8091.91,0.02446
2025-10-06,8327.34,8289.8,0.00453
2025-10-07,8313.6,8327.34,-0.00165
2025-10-08,8215.38,8313.6,-0.01181
2025-10-09,8165.42,8215.38,-0.00608
2025-10-10,8190.1,8165.42,0.00302
2025-10-13,8211.54,8190.1,0.00262
2025-10-14,8262.83,8211.54,0.00625
2025-10-15,8329.58,8262.83,0.00808
2025-10-16,8251.3,8329.58,-0.0094
2025-10-17,8273.78,8251.3,0.00272
2025-10-20,8241.6,8273.78,-0.00389
2025-10-21,8295.24,8241.6,0.00651
2025-10-22,8507.25,8295.24,0.02556
2025-10-23,8453.74,8507.25,-0.00629
2025-10-24,8621.46,8453.74,0.01984
2025-10-27,8608.19,8621.46,-0.00154
2025-10-28,8592.58,8608.19,-0.00181
2025-10-29,8750.6,8592.58,0.01839
2025-10-30,8565.63,8750.6,-0.02114
2025-10-31,8795.74,8565.63,0.02686
2025-11-03,8837.18,8795.74,0.00471
2025-11-04,8680.87,8837.18,-0.01769
2025-11-05,8707.29,8680.87,0.00304
2025-11-06,8645.42,8707.29,-0.00711
2025-11-07,8473.22,8645.42,-0.01992
2025-11-10,8530.45,8473.22,0.00675
2025-11-11,8375.43,8530.45,-0.01817
2025-11-12,8072.4,8375.43,-0.03618
2025-11-13,8255.65,8072.4,0.0227
2025-11-14,8224.82,8255.65,-0.00373
2025-11-17,8247.15,8224.82,0.00271
2025-11-18,8373.46,8247.15,0.01532
2025-11-19,8367.16,8373.46,-0.00075
2025-11-20,8336.56,8367.16,-0.00366
2025-11-21,8274.77,8336.56,-0.00741
2025-11-24,8405.63,8274.77,0.01581
2025-11-25,8441.55,8405.63,0.00427
2025-11-26,8527.1,8441.55,0.01013
2025-11-27,8413.87,8527.1,-0.01328
2025-11-28,8383.96,8413.87,-0.00355
2025-12-01,8507.61,8383.96,0.01475
2025-12-02,8573.57,8507.61,0.00775
2025-12-03,8587.79,8573.57,0.00166
2025-12-04,8568.82,8587.79,-0.00221
2025-12-05,8542.66,8568.82,-0.00305
2025-12-08,8642.24,8542.66,0.01166
2025-12-09,8537.71,8642.24,-0.0121
2025-12-10,8509.0,8537.71,-0.00336
2025-12-11,8509.58,8509.0,7e-05
2025-12-12,8567.25,8509.58,0.00678
2025-12-15,8675.73,8567.25,0.01266
2025-12-16,8757.19,8675.73,0.00939
2025-12-17,8916.83,8757.19,0.01823
2025-12-18,8921.87,8916.83,0.00057
2025-12-19,8807.08,8921.87,-0.01287
2025-12-22,8950.05,8807.08,0.01623
2025-12-23,8904.59,8950.05,-0.00508
2025-12-24,8915.14,8904.59,0.00118
2025-12-25,8881.29,8915.14,-0.0038
2025-12-26,9009.65,8881.29,0.01445
2025-12-29,9013.67,9009.65,0.00045
2025-12-30,8983.35,9013.67,-0.00336
2025-12-31,9007.52,8983.35,0.00269
2026-01-01,9155.06,9007.52,0.01638
